# MagicaVoxel @ Ephtracy

# group
o 

# material
mtllib house.mtl
usemtl palette

# normals
vn -1 0 0
vn 1 0 0
vn 0 0 1
vn 0 0 -1
vn 0 -1 0
vn 0 1 0

# texcoords
vt 0.189453 0.5
vt 0.205078 0.5
vt 0.212891 0.5
vt 0.236328 0.5
vt 0.240234 0.5
vt 0.244141 0.5
vt 0.248047 0.5
vt 0.267578 0.5
vt 0.279297 0.5
vt 0.779297 0.5
vt 0.806641 0.5
vt 0.810547 0.5
vt 0.814453 0.5
vt 0.818359 0.5
vt 0.955078 0.5
vt 0.990234 0.5
vt 0.994141 0.5

# verts
v 0.3 2.1 -0.4
v 0.3 2.1 -0.5
v 0.3 2.1 -0.6
v 0.3 2.1 -3.4
v 0.3 2.1 -3.5
v 0.3 2.1 -3.6
v 0.3 2.2 -0.4
v 0.3 2.2 -0.5
v 0.3 2.2 -0.6
v 0.3 2.2 -3.4
v 0.3 2.2 -3.5
v 0.3 2.2 -3.6
v 0.3 2.3 -0.4
v 0.3 2.3 -0.5
v 0.3 2.3 -0.6
v 0.3 2.3 -3.4
v 0.3 2.3 -3.5
v 0.3 2.3 -3.6
v 0.3 2.4 -0.4
v 0.3 2.4 -0.5
v 0.3 2.4 -0.6
v 0.3 2.4 -3.4
v 0.3 2.4 -3.5
v 0.3 2.4 -3.6
v 0.3 2.5 -0.4
v 0.3 2.5 -0.5
v 0.3 2.5 -0.6
v 0.3 2.5 -3.4
v 0.3 2.5 -3.5
v 0.3 2.5 -3.6
v 0.3 2.6 -0.4
v 0.3 2.6 -0.5
v 0.3 2.6 -0.6
v 0.3 2.6 -3.4
v 0.3 2.6 -3.5
v 0.3 2.6 -3.6
v 0.3 2.7 -0.4
v 0.3 2.7 -0.5
v 0.3 2.7 -0.6
v 0.3 2.7 -3.4
v 0.3 2.7 -3.5
v 0.3 2.7 -3.6
v 0.3 2.8 -0.4
v 0.3 2.8 -0.5
v 0.3 2.8 -0.6
v 0.3 2.8 -3.4
v 0.3 2.8 -3.5
v 0.3 2.8 -3.6
v 0.3 2.9 -0.4
v 0.3 2.9 -0.5
v 0.3 2.9 -0.6
v 0.3 2.9 -3.4
v 0.3 2.9 -3.5
v 0.3 2.9 -3.6
v 0.3 3 -0.4
v 0.3 3 -0.5
v 0.3 3 -0.6
v 0.3 3 -3.4
v 0.3 3 -3.5
v 0.3 3 -3.6
v 0.3 3.1 -0.4
v 0.3 3.1 -0.5
v 0.3 3.1 -0.6
v 0.3 3.1 -3.4
v 0.3 3.1 -3.5
v 0.3 3.1 -3.6
v 0.3 3.2 -0.4
v 0.3 3.2 -0.5
v 0.3 3.2 -0.6
v 0.3 3.2 -3.4
v 0.3 3.2 -3.5
v 0.3 3.2 -3.6
v 0.3 3.3 -0.4
v 0.3 3.3 -0.5
v 0.3 3.3 -0.6
v 0.3 3.3 -3.4
v 0.3 3.3 -3.5
v 0.3 3.3 -3.6
v 0.3 3.4 -0.4
v 0.3 3.4 -0.5
v 0.3 3.4 -0.6
v 0.3 3.4 -3.4
v 0.3 3.4 -3.5
v 0.3 3.4 -3.6
v 0.3 3.5 -0.4
v 0.3 3.5 -0.5
v 0.3 3.5 -0.6
v 0.3 3.5 -3.4
v 0.3 3.5 -3.5
v 0.3 3.5 -3.6
v 0.3 3.6 -0.4
v 0.3 3.6 -0.5
v 0.3 3.6 -0.6
v 0.3 3.6 -3.4
v 0.3 3.6 -3.5
v 0.3 3.6 -3.6
v 0.3 3.7 -0.4
v 0.3 3.7 -0.5
v 0.3 3.7 -0.6
v 0.3 3.7 -3.4
v 0.3 3.7 -3.5
v 0.3 3.7 -3.6
v 0.3 3.8 -0.4
v 0.3 3.8 -0.5
v 0.3 3.8 -0.6
v 0.3 3.8 -0.7
v 0.3 3.8 -0.8
v 0.3 3.8 -0.9
v 0.3 3.8 -1
v 0.3 3.8 -1.1
v 0.3 3.8 -1.4
v 0.3 3.8 -1.5
v 0.3 3.8 -1.6
v 0.3 3.8 -1.8
v 0.3 3.8 -2
v 0.3 3.8 -2.1
v 0.3 3.8 -2.2
v 0.3 3.8 -2.3
v 0.3 3.8 -2.4
v 0.3 3.8 -2.6
v 0.3 3.8 -2.7
v 0.3 3.8 -3
v 0.3 3.8 -3.2
v 0.3 3.8 -3.3
v 0.3 3.8 -3.4
v 0.3 3.8 -3.5
v 0.3 3.8 -3.6
v 0.3 3.9 -0.6
v 0.3 3.9 -0.7
v 0.3 3.9 -0.8
v 0.3 3.9 -0.9
v 0.3 3.9 -1
v 0.3 3.9 -1.1
v 0.3 3.9 -1.4
v 0.3 3.9 -1.5
v 0.3 3.9 -1.6
v 0.3 3.9 -1.8
v 0.3 3.9 -2
v 0.3 3.9 -2.1
v 0.3 3.9 -2.2
v 0.3 3.9 -2.3
v 0.3 3.9 -2.4
v 0.3 3.9 -2.6
v 0.3 3.9 -2.7
v 0.3 3.9 -3
v 0.3 3.9 -3.2
v 0.3 3.9 -3.3
v 0.3 3.9 -3.4
v 0.4 2.1 -0.3
v 0.4 2.1 -0.4
v 0.4 2.1 -0.6
v 0.4 2.1 -0.8
v 0.4 2.1 -1
v 0.4 2.1 -1.1
v 0.4 2.1 -1.2
v 0.4 2.1 -1.4
v 0.4 2.1 -1.6
v 0.4 2.1 -1.7
v 0.4 2.1 -2.2
v 0.4 2.1 -2.3
v 0.4 2.1 -2.4
v 0.4 2.1 -2.5
v 0.4 2.1 -2.6
v 0.4 2.1 -2.8
v 0.4 2.1 -2.9
v 0.4 2.1 -3
v 0.4 2.1 -3.1
v 0.4 2.1 -3.2
v 0.4 2.1 -3.3
v 0.4 2.1 -3.4
v 0.4 2.1 -3.6
v 0.4 2.1 -3.7
v 0.4 2.2 -0.3
v 0.4 2.2 -0.4
v 0.4 2.2 -0.6
v 0.4 2.2 -0.8
v 0.4 2.2 -0.9
v 0.4 2.2 -1
v 0.4 2.2 -1.1
v 0.4 2.2 -1.2
v 0.4 2.2 -1.3
v 0.4 2.2 -1.4
v 0.4 2.2 -1.6
v 0.4 2.2 -2.3
v 0.4 2.2 -2.4
v 0.4 2.2 -2.5
v 0.4 2.2 -2.6
v 0.4 2.2 -2.8
v 0.4 2.2 -2.9
v 0.4 2.2 -3
v 0.4 2.2 -3.1
v 0.4 2.2 -3.2
v 0.4 2.2 -3.3
v 0.4 2.2 -3.4
v 0.4 2.2 -3.6
v 0.4 2.2 -3.7
v 0.4 2.3 -0.3
v 0.4 2.3 -0.4
v 0.4 2.3 -0.6
v 0.4 2.3 -0.9
v 0.4 2.3 -1
v 0.4 2.3 -1.1
v 0.4 2.3 -1.3
v 0.4 2.3 -1.4
v 0.4 2.3 -1.7
v 0.4 2.3 -2.2
v 0.4 2.3 -2.4
v 0.4 2.3 -2.5
v 0.4 2.3 -2.8
v 0.4 2.3 -2.9
v 0.4 2.3 -3.2
v 0.4 2.3 -3.3
v 0.4 2.3 -3.4
v 0.4 2.3 -3.6
v 0.4 2.3 -3.7
v 0.4 2.4 -0.3
v 0.4 2.4 -0.4
v 0.4 2.4 -0.6
v 0.4 2.4 -0.7
v 0.4 2.4 -0.8
v 0.4 2.4 -1.1
v 0.4 2.4 -1.5
v 0.4 2.4 -1.6
v 0.4 2.4 -1.7
v 0.4 2.4 -1.8
v 0.4 2.4 -1.9
v 0.4 2.4 -2.2
v 0.4 2.4 -3
v 0.4 2.4 -3.3
v 0.4 2.4 -3.4
v 0.4 2.4 -3.6
v 0.4 2.4 -3.7
v 0.4 2.5 -0.3
v 0.4 2.5 -0.4
v 0.4 2.5 -0.6
v 0.4 2.5 -0.7
v 0.4 2.5 -0.8
v 0.4 2.5 -0.9
v 0.4 2.5 -1.1
v 0.4 2.5 -1.5
v 0.4 2.5 -1.6
v 0.4 2.5 -1.7
v 0.4 2.5 -1.8
v 0.4 2.5 -1.9
v 0.4 2.5 -2.3
v 0.4 2.5 -2.6
v 0.4 2.5 -2.7
v 0.4 2.5 -3
v 0.4 2.5 -3.3
v 0.4 2.5 -3.4
v 0.4 2.5 -3.6
v 0.4 2.5 -3.7
v 0.4 2.6 -0.3
v 0.4 2.6 -0.4
v 0.4 2.6 -0.6
v 0.4 2.6 -0.9
v 0.4 2.6 -1.5
v 0.4 2.6 -1.6
v 0.4 2.6 -1.7
v 0.4 2.6 -2.2
v 0.4 2.6 -2.3
v 0.4 2.6 -2.6
v 0.4 2.6 -2.7
v 0.4 2.6 -3
v 0.4 2.6 -3.3
v 0.4 2.6 -3.4
v 0.4 2.6 -3.6
v 0.4 2.6 -3.7
v 0.4 2.7 -0.3
v 0.4 2.7 -0.4
v 0.4 2.7 -0.6
v 0.4 2.7 -0.7
v 0.4 2.7 -0.9
v 0.4 2.7 -1.1
v 0.4 2.7 -1.2
v 0.4 2.7 -1.5
v 0.4 2.7 -1.6
v 0.4 2.7 -1.7
v 0.4 2.7 -2.2
v 0.4 2.7 -2.3
v 0.4 2.7 -2.4
v 0.4 2.7 -2.5
v 0.4 2.7 -2.9
v 0.4 2.7 -3.3
v 0.4 2.7 -3.4
v 0.4 2.7 -3.6
v 0.4 2.7 -3.7
v 0.4 2.8 -0.3
v 0.4 2.8 -0.4
v 0.4 2.8 -0.6
v 0.4 2.8 -0.7
v 0.4 2.8 -0.9
v 0.4 2.8 -1.1
v 0.4 2.8 -1.2
v 0.4 2.8 -1.5
v 0.4 2.8 -1.6
v 0.4 2.8 -1.7
v 0.4 2.8 -2.2
v 0.4 2.8 -2.3
v 0.4 2.8 -2.4
v 0.4 2.8 -2.5
v 0.4 2.8 -2.8
v 0.4 2.8 -2.9
v 0.4 2.8 -3.1
v 0.4 2.8 -3.2
v 0.4 2.8 -3.3
v 0.4 2.8 -3.4
v 0.4 2.8 -3.6
v 0.4 2.8 -3.7
v 0.4 2.9 -0.3
v 0.4 2.9 -0.4
v 0.4 2.9 -0.6
v 0.4 2.9 -1.2
v 0.4 2.9 -1.5
v 0.4 2.9 -1.6
v 0.4 2.9 -1.7
v 0.4 2.9 -2.2
v 0.4 2.9 -2.3
v 0.4 2.9 -2.4
v 0.4 2.9 -2.5
v 0.4 2.9 -2.8
v 0.4 2.9 -3.1
v 0.4 2.9 -3.2
v 0.4 2.9 -3.4
v 0.4 2.9 -3.6
v 0.4 2.9 -3.7
v 0.4 3 -0.3
v 0.4 3 -0.4
v 0.4 3 -0.6
v 0.4 3 -0.7
v 0.4 3 -1.2
v 0.4 3 -1.3
v 0.4 3 -1.6
v 0.4 3 -1.8
v 0.4 3 -1.9
v 0.4 3 -2
v 0.4 3 -2.1
v 0.4 3 -2.2
v 0.4 3 -2.5
v 0.4 3 -3
v 0.4 3 -3.4
v 0.4 3 -3.6
v 0.4 3 -3.7
v 0.4 3.1 -0.3
v 0.4 3.1 -0.4
v 0.4 3.1 -0.6
v 0.4 3.1 -0.7
v 0.4 3.1 -1.2
v 0.4 3.1 -1.3
v 0.4 3.1 -1.6
v 0.4 3.1 -1.8
v 0.4 3.1 -1.9
v 0.4 3.1 -2
v 0.4 3.1 -2.1
v 0.4 3.1 -2.2
v 0.4 3.1 -2.4
v 0.4 3.1 -2.5
v 0.4 3.1 -2.7
v 0.4 3.1 -3
v 0.4 3.1 -3.2
v 0.4 3.1 -3.4
v 0.4 3.1 -3.6
v 0.4 3.1 -3.7
v 0.4 3.2 -0.3
v 0.4 3.2 -0.4
v 0.4 3.2 -0.6
v 0.4 3.2 -1.6
v 0.4 3.2 -1.9
v 0.4 3.2 -2
v 0.4 3.2 -2.2
v 0.4 3.2 -2.4
v 0.4 3.2 -2.5
v 0.4 3.2 -2.7
v 0.4 3.2 -3
v 0.4 3.2 -3.2
v 0.4 3.2 -3.4
v 0.4 3.2 -3.6
v 0.4 3.2 -3.7
v 0.4 3.3 -0.3
v 0.4 3.3 -0.4
v 0.4 3.3 -0.6
v 0.4 3.3 -0.8
v 0.4 3.3 -1.1
v 0.4 3.3 -1.8
v 0.4 3.3 -2
v 0.4 3.3 -2.3
v 0.4 3.3 -2.6
v 0.4 3.3 -2.7
v 0.4 3.3 -2.8
v 0.4 3.3 -3.2
v 0.4 3.3 -3.3
v 0.4 3.3 -3.4
v 0.4 3.3 -3.6
v 0.4 3.3 -3.7
v 0.4 3.4 -0.3
v 0.4 3.4 -0.4
v 0.4 3.4 -0.6
v 0.4 3.4 -0.8
v 0.4 3.4 -1.1
v 0.4 3.4 -1.3
v 0.4 3.4 -1.7
v 0.4 3.4 -1.8
v 0.4 3.4 -2
v 0.4 3.4 -2.1
v 0.4 3.4 -2.3
v 0.4 3.4 -2.6
v 0.4 3.4 -2.7
v 0.4 3.4 -2.8
v 0.4 3.4 -2.9
v 0.4 3.4 -3.1
v 0.4 3.4 -3.2
v 0.4 3.4 -3.3
v 0.4 3.4 -3.4
v 0.4 3.4 -3.6
v 0.4 3.4 -3.7
v 0.4 3.5 -0.3
v 0.4 3.5 -0.4
v 0.4 3.5 -0.6
v 0.4 3.5 -1.3
v 0.4 3.5 -1.7
v 0.4 3.5 -2.1
v 0.4 3.5 -2.3
v 0.4 3.5 -2.9
v 0.4 3.5 -3.1
v 0.4 3.5 -3.3
v 0.4 3.5 -3.4
v 0.4 3.5 -3.6
v 0.4 3.5 -3.7
v 0.4 3.6 -0.3
v 0.4 3.6 -0.4
v 0.4 3.6 -0.6
v 0.4 3.6 -0.8
v 0.4 3.6 -1.3
v 0.4 3.6 -1.5
v 0.4 3.6 -1.7
v 0.4 3.6 -2.3
v 0.4 3.6 -2.7
v 0.4 3.6 -3
v 0.4 3.6 -3.3
v 0.4 3.6 -3.4
v 0.4 3.6 -3.6
v 0.4 3.6 -3.7
v 0.4 3.7 -0.3
v 0.4 3.7 -0.4
v 0.4 3.7 -0.6
v 0.4 3.7 -0.8
v 0.4 3.7 -0.9
v 0.4 3.7 -1.1
v 0.4 3.7 -1.3
v 0.4 3.7 -1.5
v 0.4 3.7 -1.7
v 0.4 3.7 -1.9
v 0.4 3.7 -2.3
v 0.4 3.7 -2.7
v 0.4 3.7 -2.8
v 0.4 3.7 -2.9
v 0.4 3.7 -3
v 0.4 3.7 -3.1
v 0.4 3.7 -3.2
v 0.4 3.7 -3.3
v 0.4 3.7 -3.4
v 0.4 3.7 -3.6
v 0.4 3.7 -3.7
v 0.4 3.8 -0.3
v 0.4 3.8 -0.4
v 0.4 3.8 -0.5
v 0.4 3.8 -0.6
v 0.4 3.8 -0.7
v 0.4 3.8 -0.8
v 0.4 3.8 -0.9
v 0.4 3.8 -1
v 0.4 3.8 -1.1
v 0.4 3.8 -1.3
v 0.4 3.8 -1.4
v 0.4 3.8 -1.5
v 0.4 3.8 -1.6
v 0.4 3.8 -1.7
v 0.4 3.8 -1.8
v 0.4 3.8 -1.9
v 0.4 3.8 -2
v 0.4 3.8 -2.1
v 0.4 3.8 -2.2
v 0.4 3.8 -2.3
v 0.4 3.8 -2.4
v 0.4 3.8 -2.6
v 0.4 3.8 -2.7
v 0.4 3.8 -2.8
v 0.4 3.8 -2.9
v 0.4 3.8 -3
v 0.4 3.8 -3.1
v 0.4 3.8 -3.2
v 0.4 3.8 -3.3
v 0.4 3.8 -3.4
v 0.4 3.8 -3.5
v 0.4 3.8 -3.6
v 0.4 3.8 -3.7
v 0.4 3.9 -0.4
v 0.4 3.9 -0.5
v 0.4 3.9 -0.6
v 0.4 3.9 -0.7
v 0.4 3.9 -3.3
v 0.4 3.9 -3.4
v 0.4 3.9 -3.5
v 0.4 3.9 -3.6
v 0.4 4 -0.6
v 0.4 4 -0.7
v 0.4 4 -3.3
v 0.4 4 -3.4
v 0.4 4.1 -3.3
v 0.4 4.1 -3.4
v 0.4 4.2 -0.6
v 0.4 4.2 -0.7
v 0.4 4.2 -0.8
v 0.4 4.2 -3.2
v 0.4 4.2 -3.3
v 0.4 4.2 -3.4
v 0.4 4.4 -3.2
v 0.4 4.4 -3.3
v 0.4 4.5 -0.7
v 0.4 4.5 -0.8
v 0.4 4.5 -0.9
v 0.4 4.5 -3.1
v 0.4 4.5 -3.2
v 0.4 4.5 -3.3
v 0.4 4.6 -0.8
v 0.4 4.6 -0.9
v 0.4 4.6 -1
v 0.4 4.6 -3
v 0.4 4.6 -3.1
v 0.4 4.6 -3.2
v 0.4 4.7 -0.9
v 0.4 4.7 -1
v 0.4 4.7 -1.1
v 0.4 4.7 -2.9
v 0.4 4.7 -3
v 0.4 4.7 -3.1
v 0.4 4.8 -1
v 0.4 4.8 -1.1
v 0.4 4.9 -1
v 0.4 4.9 -1.1
v 0.4 4.9 -1.2
v 0.4 4.9 -2.8
v 0.4 4.9 -2.9
v 0.4 4.9 -3
v 0.4 5 -1.1
v 0.4 5 -1.2
v 0.4 5 -1.3
v 0.4 5 -2.7
v 0.4 5 -2.8
v 0.4 5 -2.9
v 0.4 5.1 -1.2
v 0.4 5.1 -1.3
v 0.4 5.1 -1.5
v 0.4 5.1 -2.5
v 0.4 5.1 -2.6
v 0.4 5.1 -2.7
v 0.4 5.1 -2.8
v 0.4 5.2 -1.3
v 0.4 5.2 -1.5
v 0.4 5.2 -1.6
v 0.4 5.2 -1.7
v 0.4 5.2 -2.3
v 0.4 5.2 -2.4
v 0.4 5.2 -2.5
v 0.4 5.2 -2.6
v 0.4 5.2 -2.7
v 0.4 5.3 -1.5
v 0.4 5.3 -1.6
v 0.4 5.3 -1.7
v 0.4 5.3 -1.9
v 0.4 5.3 -2.1
v 0.4 5.3 -2.3
v 0.4 5.3 -2.4
v 0.4 5.3 -2.5
v 0.4 5.4 -1.7
v 0.4 5.4 -1.9
v 0.4 5.4 -2
v 0.4 5.4 -2.1
v 0.4 5.4 -2.3
v 0.4 5.5 -1.9
v 0.4 5.5 -2
v 0.4 5.5 -2.1
v 0.5 2 -0.5
v 0.5 2 -0.6
v 0.5 2 -0.7
v 0.5 2 -0.8
v 0.5 2 -0.9
v 0.5 2 -1.2
v 0.5 2 -1.3
v 0.5 2 -1.4
v 0.5 2 -1.5
v 0.5 2 -1.6
v 0.5 2 -1.7
v 0.5 2 -1.8
v 0.5 2 -1.9
v 0.5 2 -2.1
v 0.5 2 -2.2
v 0.5 2 -2.3
v 0.5 2 -2.4
v 0.5 2 -2.6
v 0.5 2 -3.1
v 0.5 2 -3.2
v 0.5 2 -3.3
v 0.5 2 -3.4
v 0.5 2 -3.5
v 0.5 2.1 -0.5
v 0.5 2.1 -0.6
v 0.5 2.1 -0.7
v 0.5 2.1 -0.8
v 0.5 2.1 -0.9
v 0.5 2.1 -1
v 0.5 2.1 -1.1
v 0.5 2.1 -1.2
v 0.5 2.1 -1.3
v 0.5 2.1 -1.4
v 0.5 2.1 -1.5
v 0.5 2.1 -1.6
v 0.5 2.1 -1.7
v 0.5 2.1 -1.8
v 0.5 2.1 -1.9
v 0.5 2.1 -2.1
v 0.5 2.1 -2.2
v 0.5 2.1 -2.3
v 0.5 2.1 -2.4
v 0.5 2.1 -2.5
v 0.5 2.1 -2.6
v 0.5 2.1 -2.8
v 0.5 2.1 -2.9
v 0.5 2.1 -3
v 0.5 2.1 -3.1
v 0.5 2.1 -3.2
v 0.5 2.1 -3.3
v 0.5 2.1 -3.4
v 0.5 2.1 -3.5
v 0.5 2.2 -1.8
v 0.5 2.2 -1.9
v 0.5 2.2 -2.1
v 0.5 2.2 -2.2
v 0.5 2.3 -0.5
v 0.5 2.3 -0.8
v 0.5 2.3 -1.1
v 0.5 2.3 -1.3
v 0.5 2.3 -1.4
v 0.5 2.3 -1.7
v 0.5 2.3 -1.8
v 0.5 2.3 -1.9
v 0.5 2.3 -2
v 0.5 2.3 -2.1
v 0.5 2.3 -2.2
v 0.5 2.3 -2.4
v 0.5 2.3 -2.5
v 0.5 2.3 -2.8
v 0.5 2.3 -2.9
v 0.5 2.3 -3.2
v 0.5 2.3 -3.3
v 0.5 2.3 -3.4
v 0.5 2.3 -3.5
v 0.5 2.4 -0.5
v 0.5 2.4 -0.7
v 0.5 2.4 -0.8
v 0.5 2.4 -1.1
v 0.5 2.4 -1.5
v 0.5 2.4 -1.6
v 0.5 2.4 -1.7
v 0.5 2.4 -1.8
v 0.5 2.4 -1.9
v 0.5 2.4 -2
v 0.5 2.4 -2.1
v 0.5 2.4 -2.2
v 0.5 2.4 -3
v 0.5 2.4 -3.3
v 0.5 2.4 -3.4
v 0.5 2.4 -3.5
v 0.5 2.5 -0.8
v 0.5 2.5 -0.9
v 0.5 2.5 -1.1
v 0.5 2.5 -1.7
v 0.5 2.5 -1.8
v 0.5 2.5 -1.9
v 0.5 2.5 -2
v 0.5 2.5 -2.1
v 0.5 2.6 -0.5
v 0.5 2.6 -0.6
v 0.5 2.6 -0.7
v 0.5 2.6 -0.9
v 0.5 2.6 -1.5
v 0.5 2.6 -1.6
v 0.5 2.6 -1.7
v 0.5 2.6 -1.8
v 0.5 2.6 -1.9
v 0.5 2.6 -2.1
v 0.5 2.6 -2.2
v 0.5 2.6 -2.3
v 0.5 2.6 -2.6
v 0.5 2.6 -2.7
v 0.5 2.6 -3
v 0.5 2.6 -3.3
v 0.5 2.6 -3.4
v 0.5 2.6 -3.5
v 0.5 2.7 -0.5
v 0.5 2.7 -0.6
v 0.5 2.7 -0.7
v 0.5 2.7 -0.9
v 0.5 2.7 -1.1
v 0.5 2.7 -1.2
v 0.5 2.7 -1.5
v 0.5 2.7 -1.6
v 0.5 2.7 -1.7
v 0.5 2.7 -1.8
v 0.5 2.7 -1.9
v 0.5 2.7 -2
v 0.5 2.7 -2.2
v 0.5 2.7 -2.3
v 0.5 2.7 -2.4
v 0.5 2.7 -2.5
v 0.5 2.7 -2.9
v 0.5 2.7 -3.3
v 0.5 2.7 -3.4
v 0.5 2.7 -3.5
v 0.5 2.8 -1.7
v 0.5 2.8 -1.8
v 0.5 2.8 -1.9
v 0.5 2.8 -2
v 0.5 2.8 -2.1
v 0.5 2.8 -2.2
v 0.5 2.8 -3.1
v 0.5 2.8 -3.2
v 0.5 2.9 -0.5
v 0.5 2.9 -0.6
v 0.5 2.9 -1.2
v 0.5 2.9 -1.5
v 0.5 2.9 -1.6
v 0.5 2.9 -1.7
v 0.5 2.9 -1.8
v 0.5 2.9 -1.9
v 0.5 2.9 -2
v 0.5 2.9 -2.1
v 0.5 2.9 -2.2
v 0.5 2.9 -2.3
v 0.5 2.9 -2.4
v 0.5 2.9 -2.5
v 0.5 2.9 -2.8
v 0.5 2.9 -3.1
v 0.5 2.9 -3.2
v 0.5 2.9 -3.4
v 0.5 2.9 -3.5
v 0.5 3 -0.5
v 0.5 3 -0.6
v 0.5 3 -0.7
v 0.5 3 -1.2
v 0.5 3 -1.3
v 0.5 3 -1.6
v 0.5 3 -1.7
v 0.5 3 -1.8
v 0.5 3 -1.9
v 0.5 3 -2
v 0.5 3 -2.1
v 0.5 3 -2.2
v 0.5 3 -2.5
v 0.5 3 -3
v 0.5 3 -3.4
v 0.5 3 -3.5
v 0.5 3.1 -2.5
v 0.5 3.1 -2.7
v 0.5 3.2 -0.5
v 0.5 3.2 -0.6
v 0.5 3.2 -1.6
v 0.5 3.2 -1.9
v 0.5 3.2 -2
v 0.5 3.2 -2.2
v 0.5 3.2 -2.3
v 0.5 3.2 -2.5
v 0.5 3.2 -2.7
v 0.5 3.2 -3
v 0.5 3.2 -3.2
v 0.5 3.2 -3.4
v 0.5 3.2 -3.5
v 0.5 3.3 -0.5
v 0.5 3.3 -0.6
v 0.5 3.3 -0.8
v 0.5 3.3 -1.1
v 0.5 3.3 -1.8
v 0.5 3.3 -2
v 0.5 3.3 -2.3
v 0.5 3.3 -2.6
v 0.5 3.3 -2.7
v 0.5 3.3 -2.8
v 0.5 3.3 -3.2
v 0.5 3.3 -3.3
v 0.5 3.3 -3.4
v 0.5 3.3 -3.5
v 0.5 3.4 -2.3
v 0.5 3.4 -2.6
v 0.5 3.5 -0.5
v 0.5 3.5 -1.3
v 0.5 3.5 -1.7
v 0.5 3.5 -2.1
v 0.5 3.5 -2.3
v 0.5 3.5 -2.9
v 0.5 3.5 -3.1
v 0.5 3.5 -3.2
v 0.5 3.5 -3.3
v 0.5 3.5 -3.4
v 0.5 3.5 -3.5
v 0.5 3.6 -0.5
v 0.5 3.6 -0.8
v 0.5 3.6 -1.3
v 0.5 3.6 -1.5
v 0.5 3.6 -1.7
v 0.5 3.6 -2.3
v 0.5 3.6 -2.7
v 0.5 3.6 -3
v 0.5 3.6 -3.2
v 0.5 3.6 -3.3
v 0.5 3.6 -3.4
v 0.5 3.6 -3.5
v 0.5 3.9 -0.5
v 0.5 3.9 -0.6
v 0.5 3.9 -0.7
v 0.5 3.9 -0.8
v 0.5 3.9 -3.2
v 0.5 3.9 -3.3
v 0.5 3.9 -3.4
v 0.5 3.9 -3.5
v 0.5 4 -0.5
v 0.5 4 -0.6
v 0.5 4 -0.7
v 0.5 4 -3.3
v 0.5 4 -3.4
v 0.5 4 -3.5
v 0.5 4.1 -3.3
v 0.5 4.1 -3.4
v 0.5 4.2 -0.5
v 0.5 4.2 -0.6
v 0.5 4.2 -0.7
v 0.5 4.2 -0.8
v 0.5 4.2 -0.9
v 0.5 4.2 -3.1
v 0.5 4.2 -3.2
v 0.5 4.2 -3.3
v 0.5 4.2 -3.4
v 0.5 4.2 -3.5
v 0.5 4.3 -0.6
v 0.5 4.3 -0.7
v 0.5 4.4 -0.6
v 0.5 4.4 -0.7
v 0.5 4.4 -3.2
v 0.5 4.4 -3.3
v 0.5 4.4 -3.4
v 0.5 4.5 -0.6
v 0.5 4.5 -0.7
v 0.5 4.5 -0.8
v 0.5 4.5 -0.9
v 0.5 4.5 -1
v 0.5 4.5 -3
v 0.5 4.5 -3.1
v 0.5 4.5 -3.2
v 0.5 4.5 -3.3
v 0.5 4.5 -3.4
v 0.5 4.6 -0.7
v 0.5 4.6 -0.8
v 0.5 4.6 -0.9
v 0.5 4.6 -1
v 0.5 4.6 -1.1
v 0.5 4.6 -2.9
v 0.5 4.6 -3
v 0.5 4.6 -3.1
v 0.5 4.6 -3.2
v 0.5 4.6 -3.3
v 0.5 4.7 -0.8
v 0.5 4.7 -0.9
v 0.5 4.7 -1
v 0.5 4.7 -1.1
v 0.5 4.7 -1.2
v 0.5 4.7 -2.8
v 0.5 4.7 -2.9
v 0.5 4.7 -3
v 0.5 4.7 -3.1
v 0.5 4.7 -3.2
v 0.5 4.8 -1
v 0.5 4.8 -1.1
v 0.5 4.9 -0.9
v 0.5 4.9 -1
v 0.5 4.9 -1.1
v 0.5 4.9 -1.2
v 0.5 4.9 -1.3
v 0.5 4.9 -2.7
v 0.5 4.9 -2.8
v 0.5 4.9 -2.9
v 0.5 4.9 -3
v 0.5 4.9 -3.1
v 0.5 5 -1
v 0.5 5 -1.1
v 0.5 5 -1.2
v 0.5 5 -1.3
v 0.5 5 -1.5
v 0.5 5 -2.5
v 0.5 5 -2.7
v 0.5 5 -2.8
v 0.5 5 -2.9
v 0.5 5 -3
v 0.5 5.1 -1.1
v 0.5 5.1 -1.2
v 0.5 5.1 -1.3
v 0.5 5.1 -1.5
v 0.5 5.1 -1.7
v 0.5 5.1 -2.3
v 0.5 5.1 -2.5
v 0.5 5.1 -2.6
v 0.5 5.1 -2.7
v 0.5 5.1 -2.8
v 0.5 5.1 -2.9
v 0.5 5.2 -1.2
v 0.5 5.2 -1.3
v 0.5 5.2 -1.4
v 0.5 5.2 -1.5
v 0.5 5.2 -1.6
v 0.5 5.2 -1.7
v 0.5 5.2 -1.9
v 0.5 5.2 -2.1
v 0.5 5.2 -2.3
v 0.5 5.2 -2.4
v 0.5 5.2 -2.5
v 0.5 5.2 -2.6
v 0.5 5.2 -2.7
v 0.5 5.2 -2.8
v 0.5 5.3 -1.3
v 0.5 5.3 -1.4
v 0.5 5.3 -1.5
v 0.5 5.3 -1.6
v 0.5 5.3 -1.7
v 0.5 5.3 -1.9
v 0.5 5.3 -2
v 0.5 5.3 -2.1
v 0.5 5.3 -2.3
v 0.5 5.3 -2.4
v 0.5 5.3 -2.5
v 0.5 5.3 -2.7
v 0.5 5.4 -1.5
v 0.5 5.4 -1.6
v 0.5 5.4 -1.7
v 0.5 5.4 -1.8
v 0.5 5.4 -1.9
v 0.5 5.4 -2
v 0.5 5.4 -2.1
v 0.5 5.4 -2.3
v 0.5 5.4 -2.4
v 0.5 5.4 -2.5
v 0.5 5.5 -1.7
v 0.5 5.5 -1.8
v 0.5 5.5 -1.9
v 0.5 5.5 -2
v 0.5 5.5 -2.1
v 0.5 5.5 -2.3
v 0.5 5.6 -1.9
v 0.5 5.6 -2
v 0.5 5.6 -2.1
v 0.6 2 -1.9
v 0.6 2 -2
v 0.6 2 -2.1
v 0.6 2.1 -1.9
v 0.6 2.1 -2
v 0.6 2.1 -2.1
v 0.6 2.3 -0.8
v 0.6 2.3 -1.1
v 0.6 2.3 -2
v 0.6 2.3 -2.1
v 0.6 2.4 -0.8
v 0.6 2.4 -1.1
v 0.6 2.4 -2
v 0.6 2.4 -2.1
v 0.6 2.5 -1.9
v 0.6 2.5 -2
v 0.6 2.5 -2.1
v 0.6 2.6 -1.9
v 0.6 2.7 -1.8
v 0.6 2.7 -1.9
v 0.6 2.7 -2
v 0.6 2.8 -1.8
v 0.6 2.8 -1.9
v 0.6 2.9 -2.1
v 0.6 2.9 -2.2
v 0.6 3 -2.1
v 0.6 3 -2.2
v 0.6 3.2 -2.3
v 0.6 3.2 -2.7
v 0.6 3.3 -2.3
v 0.6 3.3 -2.6
v 0.6 3.3 -2.7
v 0.6 3.9 -0.8
v 0.6 3.9 -0.9
v 0.6 3.9 -1
v 0.6 3.9 -1.1
v 0.6 3.9 -1.2
v 0.6 3.9 -1.3
v 0.6 3.9 -1.4
v 0.6 3.9 -1.5
v 0.6 3.9 -1.6
v 0.6 3.9 -1.9
v 0.6 3.9 -2
v 0.6 3.9 -2.1
v 0.6 3.9 -2.2
v 0.6 3.9 -2.3
v 0.6 3.9 -2.4
v 0.6 3.9 -2.5
v 0.6 3.9 -2.6
v 0.6 3.9 -2.7
v 0.6 3.9 -2.8
v 0.6 3.9 -2.9
v 0.6 3.9 -3
v 0.6 3.9 -3.1
v 0.6 3.9 -3.2
v 0.6 4 -0.9
v 0.6 4 -1
v 0.6 4 -1.1
v 0.6 4 -1.2
v 0.6 4 -1.3
v 0.6 4 -1.4
v 0.6 4 -1.5
v 0.6 4 -1.6
v 0.6 4 -1.7
v 0.6 4 -1.8
v 0.6 4 -1.9
v 0.6 4 -2
v 0.6 4 -2.1
v 0.6 4 -2.2
v 0.6 4 -2.3
v 0.6 4 -2.4
v 0.6 4 -2.5
v 0.6 4 -2.6
v 0.6 4 -2.9
v 0.6 4 -3
v 0.6 4 -3.1
v 0.6 4 -3.2
v 0.6 4.1 -0.8
v 0.6 4.1 -0.9
v 0.6 4.1 -1.2
v 0.6 4.1 -1.5
v 0.6 4.1 -1.6
v 0.6 4.1 -1.7
v 0.6 4.1 -1.8
v 0.6 4.1 -1.9
v 0.6 4.1 -2.1
v 0.6 4.1 -2.2
v 0.6 4.1 -2.3
v 0.6 4.1 -2.4
v 0.6 4.1 -2.6
v 0.6 4.1 -2.9
v 0.6 4.1 -3
v 0.6 4.1 -3.2
v 0.6 4.2 -0.9
v 0.6 4.2 -1.1
v 0.6 4.2 -1.6
v 0.6 4.2 -1.7
v 0.6 4.2 -1.9
v 0.6 4.2 -2.1
v 0.6 4.2 -2.2
v 0.6 4.2 -2.3
v 0.6 4.2 -2.4
v 0.6 4.2 -2.5
v 0.6 4.2 -2.6
v 0.6 4.2 -2.8
v 0.6 4.2 -3.1
v 0.6 4.3 -0.9
v 0.6 4.3 -1.1
v 0.6 4.3 -1.5
v 0.6 4.3 -2.4
v 0.6 4.3 -2.5
v 0.6 4.3 -2.6
v 0.6 4.3 -2.7
v 0.6 4.3 -2.8
v 0.6 4.3 -3.1
v 0.6 4.4 -0.9
v 0.6 4.4 -1.1
v 0.6 4.4 -1.5
v 0.6 4.4 -1.6
v 0.6 4.4 -1.7
v 0.6 4.4 -2.7
v 0.6 4.4 -2.8
v 0.6 4.4 -3.1
v 0.6 4.5 -1
v 0.6 4.5 -1.1
v 0.6 4.5 -1.2
v 0.6 4.5 -1.3
v 0.6 4.5 -1.4
v 0.6 4.5 -1.6
v 0.6 4.5 -2.4
v 0.6 4.5 -2.6
v 0.6 4.5 -2.7
v 0.6 4.5 -2.9
v 0.6 4.5 -3
v 0.6 4.6 -1
v 0.6 4.6 -1.1
v 0.6 4.6 -1.2
v 0.6 4.6 -1.3
v 0.6 4.6 -1.4
v 0.6 4.6 -1.6
v 0.6 4.6 -1.7
v 0.6 4.6 -2.4
v 0.6 4.6 -2.6
v 0.6 4.6 -2.7
v 0.6 4.6 -2.8
v 0.6 4.6 -2.9
v 0.6 4.6 -3
v 0.6 4.7 -1.1
v 0.6 4.7 -1.2
v 0.6 4.7 -1.3
v 0.6 4.7 -2.4
v 0.6 4.7 -2.8
v 0.6 4.7 -2.9
v 0.6 4.8 -1.2
v 0.6 4.8 -1.3
v 0.6 4.8 -1.4
v 0.6 4.8 -1.6
v 0.6 4.8 -1.7
v 0.6 4.8 -1.8
v 0.6 4.8 -1.9
v 0.6 4.8 -2.3
v 0.6 4.8 -2.4
v 0.6 4.8 -2.7
v 0.6 4.8 -2.8
v 0.6 4.9 -1.2
v 0.6 4.9 -1.3
v 0.6 4.9 -1.4
v 0.6 4.9 -1.5
v 0.6 4.9 -1.6
v 0.6 4.9 -1.7
v 0.6 4.9 -1.8
v 0.6 4.9 -1.9
v 0.6 4.9 -2
v 0.6 4.9 -2.1
v 0.6 4.9 -2.3
v 0.6 4.9 -2.4
v 0.6 4.9 -2.5
v 0.6 4.9 -2.6
v 0.6 4.9 -2.7
v 0.6 4.9 -2.8
v 0.6 5 -1.3
v 0.6 5 -1.4
v 0.6 5 -1.5
v 0.6 5 -2
v 0.6 5 -2.1
v 0.6 5 -2.4
v 0.6 5 -2.5
v 0.6 5 -2.6
v 0.6 5 -2.7
v 0.6 5.1 -1.7
v 0.6 5.1 -1.8
v 0.6 5.1 -1.9
v 0.6 5.1 -2.1
v 0.6 5.1 -2.2
v 0.6 5.1 -2.3
v 0.6 5.2 -1.7
v 0.6 5.2 -1.8
v 0.6 5.2 -1.9
v 0.6 5.2 -2.1
v 0.6 5.2 -2.2
v 0.6 5.2 -2.3
v 0.6 5.3 -1.9
v 0.6 5.3 -2
v 0.6 5.3 -2.1
v 0.7 4 -1.2
v 0.7 4 -1.3
v 0.7 4 -1.4
v 0.7 4 -1.5
v 0.7 4 -2.4
v 0.7 4 -2.5
v 0.7 4 -2.6
v 0.7 4 -2.9
v 0.7 4 -3
v 0.7 4.1 -0.8
v 0.7 4.1 -0.9
v 0.7 4.1 -1.2
v 0.7 4.1 -1.3
v 0.7 4.1 -1.5
v 0.7 4.1 -1.6
v 0.7 4.1 -1.7
v 0.7 4.1 -2.3
v 0.7 4.1 -2.4
v 0.7 4.1 -2.5
v 0.7 4.1 -2.6
v 0.7 4.1 -2.9
v 0.7 4.1 -3
v 0.7 4.1 -3.2
v 0.7 4.2 -0.8
v 0.7 4.2 -0.9
v 0.7 4.2 -1.1
v 0.7 4.2 -1.3
v 0.7 4.2 -1.5
v 0.7 4.2 -1.6
v 0.7 4.2 -1.7
v 0.7 4.2 -1.9
v 0.7 4.2 -2
v 0.7 4.2 -2.1
v 0.7 4.2 -2.2
v 0.7 4.2 -2.3
v 0.7 4.2 -2.4
v 0.7 4.2 -2.5
v 0.7 4.2 -3
v 0.7 4.2 -3.1
v 0.7 4.2 -3.2
v 0.7 4.3 -1.7
v 0.7 4.3 -1.8
v 0.7 4.3 -1.9
v 0.7 4.3 -2
v 0.7 4.3 -2.1
v 0.7 4.3 -2.2
v 0.7 4.3 -2.3
v 0.7 4.3 -2.4
v 0.7 4.3 -2.5
v 0.7 4.3 -2.6
v 0.7 4.3 -2.7
v 0.7 4.4 -0.9
v 0.7 4.4 -1.1
v 0.7 4.4 -1.2
v 0.7 4.4 -1.4
v 0.7 4.4 -1.5
v 0.7 4.4 -1.6
v 0.7 4.4 -1.7
v 0.7 4.4 -1.8
v 0.7 4.4 -1.9
v 0.7 4.4 -2
v 0.7 4.4 -2.1
v 0.7 4.4 -2.2
v 0.7 4.4 -2.3
v 0.7 4.4 -2.4
v 0.7 4.4 -2.5
v 0.7 4.4 -2.6
v 0.7 4.4 -2.7
v 0.7 4.4 -2.8
v 0.7 4.4 -3.1
v 0.7 4.5 -0.9
v 0.7 4.5 -1
v 0.7 4.5 -1.1
v 0.7 4.5 -1.2
v 0.7 4.5 -1.3
v 0.7 4.5 -1.4
v 0.7 4.5 -1.6
v 0.7 4.5 -1.7
v 0.7 4.5 -1.9
v 0.7 4.5 -2
v 0.7 4.5 -2.1
v 0.7 4.5 -2.2
v 0.7 4.5 -2.3
v 0.7 4.5 -2.6
v 0.7 4.5 -2.7
v 0.7 4.5 -2.9
v 0.7 4.5 -3
v 0.7 4.5 -3.1
v 0.7 4.6 -1.3
v 0.7 4.6 -1.4
v 0.7 4.6 -1.6
v 0.7 4.6 -1.7
v 0.7 4.6 -1.8
v 0.7 4.6 -1.9
v 0.7 4.6 -2
v 0.7 4.6 -2.1
v 0.7 4.6 -2.3
v 0.7 4.7 -1.2
v 0.7 4.7 -1.3
v 0.7 4.7 -1.5
v 0.7 4.7 -1.7
v 0.7 4.7 -1.8
v 0.7 4.7 -2
v 0.7 4.7 -2.1
v 0.7 4.7 -2.2
v 0.7 4.7 -2.3
v 0.7 4.7 -2.4
v 0.7 4.7 -2.7
v 0.7 4.7 -2.8
v 0.7 4.8 -1.2
v 0.7 4.8 -1.3
v 0.7 4.8 -1.4
v 0.7 4.8 -1.5
v 0.7 4.8 -1.6
v 0.7 4.8 -1.7
v 0.7 4.8 -1.8
v 0.7 4.8 -1.9
v 0.7 4.8 -2.2
v 0.7 4.8 -2.3
v 0.7 4.8 -2.4
v 0.7 4.8 -2.7
v 0.7 4.8 -2.8
v 0.7 4.9 -1.4
v 0.7 4.9 -1.5
v 0.7 4.9 -1.6
v 0.7 4.9 -2.3
v 0.7 4.9 -2.4
v 0.7 5 -1.5
v 0.7 5 -2
v 0.7 5 -2.1
v 0.7 5 -2.4
v 0.7 5 -2.5
v 0.7 5.1 -1.5
v 0.7 5.1 -1.7
v 0.7 5.1 -1.8
v 0.7 5.1 -1.9
v 0.7 5.1 -2.1
v 0.7 5.1 -2.3
v 0.7 5.1 -2.4
v 0.7 5.1 -2.5
v 0.7 5.2 -1.9
v 0.7 5.2 -2.1
v 0.8 4.1 -1.3
v 0.8 4.1 -1.5
v 0.8 4.1 -2.5
v 0.8 4.1 -2.7
v 0.8 4.1 -2.8
v 0.8 4.1 -3
v 0.8 4.2 -1.3
v 0.8 4.2 -1.5
v 0.8 4.2 -2.5
v 0.8 4.2 -2.7
v 0.8 4.2 -2.8
v 0.8 4.2 -3
v 0.8 4.4 -2.4
v 0.8 4.4 -2.5
v 0.8 4.4 -2.6
v 0.8 4.5 -2.4
v 0.8 4.5 -2.6
v 0.8 4.7 -1.3
v 0.8 4.7 -1.5
v 0.8 4.8 -1.3
v 0.8 4.8 -1.4
v 0.8 4.8 -1.5
v 0.8 4.9 -2.1
v 0.8 4.9 -2.3
v 0.8 5 -2.1
v 0.8 5 -2.3
v 0.9 5 -2.1
v 0.9 5 -2.2
v 0.9 5 -2.3
v 0.9 5.1 -2.1
v 0.9 5.1 -2.2
v 0.9 5.1 -2.3
v 2 2.4 -0.4
v 2 2.4 -0.5
v 2 2.5 -0.4
v 2 2.5 -0.5
v 2 3.1 -0.6
v 2 3.1 -0.7
v 2 3.2 -0.6
v 2 3.2 -0.7
v 2 3.3 -0.4
v 2 3.3 -0.5
v 2 3.4 -0.4
v 2 3.4 -0.5
v 2.1 2.9 -0.5
v 2.1 2.9 -0.6
v 2.1 3 -0.5
v 2.1 3 -0.6
v 2.1 3 -0.7
v 2.1 3.1 -0.6
v 2.1 3.1 -0.7
v 2.1 3.2 -0.5
v 2.1 3.2 -0.6
v 2.1 3.3 -0.5
v 2.1 3.3 -0.6
v 2.2 2.5 -0.4
v 2.2 2.5 -0.5
v 2.2 2.6 -0.4
v 2.2 2.6 -0.5
v 2.2 3 -0.4
v 2.2 3 -0.5
v 2.2 3 -0.6
v 2.2 3.1 -0.4
v 2.2 3.1 -0.5
v 2.2 3.2 -0.5
v 2.2 3.2 -0.6
v 2.3 2.8 -0.4
v 2.3 2.8 -0.5
v 2.3 2.9 -0.4
v 2.3 2.9 -0.5
v 2.3 3.1 -0.4
v 2.3 3.1 -0.5
v 2.3 3.2 -0.4
v 2.3 3.2 -0.5
v 2.3 3.5 -3.3
v 2.3 3.5 -3.4
v 2.3 3.6 -3.3
v 2.3 3.6 -3.4
v 2.3 3.6 -3.5
v 2.3 3.6 -3.6
v 2.3 3.7 -3.4
v 2.3 3.7 -3.6
v 2.4 3.4 -3.3
v 2.4 3.4 -3.4
v 2.4 3.5 -3.3
v 2.4 3.5 -3.4
v 2.5 2.5 -3.3
v 2.5 2.5 -3.5
v 2.5 2.5 -3.6
v 2.5 2.6 -3.3
v 2.5 2.6 -3.4
v 2.5 2.6 -3.5
v 2.5 2.6 -3.6
v 2.5 3.4 -3.4
v 2.5 3.4 -3.5
v 2.5 3.4 -3.6
v 2.5 3.5 -3.4
v 2.5 3.5 -3.5
v 2.5 3.5 -3.6
v 3.4 2.1 -0.3
v 3.4 2.1 -0.4
v 3.4 2.1 -3.6
v 3.4 2.1 -3.7
v 3.4 2.2 -0.3
v 3.4 2.2 -0.4
v 3.4 2.2 -3.6
v 3.4 2.2 -3.7
v 3.4 2.3 -0.3
v 3.4 2.3 -0.4
v 3.4 2.3 -3.6
v 3.4 2.3 -3.7
v 3.4 2.4 -0.3
v 3.4 2.4 -0.4
v 3.4 2.4 -3.6
v 3.4 2.4 -3.7
v 3.4 2.5 -0.3
v 3.4 2.5 -0.4
v 3.4 2.5 -3.6
v 3.4 2.5 -3.7
v 3.4 2.6 -0.3
v 3.4 2.6 -0.4
v 3.4 2.6 -3.6
v 3.4 2.6 -3.7
v 3.4 2.7 -0.3
v 3.4 2.7 -0.4
v 3.4 2.7 -3.6
v 3.4 2.7 -3.7
v 3.4 2.8 -0.3
v 3.4 2.8 -0.4
v 3.4 2.8 -3.6
v 3.4 2.8 -3.7
v 3.4 2.9 -0.3
v 3.4 2.9 -0.4
v 3.4 2.9 -3.6
v 3.4 2.9 -3.7
v 3.4 3 -0.3
v 3.4 3 -0.4
v 3.4 3 -3.6
v 3.4 3 -3.7
v 3.4 3.1 -0.3
v 3.4 3.1 -0.4
v 3.4 3.1 -3.6
v 3.4 3.1 -3.7
v 3.4 3.2 -0.3
v 3.4 3.2 -0.4
v 3.4 3.2 -3.6
v 3.4 3.2 -3.7
v 3.4 3.3 -0.3
v 3.4 3.3 -0.4
v 3.4 3.3 -3.6
v 3.4 3.3 -3.7
v 3.4 3.4 -0.3
v 3.4 3.4 -0.4
v 3.4 3.4 -3.6
v 3.4 3.4 -3.7
v 3.4 3.5 -0.3
v 3.4 3.5 -0.4
v 3.4 3.5 -3.6
v 3.4 3.5 -3.7
v 3.4 3.6 -0.3
v 3.4 3.6 -0.4
v 3.4 3.6 -3.6
v 3.4 3.6 -3.7
v 3.4 3.7 -0.3
v 3.4 3.7 -0.4
v 3.4 3.7 -3.6
v 3.4 3.7 -3.7
v 0.6 2.1 -0.3
v 0.6 2.1 -0.4
v 0.6 2.1 -3.6
v 0.6 2.1 -3.7
v 0.6 2.2 -0.3
v 0.6 2.2 -0.4
v 0.6 2.2 -3.6
v 0.6 2.2 -3.7
v 0.6 2.3 -0.3
v 0.6 2.3 -0.4
v 0.6 2.3 -3.6
v 0.6 2.3 -3.7
v 0.6 2.4 -0.3
v 0.6 2.4 -0.4
v 0.6 2.4 -3.6
v 0.6 2.4 -3.7
v 0.6 2.5 -0.3
v 0.6 2.5 -0.4
v 0.6 2.5 -3.6
v 0.6 2.5 -3.7
v 0.6 2.6 -0.3
v 0.6 2.6 -0.4
v 0.6 2.6 -3.6
v 0.6 2.6 -3.7
v 0.6 2.7 -0.3
v 0.6 2.7 -0.4
v 0.6 2.7 -3.6
v 0.6 2.7 -3.7
v 0.6 2.8 -0.3
v 0.6 2.8 -0.4
v 0.6 2.8 -3.6
v 0.6 2.8 -3.7
v 0.6 2.9 -0.3
v 0.6 2.9 -0.4
v 0.6 2.9 -3.6
v 0.6 2.9 -3.7
v 0.6 3 -0.3
v 0.6 3 -0.4
v 0.6 3 -3.6
v 0.6 3 -3.7
v 0.6 3.1 -0.3
v 0.6 3.1 -0.4
v 0.6 3.1 -3.6
v 0.6 3.1 -3.7
v 0.6 3.2 -0.3
v 0.6 3.2 -0.4
v 0.6 3.2 -3.6
v 0.6 3.2 -3.7
v 0.6 3.3 -0.3
v 0.6 3.3 -0.4
v 0.6 3.3 -3.6
v 0.6 3.3 -3.7
v 0.6 3.4 -0.3
v 0.6 3.4 -0.4
v 0.6 3.4 -3.6
v 0.6 3.4 -3.7
v 0.6 3.5 -0.3
v 0.6 3.5 -0.4
v 0.6 3.5 -3.6
v 0.6 3.5 -3.7
v 0.6 3.6 -0.3
v 0.6 3.6 -0.4
v 0.6 3.6 -3.6
v 0.6 3.6 -3.7
v 0.6 3.7 -0.3
v 0.6 3.7 -0.4
v 0.6 3.7 -3.6
v 0.6 3.7 -3.7
v 1.4 3.1 -0.4
v 1.4 3.1 -0.5
v 1.4 3.2 -0.4
v 1.4 3.2 -0.5
v 1.4 3.2 -0.6
v 1.4 3.3 -0.5
v 1.4 3.3 -0.6
v 1.5 3 -0.4
v 1.5 3 -0.5
v 1.5 3.1 -0.4
v 1.5 3.1 -0.5
v 1.6 2.4 -0.4
v 1.6 2.4 -0.5
v 1.6 2.5 -0.4
v 1.6 2.5 -0.5
v 1.6 3 -0.5
v 1.6 3 -0.6
v 1.6 3.2 -0.5
v 1.6 3.2 -0.6
v 1.6 3.3 -0.4
v 1.6 3.3 -0.5
v 1.6 3.4 -0.4
v 1.6 3.4 -0.5
v 1.7 2.8 -0.4
v 1.7 2.8 -0.5
v 1.7 2.9 -0.4
v 1.7 2.9 -0.5
v 1.7 3.1 -0.6
v 1.7 3.1 -0.7
v 1.7 3.2 -0.6
v 1.7 3.2 -0.7
v 1.8 2.5 -0.4
v 1.8 2.5 -0.5
v 1.8 2.6 -0.4
v 1.8 2.6 -0.5
v 1.8 2.9 -0.5
v 1.8 2.9 -0.6
v 1.8 3 -0.5
v 1.8 3 -0.6
v 1.8 3 -0.7
v 1.8 3.1 -0.6
v 1.8 3.1 -0.7
v 1.9 3.4 -3.4
v 1.9 3.4 -3.5
v 1.9 3.4 -3.6
v 1.9 3.5 -3.4
v 1.9 3.5 -3.5
v 1.9 3.5 -3.6
v 2 3.4 -3.3
v 2 3.4 -3.4
v 2 3.5 -3.3
v 2 3.5 -3.4
v 2.1 3.5 -3.3
v 2.1 3.5 -3.4
v 2.1 3.6 -3.3
v 2.1 3.6 -3.4
v 2.2 3.6 -3.4
v 2.2 3.6 -3.5
v 2.2 3.6 -3.6
v 2.2 3.7 -3.4
v 2.2 3.7 -3.6
v 2.3 2.5 -3.4
v 2.3 2.5 -3.5
v 2.3 2.5 -3.6
v 2.3 2.6 -3.4
v 2.3 2.6 -3.5
v 2.3 2.6 -3.6
v 2.4 2.5 -3.3
v 2.4 2.5 -3.4
v 2.4 2.6 -3.3
v 2.4 2.6 -3.4
v 3.2 2.1 -0.7
v 3.2 2.1 -0.8
v 3.2 2.2 -0.7
v 3.2 2.2 -0.8
v 3.2 4.1 -1.6
v 3.2 4.1 -1.7
v 3.2 4.2 -1.6
v 3.2 4.2 -1.7
v 3.2 5 -1.7
v 3.2 5 -1.9
v 3.2 5.1 -1.7
v 3.2 5.1 -1.9
v 3.3 2.2 -0.6
v 3.3 2.2 -0.7
v 3.3 2.3 -0.6
v 3.3 2.3 -0.7
v 3.3 4 -1
v 3.3 4 -1.1
v 3.3 4 -1.4
v 3.3 4 -1.5
v 3.3 4 -1.6
v 3.3 4 -2.5
v 3.3 4 -2.6
v 3.3 4 -2.7
v 3.3 4 -2.8
v 3.3 4.1 -0.8
v 3.3 4.1 -1
v 3.3 4.1 -1.1
v 3.3 4.1 -1.3
v 3.3 4.1 -1.4
v 3.3 4.1 -1.6
v 3.3 4.1 -1.7
v 3.3 4.1 -1.8
v 3.3 4.1 -1.9
v 3.3 4.1 -2.1
v 3.3 4.1 -2.2
v 3.3 4.1 -2.3
v 3.3 4.1 -2.4
v 3.3 4.1 -2.5
v 3.3 4.1 -2.8
v 3.3 4.1 -2.9
v 3.3 4.1 -3.2
v 3.3 4.2 -0.8
v 3.3 4.2 -0.9
v 3.3 4.2 -1.1
v 3.3 4.2 -1.3
v 3.3 4.2 -1.6
v 3.3 4.2 -1.7
v 3.3 4.2 -1.8
v 3.3 4.2 -2.4
v 3.3 4.2 -2.8
v 3.3 4.2 -3.2
v 3.3 4.3 -1.3
v 3.3 4.3 -1.5
v 3.3 4.3 -1.6
v 3.3 4.4 -0.9
v 3.3 4.4 -1.1
v 3.3 4.4 -1.3
v 3.3 4.4 -1.5
v 3.3 4.4 -1.6
v 3.3 4.4 -1.8
v 3.3 4.4 -2.4
v 3.3 4.4 -2.8
v 3.3 4.4 -3.1
v 3.3 4.5 -0.9
v 3.3 4.5 -1
v 3.3 4.5 -1.1
v 3.3 4.5 -1.3
v 3.3 4.5 -1.4
v 3.3 4.5 -1.7
v 3.3 4.5 -2
v 3.3 4.5 -2.3
v 3.3 4.5 -2.6
v 3.3 4.5 -2.7
v 3.3 4.5 -2.8
v 3.3 4.5 -2.9
v 3.3 4.5 -3
v 3.3 4.5 -3.1
v 3.3 4.6 -2.4
v 3.3 4.6 -2.6
v 3.3 4.6 -2.7
v 3.3 4.7 -1.2
v 3.3 4.7 -1.3
v 3.3 4.7 -1.7
v 3.3 4.7 -2
v 3.3 4.7 -2.3
v 3.3 4.7 -2.4
v 3.3 4.7 -2.6
v 3.3 4.7 -2.7
v 3.3 4.7 -2.8
v 3.3 4.8 -1.2
v 3.3 4.8 -1.3
v 3.3 4.8 -2
v 3.3 4.8 -2.4
v 3.3 4.8 -2.6
v 3.3 4.8 -2.7
v 3.3 4.8 -2.8
v 3.3 4.9 -1.6
v 3.3 4.9 -1.9
v 3.3 4.9 -2.4
v 3.3 4.9 -2.6
v 3.3 5 -1.5
v 3.3 5 -1.6
v 3.3 5 -1.7
v 3.3 5 -1.9
v 3.3 5 -2.4
v 3.3 5 -2.5
v 3.3 5.1 -1.5
v 3.3 5.1 -1.6
v 3.3 5.1 -1.7
v 3.3 5.1 -1.9
v 3.3 5.1 -2.1
v 3.3 5.1 -2.2
v 3.3 5.1 -2.3
v 3.3 5.1 -2.5
v 3.3 5.2 -1.9
v 3.3 5.2 -2.1
v 3.4 2 -0.7
v 3.4 2 -0.8
v 3.4 2 -1.9
v 3.4 2 -2.1
v 3.4 2.1 -0.6
v 3.4 2.1 -0.7
v 3.4 2.1 -0.8
v 3.4 2.1 -1.9
v 3.4 2.1 -2.1
v 3.4 2.2 -0.6
v 3.4 2.2 -0.7
v 3.4 2.3 -0.6
v 3.4 2.3 -0.7
v 3.4 2.3 -2.9
v 3.4 2.3 -3.2
v 3.4 2.4 -0.6
v 3.4 2.4 -0.7
v 3.4 2.4 -2.9
v 3.4 2.4 -3.2
v 3.4 2.9 -1.4
v 3.4 2.9 -1.8
v 3.4 3 -1.4
v 3.4 3 -1.7
v 3.4 3 -1.8
v 3.4 3.9 -0.8
v 3.4 3.9 -0.9
v 3.4 3.9 -1
v 3.4 3.9 -1.1
v 3.4 3.9 -1.2
v 3.4 3.9 -1.3
v 3.4 3.9 -1.5
v 3.4 3.9 -1.6
v 3.4 3.9 -1.8
v 3.4 3.9 -1.9
v 3.4 3.9 -2
v 3.4 3.9 -2.1
v 3.4 3.9 -2.4
v 3.4 3.9 -2.5
v 3.4 3.9 -2.6
v 3.4 3.9 -2.7
v 3.4 3.9 -2.8
v 3.4 3.9 -2.9
v 3.4 3.9 -3
v 3.4 3.9 -3.1
v 3.4 3.9 -3.2
v 3.4 4 -0.8
v 3.4 4 -1
v 3.4 4 -1.1
v 3.4 4 -1.3
v 3.4 4 -1.4
v 3.4 4 -1.5
v 3.4 4 -1.6
v 3.4 4 -1.8
v 3.4 4 -1.9
v 3.4 4 -2
v 3.4 4 -2.1
v 3.4 4 -2.2
v 3.4 4 -2.3
v 3.4 4 -2.4
v 3.4 4 -2.5
v 3.4 4 -2.6
v 3.4 4 -2.7
v 3.4 4 -2.8
v 3.4 4 -2.9
v 3.4 4 -3
v 3.4 4 -3.2
v 3.4 4.1 -0.8
v 3.4 4.1 -1
v 3.4 4.1 -1.1
v 3.4 4.1 -1.3
v 3.4 4.1 -1.4
v 3.4 4.1 -1.6
v 3.4 4.1 -1.8
v 3.4 4.1 -1.9
v 3.4 4.1 -2.1
v 3.4 4.1 -2.2
v 3.4 4.1 -2.3
v 3.4 4.1 -2.4
v 3.4 4.1 -2.5
v 3.4 4.1 -2.8
v 3.4 4.1 -2.9
v 3.4 4.1 -3.2
v 3.4 4.2 -0.9
v 3.4 4.2 -1.1
v 3.4 4.2 -1.3
v 3.4 4.2 -1.8
v 3.4 4.2 -2.4
v 3.4 4.2 -2.8
v 3.4 4.2 -3.1
v 3.4 4.3 -0.9
v 3.4 4.3 -1.1
v 3.4 4.3 -1.3
v 3.4 4.3 -1.6
v 3.4 4.3 -1.8
v 3.4 4.3 -2.4
v 3.4 4.3 -2.8
v 3.4 4.3 -3.1
v 3.4 4.4 -0.9
v 3.4 4.4 -1.1
v 3.4 4.4 -1.3
v 3.4 4.4 -1.6
v 3.4 4.4 -1.8
v 3.4 4.4 -2.4
v 3.4 4.4 -2.8
v 3.4 4.4 -3.1
v 3.4 4.5 -1
v 3.4 4.5 -1.1
v 3.4 4.5 -1.3
v 3.4 4.5 -1.4
v 3.4 4.5 -1.7
v 3.4 4.5 -2
v 3.4 4.5 -2.3
v 3.4 4.5 -2.6
v 3.4 4.5 -2.7
v 3.4 4.5 -2.8
v 3.4 4.5 -2.9
v 3.4 4.5 -3
v 3.4 4.6 -1
v 3.4 4.6 -1.1
v 3.4 4.6 -1.2
v 3.4 4.6 -1.3
v 3.4 4.6 -1.4
v 3.4 4.6 -1.7
v 3.4 4.6 -2
v 3.4 4.6 -2.3
v 3.4 4.6 -2.4
v 3.4 4.6 -2.6
v 3.4 4.6 -2.7
v 3.4 4.6 -2.8
v 3.4 4.6 -2.9
v 3.4 4.6 -3
v 3.4 4.7 -1.1
v 3.4 4.7 -1.2
v 3.4 4.7 -1.7
v 3.4 4.7 -2
v 3.4 4.7 -2.3
v 3.4 4.7 -2.4
v 3.4 4.7 -2.7
v 3.4 4.7 -2.8
v 3.4 4.7 -2.9
v 3.4 4.8 -1.2
v 3.4 4.8 -1.3
v 3.4 4.8 -2
v 3.4 4.8 -2.4
v 3.4 4.8 -2.6
v 3.4 4.8 -2.7
v 3.4 4.8 -2.8
v 3.4 4.9 -1.2
v 3.4 4.9 -1.3
v 3.4 4.9 -1.4
v 3.4 4.9 -1.5
v 3.4 4.9 -1.6
v 3.4 4.9 -1.9
v 3.4 4.9 -2
v 3.4 4.9 -2.4
v 3.4 4.9 -2.6
v 3.4 4.9 -2.7
v 3.4 4.9 -2.8
v 3.4 5 -1.3
v 3.4 5 -1.4
v 3.4 5 -1.5
v 3.4 5 -1.6
v 3.4 5 -1.9
v 3.4 5 -2.4
v 3.4 5 -2.5
v 3.4 5 -2.6
v 3.4 5 -2.7
v 3.4 5.1 -1.7
v 3.4 5.1 -1.8
v 3.4 5.1 -1.9
v 3.4 5.1 -2.1
v 3.4 5.1 -2.2
v 3.4 5.1 -2.3
v 3.4 5.2 -1.7
v 3.4 5.2 -1.8
v 3.4 5.2 -1.9
v 3.4 5.2 -2.1
v 3.4 5.2 -2.2
v 3.4 5.2 -2.3
v 3.4 5.3 -1.9
v 3.4 5.3 -2
v 3.4 5.3 -2.1
v 3.5 2 -0.5
v 3.5 2 -0.6
v 3.5 2 -0.7
v 3.5 2 -0.8
v 3.5 2 -0.9
v 3.5 2 -1.4
v 3.5 2 -1.6
v 3.5 2 -1.7
v 3.5 2 -1.8
v 3.5 2 -1.9
v 3.5 2 -2.1
v 3.5 2 -2.2
v 3.5 2 -2.3
v 3.5 2 -2.4
v 3.5 2 -2.5
v 3.5 2 -2.6
v 3.5 2 -2.7
v 3.5 2 -2.8
v 3.5 2 -3.1
v 3.5 2 -3.2
v 3.5 2 -3.3
v 3.5 2 -3.4
v 3.5 2 -3.5
v 3.5 2.1 -0.5
v 3.5 2.1 -0.6
v 3.5 2.1 -0.7
v 3.5 2.1 -0.8
v 3.5 2.1 -0.9
v 3.5 2.1 -1
v 3.5 2.1 -1.1
v 3.5 2.1 -1.4
v 3.5 2.1 -1.5
v 3.5 2.1 -1.6
v 3.5 2.1 -1.7
v 3.5 2.1 -1.8
v 3.5 2.1 -1.9
v 3.5 2.1 -2.1
v 3.5 2.1 -2.2
v 3.5 2.1 -2.3
v 3.5 2.1 -2.4
v 3.5 2.1 -2.5
v 3.5 2.1 -2.6
v 3.5 2.1 -2.7
v 3.5 2.1 -2.8
v 3.5 2.1 -2.9
v 3.5 2.1 -3
v 3.5 2.1 -3.1
v 3.5 2.1 -3.2
v 3.5 2.1 -3.3
v 3.5 2.1 -3.4
v 3.5 2.1 -3.5
v 3.5 2.2 -0.5
v 3.5 2.2 -0.6
v 3.5 2.2 -0.7
v 3.5 2.2 -0.8
v 3.5 2.3 -0.5
v 3.5 2.3 -0.6
v 3.5 2.3 -0.7
v 3.5 2.3 -0.8
v 3.5 2.3 -0.9
v 3.5 2.3 -1.2
v 3.5 2.3 -1.3
v 3.5 2.3 -1.5
v 3.5 2.3 -1.6
v 3.5 2.3 -1.9
v 3.5 2.3 -2.2
v 3.5 2.3 -2.3
v 3.5 2.3 -2.4
v 3.5 2.3 -2.6
v 3.5 2.3 -2.9
v 3.5 2.3 -3.2
v 3.5 2.3 -3.3
v 3.5 2.3 -3.4
v 3.5 2.3 -3.5
v 3.5 2.4 -0.5
v 3.5 2.4 -0.6
v 3.5 2.4 -0.7
v 3.5 2.4 -0.9
v 3.5 2.4 -1
v 3.5 2.4 -1.6
v 3.5 2.4 -1.7
v 3.5 2.4 -1.8
v 3.5 2.4 -2.2
v 3.5 2.4 -2.3
v 3.5 2.4 -2.9
v 3.5 2.4 -3.2
v 3.5 2.4 -3.3
v 3.5 2.4 -3.4
v 3.5 2.4 -3.5
v 3.5 2.5 -2.1
v 3.5 2.5 -2.2
v 3.5 2.5 -2.3
v 3.5 2.5 -2.9
v 3.5 2.5 -3
v 3.5 2.6 -0.5
v 3.5 2.6 -0.6
v 3.5 2.6 -0.7
v 3.5 2.6 -1
v 3.5 2.6 -1.6
v 3.5 2.6 -1.8
v 3.5 2.6 -2.1
v 3.5 2.6 -2.2
v 3.5 2.6 -2.3
v 3.5 2.6 -2.4
v 3.5 2.6 -2.5
v 3.5 2.6 -2.6
v 3.5 2.6 -2.7
v 3.5 2.6 -2.8
v 3.5 2.6 -2.9
v 3.5 2.6 -3
v 3.5 2.6 -3.3
v 3.5 2.6 -3.4
v 3.5 2.6 -3.5
v 3.5 2.7 -0.5
v 3.5 2.7 -0.6
v 3.5 2.7 -0.7
v 3.5 2.7 -1.1
v 3.5 2.7 -1.5
v 3.5 2.7 -1.8
v 3.5 2.7 -2.2
v 3.5 2.7 -2.4
v 3.5 2.7 -2.5
v 3.5 2.7 -2.6
v 3.5 2.7 -2.7
v 3.5 2.7 -2.8
v 3.5 2.7 -3
v 3.5 2.7 -3.1
v 3.5 2.7 -3.3
v 3.5 2.7 -3.4
v 3.5 2.7 -3.5
v 3.5 2.8 -0.8
v 3.5 2.8 -0.9
v 3.5 2.8 -1.3
v 3.5 2.8 -1.5
v 3.5 2.8 -1.8
v 3.5 2.8 -2.3
v 3.5 2.8 -2.4
v 3.5 2.8 -2.5
v 3.5 2.8 -2.6
v 3.5 2.8 -2.7
v 3.5 2.8 -2.9
v 3.5 2.9 -0.5
v 3.5 2.9 -0.6
v 3.5 2.9 -0.8
v 3.5 2.9 -0.9
v 3.5 2.9 -1.1
v 3.5 2.9 -1.3
v 3.5 2.9 -1.4
v 3.5 2.9 -1.8
v 3.5 2.9 -2.1
v 3.5 2.9 -2.2
v 3.5 2.9 -2.3
v 3.5 2.9 -2.4
v 3.5 2.9 -2.5
v 3.5 2.9 -2.6
v 3.5 2.9 -2.7
v 3.5 2.9 -2.8
v 3.5 2.9 -2.9
v 3.5 2.9 -3
v 3.5 2.9 -3.1
v 3.5 2.9 -3.5
v 3.5 3 -0.5
v 3.5 3 -0.6
v 3.5 3 -1
v 3.5 3 -1.4
v 3.5 3 -1.7
v 3.5 3 -1.8
v 3.5 3 -2
v 3.5 3 -2.1
v 3.5 3 -2.2
v 3.5 3 -2.3
v 3.5 3 -2.5
v 3.5 3 -2.6
v 3.5 3 -2.7
v 3.5 3 -2.8
v 3.5 3 -2.9
v 3.5 3 -3
v 3.5 3 -3.1
v 3.5 3 -3.3
v 3.5 3 -3.5
v 3.5 3.1 -1.4
v 3.5 3.1 -1.5
v 3.5 3.1 -1.7
v 3.5 3.1 -2.1
v 3.5 3.1 -2.2
v 3.5 3.1 -2.3
v 3.5 3.1 -2.4
v 3.5 3.1 -2.5
v 3.5 3.1 -2.6
v 3.5 3.1 -2.8
v 3.5 3.1 -2.9
v 3.5 3.1 -3
v 3.5 3.1 -3.1
v 3.5 3.2 -0.5
v 3.5 3.2 -0.6
v 3.5 3.2 -0.8
v 3.5 3.2 -1
v 3.5 3.2 -1.5
v 3.5 3.2 -2
v 3.5 3.2 -2.1
v 3.5 3.2 -2.2
v 3.5 3.2 -2.3
v 3.5 3.2 -2.4
v 3.5 3.2 -2.5
v 3.5 3.2 -2.6
v 3.5 3.2 -2.7
v 3.5 3.2 -2.8
v 3.5 3.2 -2.9
v 3.5 3.2 -3
v 3.5 3.2 -3.1
v 3.5 3.2 -3.3
v 3.5 3.2 -3.4
v 3.5 3.2 -3.5
v 3.5 3.3 -0.5
v 3.5 3.3 -0.6
v 3.5 3.3 -0.7
v 3.5 3.3 -0.9
v 3.5 3.3 -1.1
v 3.5 3.3 -1.3
v 3.5 3.3 -2
v 3.5 3.3 -2.1
v 3.5 3.3 -2.2
v 3.5 3.3 -2.3
v 3.5 3.3 -2.6
v 3.5 3.3 -2.7
v 3.5 3.3 -2.8
v 3.5 3.3 -2.9
v 3.5 3.3 -3
v 3.5 3.3 -3.2
v 3.5 3.3 -3.4
v 3.5 3.3 -3.5
v 3.5 3.4 -2.3
v 3.5 3.4 -2.4
v 3.5 3.4 -2.6
v 3.5 3.4 -2.7
v 3.5 3.4 -2.8
v 3.5 3.4 -2.9
v 3.5 3.5 -0.5
v 3.5 3.5 -0.6
v 3.5 3.5 -0.7
v 3.5 3.5 -0.8
v 3.5 3.5 -0.9
v 3.5 3.5 -1.1
v 3.5 3.5 -1.5
v 3.5 3.5 -2
v 3.5 3.5 -2.1
v 3.5 3.5 -2.2
v 3.5 3.5 -2.4
v 3.5 3.5 -2.6
v 3.5 3.5 -2.8
v 3.5 3.5 -2.9
v 3.5 3.5 -3.1
v 3.5 3.5 -3.2
v 3.5 3.5 -3.3
v 3.5 3.5 -3.4
v 3.5 3.5 -3.5
v 3.5 3.6 -0.5
v 3.5 3.6 -0.6
v 3.5 3.6 -0.7
v 3.5 3.6 -0.8
v 3.5 3.6 -1
v 3.5 3.6 -1.1
v 3.5 3.6 -1.3
v 3.5 3.6 -1.7
v 3.5 3.6 -2.1
v 3.5 3.6 -2.3
v 3.5 3.6 -2.4
v 3.5 3.6 -2.5
v 3.5 3.6 -2.7
v 3.5 3.6 -3.2
v 3.5 3.6 -3.4
v 3.5 3.6 -3.5
v 3.5 3.9 -0.5
v 3.5 3.9 -0.6
v 3.5 3.9 -0.7
v 3.5 3.9 -0.8
v 3.5 3.9 -3.2
v 3.5 3.9 -3.3
v 3.5 3.9 -3.4
v 3.5 3.9 -3.5
v 3.5 4 -0.5
v 3.5 4 -0.6
v 3.5 4 -0.7
v 3.5 4 -0.8
v 3.5 4 -3.2
v 3.5 4 -3.3
v 3.5 4 -3.4
v 3.5 4 -3.5
v 3.5 4.1 -0.5
v 3.5 4.1 -0.6
v 3.5 4.1 -0.7
v 3.5 4.1 -0.8
v 3.5 4.1 -3.2
v 3.5 4.1 -3.3
v 3.5 4.2 -0.5
v 3.5 4.2 -0.6
v 3.5 4.2 -0.7
v 3.5 4.2 -0.8
v 3.5 4.2 -0.9
v 3.5 4.2 -3.1
v 3.5 4.2 -3.2
v 3.5 4.2 -3.3
v 3.5 4.2 -3.4
v 3.5 4.2 -3.5
v 3.5 4.4 -0.6
v 3.5 4.4 -0.7
v 3.5 4.4 -0.8
v 3.5 4.4 -3.3
v 3.5 4.4 -3.4
v 3.5 4.5 -0.6
v 3.5 4.5 -0.7
v 3.5 4.5 -0.8
v 3.5 4.5 -0.9
v 3.5 4.5 -1
v 3.5 4.5 -3
v 3.5 4.5 -3.1
v 3.5 4.5 -3.2
v 3.5 4.5 -3.3
v 3.5 4.5 -3.4
v 3.5 4.6 -0.7
v 3.5 4.6 -0.8
v 3.5 4.6 -0.9
v 3.5 4.6 -1
v 3.5 4.6 -1.1
v 3.5 4.6 -2.9
v 3.5 4.6 -3
v 3.5 4.6 -3.1
v 3.5 4.6 -3.2
v 3.5 4.6 -3.3
v 3.5 4.7 -0.8
v 3.5 4.7 -0.9
v 3.5 4.7 -1
v 3.5 4.7 -1.1
v 3.5 4.7 -1.2
v 3.5 4.7 -2.8
v 3.5 4.7 -2.9
v 3.5 4.7 -3
v 3.5 4.7 -3.1
v 3.5 4.7 -3.2
v 3.5 4.8 -2.9
v 3.5 4.8 -3
v 3.5 4.9 -0.9
v 3.5 4.9 -1
v 3.5 4.9 -1.1
v 3.5 4.9 -1.2
v 3.5 4.9 -1.3
v 3.5 4.9 -2.7
v 3.5 4.9 -2.8
v 3.5 4.9 -2.9
v 3.5 4.9 -3
v 3.5 4.9 -3.1
v 3.5 5 -1
v 3.5 5 -1.1
v 3.5 5 -1.2
v 3.5 5 -1.3
v 3.5 5 -1.5
v 3.5 5 -2.5
v 3.5 5 -2.7
v 3.5 5 -2.8
v 3.5 5 -2.9
v 3.5 5 -3
v 3.5 5.1 -1.1
v 3.5 5.1 -1.2
v 3.5 5.1 -1.3
v 3.5 5.1 -1.4
v 3.5 5.1 -1.5
v 3.5 5.1 -1.7
v 3.5 5.1 -2.3
v 3.5 5.1 -2.5
v 3.5 5.1 -2.7
v 3.5 5.1 -2.8
v 3.5 5.1 -2.9
v 3.5 5.2 -1.2
v 3.5 5.2 -1.3
v 3.5 5.2 -1.4
v 3.5 5.2 -1.5
v 3.5 5.2 -1.6
v 3.5 5.2 -1.7
v 3.5 5.2 -1.9
v 3.5 5.2 -2.1
v 3.5 5.2 -2.3
v 3.5 5.2 -2.4
v 3.5 5.2 -2.5
v 3.5 5.2 -2.6
v 3.5 5.2 -2.7
v 3.5 5.2 -2.8
v 3.5 5.3 -1.3
v 3.5 5.3 -1.5
v 3.5 5.3 -1.6
v 3.5 5.3 -1.7
v 3.5 5.3 -1.9
v 3.5 5.3 -2
v 3.5 5.3 -2.1
v 3.5 5.3 -2.3
v 3.5 5.3 -2.4
v 3.5 5.3 -2.5
v 3.5 5.3 -2.6
v 3.5 5.3 -2.7
v 3.5 5.4 -1.5
v 3.5 5.4 -1.6
v 3.5 5.4 -1.7
v 3.5 5.4 -1.9
v 3.5 5.4 -2
v 3.5 5.4 -2.1
v 3.5 5.4 -2.2
v 3.5 5.4 -2.3
v 3.5 5.4 -2.4
v 3.5 5.4 -2.5
v 3.5 5.5 -1.7
v 3.5 5.5 -1.9
v 3.5 5.5 -2
v 3.5 5.5 -2.1
v 3.5 5.5 -2.2
v 3.5 5.5 -2.3
v 3.5 5.6 -1.9
v 3.5 5.6 -2
v 3.5 5.6 -2.1
v 3.6 2.1 -0.3
v 3.6 2.1 -0.4
v 3.6 2.1 -0.5
v 3.6 2.1 -0.6
v 3.6 2.1 -0.8
v 3.6 2.1 -1
v 3.6 2.1 -1.1
v 3.6 2.1 -1.4
v 3.6 2.1 -1.5
v 3.6 2.1 -1.6
v 3.6 2.1 -1.7
v 3.6 2.1 -1.9
v 3.6 2.1 -2
v 3.6 2.1 -2.1
v 3.6 2.1 -2.2
v 3.6 2.1 -2.3
v 3.6 2.1 -2.4
v 3.6 2.1 -2.6
v 3.6 2.1 -2.8
v 3.6 2.1 -2.9
v 3.6 2.1 -3
v 3.6 2.1 -3.2
v 3.6 2.1 -3.3
v 3.6 2.1 -3.4
v 3.6 2.1 -3.6
v 3.6 2.1 -3.7
v 3.6 2.2 -0.3
v 3.6 2.2 -0.4
v 3.6 2.2 -0.5
v 3.6 2.2 -0.6
v 3.6 2.2 -0.9
v 3.6 2.2 -1
v 3.6 2.2 -1.1
v 3.6 2.2 -1.2
v 3.6 2.2 -1.3
v 3.6 2.2 -1.4
v 3.6 2.2 -1.5
v 3.6 2.2 -1.6
v 3.6 2.2 -1.7
v 3.6 2.2 -1.9
v 3.6 2.2 -2
v 3.6 2.2 -2.1
v 3.6 2.2 -2.2
v 3.6 2.2 -2.3
v 3.6 2.2 -2.4
v 3.6 2.2 -2.6
v 3.6 2.2 -2.8
v 3.6 2.2 -2.9
v 3.6 2.2 -3
v 3.6 2.2 -3.1
v 3.6 2.2 -3.2
v 3.6 2.2 -3.3
v 3.6 2.2 -3.4
v 3.6 2.2 -3.6
v 3.6 2.2 -3.7
v 3.6 2.3 -0.3
v 3.6 2.3 -0.4
v 3.6 2.3 -0.8
v 3.6 2.3 -0.9
v 3.6 2.3 -1.2
v 3.6 2.3 -1.3
v 3.6 2.3 -1.5
v 3.6 2.3 -1.6
v 3.6 2.3 -1.9
v 3.6 2.3 -2.2
v 3.6 2.3 -2.3
v 3.6 2.3 -2.4
v 3.6 2.3 -2.6
v 3.6 2.3 -2.9
v 3.6 2.3 -3
v 3.6 2.3 -3.1
v 3.6 2.3 -3.3
v 3.6 2.3 -3.4
v 3.6 2.3 -3.6
v 3.6 2.3 -3.7
v 3.6 2.4 -0.3
v 3.6 2.4 -0.4
v 3.6 2.4 -0.6
v 3.6 2.4 -0.7
v 3.6 2.4 -0.9
v 3.6 2.4 -1
v 3.6 2.4 -1.6
v 3.6 2.4 -1.7
v 3.6 2.4 -1.8
v 3.6 2.4 -2.2
v 3.6 2.4 -3
v 3.6 2.4 -3.3
v 3.6 2.4 -3.4
v 3.6 2.4 -3.6
v 3.6 2.4 -3.7
v 3.6 2.5 -0.3
v 3.6 2.5 -0.4
v 3.6 2.5 -0.6
v 3.6 2.5 -0.7
v 3.6 2.5 -0.9
v 3.6 2.5 -1
v 3.6 2.5 -1.6
v 3.6 2.5 -1.7
v 3.6 2.5 -1.8
v 3.6 2.5 -2.1
v 3.6 2.5 -2.2
v 3.6 2.5 -2.3
v 3.6 2.5 -2.4
v 3.6 2.5 -2.5
v 3.6 2.5 -2.7
v 3.6 2.5 -2.8
v 3.6 2.5 -2.9
v 3.6 2.5 -3
v 3.6 2.5 -3.3
v 3.6 2.5 -3.4
v 3.6 2.5 -3.6
v 3.6 2.5 -3.7
v 3.6 2.6 -0.3
v 3.6 2.6 -0.4
v 3.6 2.6 -0.6
v 3.6 2.6 -0.7
v 3.6 2.6 -1
v 3.6 2.6 -1.6
v 3.6 2.6 -1.8
v 3.6 2.6 -2.1
v 3.6 2.6 -2.2
v 3.6 2.6 -2.3
v 3.6 2.6 -2.4
v 3.6 2.6 -2.5
v 3.6 2.6 -2.7
v 3.6 2.6 -2.9
v 3.6 2.6 -3
v 3.6 2.6 -3.3
v 3.6 2.6 -3.4
v 3.6 2.6 -3.6
v 3.6 2.6 -3.7
v 3.6 2.7 -0.3
v 3.6 2.7 -0.4
v 3.6 2.7 -0.6
v 3.6 2.7 -0.7
v 3.6 2.7 -1.1
v 3.6 2.7 -1.5
v 3.6 2.7 -1.8
v 3.6 2.7 -2.2
v 3.6 2.7 -3
v 3.6 2.7 -3.1
v 3.6 2.7 -3.4
v 3.6 2.7 -3.6
v 3.6 2.7 -3.7
v 3.6 2.8 -0.3
v 3.6 2.8 -0.4
v 3.6 2.8 -0.6
v 3.6 2.8 -0.7
v 3.6 2.8 -0.8
v 3.6 2.8 -0.9
v 3.6 2.8 -1.1
v 3.6 2.8 -1.3
v 3.6 2.8 -1.5
v 3.6 2.8 -1.8
v 3.6 2.8 -2.1
v 3.6 2.8 -2.9
v 3.6 2.8 -3
v 3.6 2.8 -3.1
v 3.6 2.8 -3.4
v 3.6 2.8 -3.6
v 3.6 2.8 -3.7
v 3.6 2.9 -0.3
v 3.6 2.9 -0.4
v 3.6 2.9 -0.6
v 3.6 2.9 -0.8
v 3.6 2.9 -0.9
v 3.6 2.9 -1.1
v 3.6 2.9 -1.3
v 3.6 2.9 -1.8
v 3.6 2.9 -2.1
v 3.6 2.9 -2.2
v 3.6 2.9 -3
v 3.6 2.9 -3.1
v 3.6 2.9 -3.4
v 3.6 2.9 -3.6
v 3.6 2.9 -3.7
v 3.6 3 -0.3
v 3.6 3 -0.4
v 3.6 3 -0.6
v 3.6 3 -1
v 3.6 3 -1.4
v 3.6 3 -1.7
v 3.6 3 -2
v 3.6 3 -2.1
v 3.6 3 -2.9
v 3.6 3 -3
v 3.6 3 -3.1
v 3.6 3 -3.3
v 3.6 3 -3.4
v 3.6 3 -3.6
v 3.6 3 -3.7
v 3.6 3.1 -0.3
v 3.6 3.1 -0.4
v 3.6 3.1 -0.6
v 3.6 3.1 -0.8
v 3.6 3.1 -1
v 3.6 3.1 -1.4
v 3.6 3.1 -1.5
v 3.6 3.1 -1.7
v 3.6 3.1 -2
v 3.6 3.1 -2.1
v 3.6 3.1 -2.2
v 3.6 3.1 -3
v 3.6 3.1 -3.1
v 3.6 3.1 -3.3
v 3.6 3.1 -3.4
v 3.6 3.1 -3.6
v 3.6 3.1 -3.7
v 3.6 3.2 -0.3
v 3.6 3.2 -0.4
v 3.6 3.2 -0.6
v 3.6 3.2 -0.8
v 3.6 3.2 -1
v 3.6 3.2 -1.5
v 3.6 3.2 -2
v 3.6 3.2 -2.1
v 3.6 3.2 -2.2
v 3.6 3.2 -2.3
v 3.6 3.2 -2.7
v 3.6 3.2 -2.8
v 3.6 3.2 -2.9
v 3.6 3.2 -3
v 3.6 3.2 -3.1
v 3.6 3.2 -3.3
v 3.6 3.2 -3.4
v 3.6 3.2 -3.6
v 3.6 3.2 -3.7
v 3.6 3.3 -0.3
v 3.6 3.3 -0.4
v 3.6 3.3 -0.6
v 3.6 3.3 -0.7
v 3.6 3.3 -0.9
v 3.6 3.3 -1.1
v 3.6 3.3 -1.3
v 3.6 3.3 -2
v 3.6 3.3 -2.1
v 3.6 3.3 -2.2
v 3.6 3.3 -2.3
v 3.6 3.3 -2.7
v 3.6 3.3 -2.8
v 3.6 3.3 -2.9
v 3.6 3.3 -3
v 3.6 3.3 -3.2
v 3.6 3.3 -3.4
v 3.6 3.3 -3.6
v 3.6 3.3 -3.7
v 3.6 3.4 -0.3
v 3.6 3.4 -0.4
v 3.6 3.4 -0.6
v 3.6 3.4 -0.7
v 3.6 3.4 -0.9
v 3.6 3.4 -1.1
v 3.6 3.4 -1.3
v 3.6 3.4 -1.5
v 3.6 3.4 -2
v 3.6 3.4 -2.1
v 3.6 3.4 -2.2
v 3.6 3.4 -2.3
v 3.6 3.4 -2.4
v 3.6 3.4 -2.6
v 3.6 3.4 -2.8
v 3.6 3.4 -2.9
v 3.6 3.4 -3
v 3.6 3.4 -3.1
v 3.6 3.4 -3.2
v 3.6 3.4 -3.3
v 3.6 3.4 -3.4
v 3.6 3.4 -3.6
v 3.6 3.4 -3.7
v 3.6 3.5 -0.3
v 3.6 3.5 -0.4
v 3.6 3.5 -0.6
v 3.6 3.5 -0.7
v 3.6 3.5 -0.9
v 3.6 3.5 -1.1
v 3.6 3.5 -1.5
v 3.6 3.5 -2
v 3.6 3.5 -2.1
v 3.6 3.5 -2.2
v 3.6 3.5 -2.4
v 3.6 3.5 -2.6
v 3.6 3.5 -2.8
v 3.6 3.5 -2.9
v 3.6 3.5 -3.1
v 3.6 3.5 -3.2
v 3.6 3.5 -3.3
v 3.6 3.5 -3.4
v 3.6 3.5 -3.6
v 3.6 3.5 -3.7
v 3.6 3.6 -0.3
v 3.6 3.6 -0.4
v 3.6 3.6 -0.6
v 3.6 3.6 -0.7
v 3.6 3.6 -1
v 3.6 3.6 -1.1
v 3.6 3.6 -1.3
v 3.6 3.6 -1.7
v 3.6 3.6 -2.1
v 3.6 3.6 -2.3
v 3.6 3.6 -2.4
v 3.6 3.6 -2.5
v 3.6 3.6 -2.7
v 3.6 3.6 -3.2
v 3.6 3.6 -3.4
v 3.6 3.6 -3.6
v 3.6 3.6 -3.7
v 3.6 3.7 -0.3
v 3.6 3.7 -0.4
v 3.6 3.7 -0.6
v 3.6 3.7 -0.7
v 3.6 3.7 -0.8
v 3.6 3.7 -0.9
v 3.6 3.7 -1
v 3.6 3.7 -1.1
v 3.6 3.7 -1.2
v 3.6 3.7 -1.3
v 3.6 3.7 -1.7
v 3.6 3.7 -2.1
v 3.6 3.7 -2.3
v 3.6 3.7 -2.4
v 3.6 3.7 -2.5
v 3.6 3.7 -2.7
v 3.6 3.7 -2.9
v 3.6 3.7 -3.1
v 3.6 3.7 -3.2
v 3.6 3.7 -3.4
v 3.6 3.7 -3.6
v 3.6 3.7 -3.7
v 3.6 3.8 -0.3
v 3.6 3.8 -0.4
v 3.6 3.8 -0.5
v 3.6 3.8 -0.6
v 3.6 3.8 -0.7
v 3.6 3.8 -0.8
v 3.6 3.8 -0.9
v 3.6 3.8 -1
v 3.6 3.8 -1.1
v 3.6 3.8 -1.2
v 3.6 3.8 -1.3
v 3.6 3.8 -1.6
v 3.6 3.8 -1.7
v 3.6 3.8 -1.8
v 3.6 3.8 -2.1
v 3.6 3.8 -2.2
v 3.6 3.8 -2.3
v 3.6 3.8 -2.4
v 3.6 3.8 -2.5
v 3.6 3.8 -2.6
v 3.6 3.8 -2.7
v 3.6 3.8 -2.9
v 3.6 3.8 -3
v 3.6 3.8 -3.1
v 3.6 3.8 -3.2
v 3.6 3.8 -3.3
v 3.6 3.8 -3.4
v 3.6 3.8 -3.5
v 3.6 3.8 -3.6
v 3.6 3.8 -3.7
v 3.6 3.9 -0.4
v 3.6 3.9 -0.5
v 3.6 3.9 -0.6
v 3.6 3.9 -0.7
v 3.6 3.9 -3.3
v 3.6 3.9 -3.4
v 3.6 3.9 -3.5
v 3.6 3.9 -3.6
v 3.6 4 -0.6
v 3.6 4 -0.7
v 3.6 4 -3.3
v 3.6 4 -3.4
v 3.6 4.1 -0.6
v 3.6 4.1 -0.7
v 3.6 4.2 -0.6
v 3.6 4.2 -0.7
v 3.6 4.2 -0.8
v 3.6 4.2 -3.2
v 3.6 4.2 -3.3
v 3.6 4.2 -3.4
v 3.6 4.4 -0.7
v 3.6 4.4 -0.8
v 3.6 4.5 -0.7
v 3.6 4.5 -0.8
v 3.6 4.5 -0.9
v 3.6 4.5 -3.1
v 3.6 4.5 -3.2
v 3.6 4.5 -3.3
v 3.6 4.6 -0.8
v 3.6 4.6 -0.9
v 3.6 4.6 -1
v 3.6 4.6 -3
v 3.6 4.6 -3.1
v 3.6 4.6 -3.2
v 3.6 4.7 -0.9
v 3.6 4.7 -1
v 3.6 4.7 -1.1
v 3.6 4.7 -2.9
v 3.6 4.7 -3
v 3.6 4.7 -3.1
v 3.6 4.8 -2.9
v 3.6 4.8 -3
v 3.6 4.9 -1
v 3.6 4.9 -1.1
v 3.6 4.9 -1.2
v 3.6 4.9 -2.8
v 3.6 4.9 -2.9
v 3.6 4.9 -3
v 3.6 5 -1.1
v 3.6 5 -1.2
v 3.6 5 -1.3
v 3.6 5 -2.7
v 3.6 5 -2.8
v 3.6 5 -2.9
v 3.6 5.1 -1.2
v 3.6 5.1 -1.3
v 3.6 5.1 -1.4
v 3.6 5.1 -1.5
v 3.6 5.1 -2.5
v 3.6 5.1 -2.7
v 3.6 5.1 -2.8
v 3.6 5.2 -1.3
v 3.6 5.2 -1.4
v 3.6 5.2 -1.5
v 3.6 5.2 -1.6
v 3.6 5.2 -1.7
v 3.6 5.2 -2.3
v 3.6 5.2 -2.4
v 3.6 5.2 -2.5
v 3.6 5.2 -2.7
v 3.6 5.3 -1.5
v 3.6 5.3 -1.6
v 3.6 5.3 -1.7
v 3.6 5.3 -1.9
v 3.6 5.3 -2.1
v 3.6 5.3 -2.3
v 3.6 5.3 -2.4
v 3.6 5.3 -2.5
v 3.6 5.4 -1.7
v 3.6 5.4 -1.9
v 3.6 5.4 -2
v 3.6 5.4 -2.1
v 3.6 5.4 -2.3
v 3.6 5.5 -1.9
v 3.6 5.5 -2
v 3.6 5.5 -2.1
v 3.7 2.1 -0.4
v 3.7 2.1 -0.5
v 3.7 2.1 -3.4
v 3.7 2.1 -3.5
v 3.7 2.1 -3.6
v 3.7 2.2 -0.4
v 3.7 2.2 -0.5
v 3.7 2.2 -3.4
v 3.7 2.2 -3.5
v 3.7 2.2 -3.6
v 3.7 2.3 -0.4
v 3.7 2.3 -0.5
v 3.7 2.3 -3.4
v 3.7 2.3 -3.5
v 3.7 2.3 -3.6
v 3.7 2.4 -0.4
v 3.7 2.4 -0.5
v 3.7 2.4 -0.6
v 3.7 2.4 -2.2
v 3.7 2.4 -2.3
v 3.7 2.4 -2.9
v 3.7 2.4 -3
v 3.7 2.4 -3.4
v 3.7 2.4 -3.5
v 3.7 2.4 -3.6
v 3.7 2.5 -0.4
v 3.7 2.5 -0.5
v 3.7 2.5 -0.6
v 3.7 2.5 -2.2
v 3.7 2.5 -2.3
v 3.7 2.5 -2.9
v 3.7 2.5 -3
v 3.7 2.5 -3.4
v 3.7 2.5 -3.5
v 3.7 2.5 -3.6
v 3.7 2.6 -0.4
v 3.7 2.6 -0.5
v 3.7 2.6 -0.6
v 3.7 2.6 -3.4
v 3.7 2.6 -3.5
v 3.7 2.6 -3.6
v 3.7 2.7 -0.4
v 3.7 2.7 -0.5
v 3.7 2.7 -0.6
v 3.7 2.7 -3.4
v 3.7 2.7 -3.5
v 3.7 2.7 -3.6
v 3.7 2.8 -0.4
v 3.7 2.8 -0.5
v 3.7 2.8 -0.6
v 3.7 2.8 -3.4
v 3.7 2.8 -3.5
v 3.7 2.8 -3.6
v 3.7 2.9 -0.4
v 3.7 2.9 -0.5
v 3.7 2.9 -0.6
v 3.7 2.9 -3.4
v 3.7 2.9 -3.5
v 3.7 2.9 -3.6
v 3.7 3 -0.4
v 3.7 3 -0.5
v 3.7 3 -0.6
v 3.7 3 -3.4
v 3.7 3 -3.5
v 3.7 3 -3.6
v 3.7 3.1 -0.4
v 3.7 3.1 -0.5
v 3.7 3.1 -0.6
v 3.7 3.1 -3.4
v 3.7 3.1 -3.5
v 3.7 3.1 -3.6
v 3.7 3.2 -0.4
v 3.7 3.2 -0.5
v 3.7 3.2 -0.6
v 3.7 3.2 -3.4
v 3.7 3.2 -3.5
v 3.7 3.2 -3.6
v 3.7 3.3 -0.4
v 3.7 3.3 -0.5
v 3.7 3.3 -0.6
v 3.7 3.3 -3.4
v 3.7 3.3 -3.5
v 3.7 3.3 -3.6
v 3.7 3.4 -0.4
v 3.7 3.4 -0.5
v 3.7 3.4 -0.6
v 3.7 3.4 -3.4
v 3.7 3.4 -3.5
v 3.7 3.4 -3.6
v 3.7 3.5 -0.4
v 3.7 3.5 -0.5
v 3.7 3.5 -0.6
v 3.7 3.5 -3.4
v 3.7 3.5 -3.5
v 3.7 3.5 -3.6
v 3.7 3.6 -0.4
v 3.7 3.6 -0.5
v 3.7 3.6 -0.6
v 3.7 3.6 -3.4
v 3.7 3.6 -3.5
v 3.7 3.6 -3.6
v 3.7 3.7 -0.4
v 3.7 3.7 -0.5
v 3.7 3.7 -0.6
v 3.7 3.7 -3.4
v 3.7 3.7 -3.5
v 3.7 3.7 -3.6
v 3.7 3.8 -0.4
v 3.7 3.8 -0.5
v 3.7 3.8 -0.6
v 3.7 3.8 -0.7
v 3.7 3.8 -0.8
v 3.7 3.8 -1
v 3.7 3.8 -1.2
v 3.7 3.8 -1.3
v 3.7 3.8 -1.6
v 3.7 3.8 -1.7
v 3.7 3.8 -1.8
v 3.7 3.8 -2.2
v 3.7 3.8 -2.4
v 3.7 3.8 -2.5
v 3.7 3.8 -2.6
v 3.7 3.8 -2.9
v 3.7 3.8 -3
v 3.7 3.8 -3.1
v 3.7 3.8 -3.2
v 3.7 3.8 -3.3
v 3.7 3.8 -3.4
v 3.7 3.8 -3.5
v 3.7 3.8 -3.6
v 3.7 3.9 -0.6
v 3.7 3.9 -0.7
v 3.7 3.9 -0.8
v 3.7 3.9 -1
v 3.7 3.9 -1.2
v 3.7 3.9 -1.3
v 3.7 3.9 -1.6
v 3.7 3.9 -1.7
v 3.7 3.9 -1.8
v 3.7 3.9 -2.2
v 3.7 3.9 -2.4
v 3.7 3.9 -2.5
v 3.7 3.9 -2.6
v 3.7 3.9 -2.9
v 3.7 3.9 -3
v 3.7 3.9 -3.1
v 3.7 3.9 -3.2
v 3.7 3.9 -3.3
v 3.7 3.9 -3.4
v 3.8 2.4 -2.3
v 3.8 2.4 -2.4
v 3.8 2.4 -2.5
v 3.8 2.4 -2.6
v 3.8 2.4 -2.7
v 3.8 2.4 -2.9
v 3.8 2.5 -2.3
v 3.8 2.5 -2.4
v 3.8 2.5 -2.5
v 3.8 2.5 -2.6
v 3.8 2.5 -2.7
v 3.8 2.5 -2.9
v 0.4 2.1 -0.3
v 0.4 2.2 -0.3
v 0.4 2.3 -0.3
v 0.4 2.4 -0.3
v 0.4 2.5 -0.3
v 0.4 2.6 -0.3
v 0.4 2.7 -0.3
v 0.4 2.8 -0.3
v 0.4 2.9 -0.3
v 0.4 3 -0.3
v 0.4 3.1 -0.3
v 0.4 3.2 -0.3
v 0.4 3.3 -0.3
v 0.4 3.4 -0.3
v 0.4 3.5 -0.3
v 0.4 3.6 -0.3
v 0.4 3.7 -0.3
v 0.4 3.8 -0.3
v 0.5 2.1 -0.3
v 0.5 2.2 -0.3
v 0.5 2.3 -0.3
v 0.5 2.4 -0.3
v 0.5 2.5 -0.3
v 0.5 2.6 -0.3
v 0.5 2.7 -0.3
v 0.5 2.8 -0.3
v 0.5 2.9 -0.3
v 0.5 3 -0.3
v 0.5 3.1 -0.3
v 0.5 3.2 -0.3
v 0.5 3.3 -0.3
v 0.5 3.4 -0.3
v 0.5 3.5 -0.3
v 0.5 3.6 -0.3
v 0.5 3.7 -0.3
v 0.5 3.8 -0.3
v 0.6 2.1 -0.3
v 0.6 2.2 -0.3
v 0.6 2.3 -0.3
v 0.6 2.4 -0.3
v 0.6 2.5 -0.3
v 0.6 2.6 -0.3
v 0.6 2.7 -0.3
v 0.6 2.8 -0.3
v 0.6 2.9 -0.3
v 0.6 3 -0.3
v 0.6 3.1 -0.3
v 0.6 3.2 -0.3
v 0.6 3.3 -0.3
v 0.6 3.4 -0.3
v 0.6 3.5 -0.3
v 0.6 3.6 -0.3
v 0.6 3.7 -0.3
v 0.7 3.7 -0.3
v 0.7 3.8 -0.3
v 0.9 3.7 -0.3
v 0.9 3.8 -0.3
v 1 3.7 -0.3
v 1 3.8 -0.3
v 1.1 3.7 -0.3
v 1.1 3.8 -0.3
v 1.2 3.7 -0.3
v 1.2 3.8 -0.3
v 1.4 3.7 -0.3
v 1.4 3.8 -0.3
v 1.5 3.7 -0.3
v 1.5 3.8 -0.3
v 1.7 3.7 -0.3
v 1.7 3.8 -0.3
v 1.8 3.7 -0.3
v 1.8 3.8 -0.3
v 1.9 3.7 -0.3
v 1.9 3.8 -0.3
v 2 3.7 -0.3
v 2 3.8 -0.3
v 2.2 3.7 -0.3
v 2.2 3.8 -0.3
v 2.4 3.7 -0.3
v 2.4 3.8 -0.3
v 2.5 3.7 -0.3
v 2.5 3.8 -0.3
v 2.6 3.7 -0.3
v 2.6 3.8 -0.3
v 2.7 3.7 -0.3
v 2.7 3.8 -0.3
v 2.8 3.7 -0.3
v 2.8 3.8 -0.3
v 2.9 3.7 -0.3
v 2.9 3.8 -0.3
v 3 3.7 -0.3
v 3 3.8 -0.3
v 3.1 3.7 -0.3
v 3.1 3.8 -0.3
v 3.2 3.7 -0.3
v 3.2 3.8 -0.3
v 3.3 3.7 -0.3
v 3.3 3.8 -0.3
v 3.4 2.1 -0.3
v 3.4 2.2 -0.3
v 3.4 2.3 -0.3
v 3.4 2.4 -0.3
v 3.4 2.5 -0.3
v 3.4 2.6 -0.3
v 3.4 2.7 -0.3
v 3.4 2.8 -0.3
v 3.4 2.9 -0.3
v 3.4 3 -0.3
v 3.4 3.1 -0.3
v 3.4 3.2 -0.3
v 3.4 3.3 -0.3
v 3.4 3.4 -0.3
v 3.4 3.5 -0.3
v 3.4 3.6 -0.3
v 3.4 3.7 -0.3
v 3.4 3.8 -0.3
v 3.5 2.1 -0.3
v 3.5 2.2 -0.3
v 3.5 2.3 -0.3
v 3.5 2.4 -0.3
v 3.5 2.5 -0.3
v 3.5 2.6 -0.3
v 3.5 2.7 -0.3
v 3.5 2.8 -0.3
v 3.5 2.9 -0.3
v 3.5 3 -0.3
v 3.5 3.1 -0.3
v 3.5 3.2 -0.3
v 3.5 3.3 -0.3
v 3.5 3.4 -0.3
v 3.5 3.5 -0.3
v 3.5 3.6 -0.3
v 3.5 3.7 -0.3
v 3.5 3.8 -0.3
v 3.6 2.1 -0.3
v 3.6 2.2 -0.3
v 3.6 2.3 -0.3
v 3.6 2.4 -0.3
v 3.6 2.5 -0.3
v 3.6 2.6 -0.3
v 3.6 2.7 -0.3
v 3.6 2.8 -0.3
v 3.6 2.9 -0.3
v 3.6 3 -0.3
v 3.6 3.1 -0.3
v 3.6 3.2 -0.3
v 3.6 3.3 -0.3
v 3.6 3.4 -0.3
v 3.6 3.5 -0.3
v 3.6 3.6 -0.3
v 3.6 3.7 -0.3
v 3.6 3.8 -0.3
v 0.3 2.1 -0.4
v 0.3 2.2 -0.4
v 0.3 2.3 -0.4
v 0.3 2.4 -0.4
v 0.3 2.5 -0.4
v 0.3 2.6 -0.4
v 0.3 2.7 -0.4
v 0.3 2.8 -0.4
v 0.3 2.9 -0.4
v 0.3 3 -0.4
v 0.3 3.1 -0.4
v 0.3 3.2 -0.4
v 0.3 3.3 -0.4
v 0.3 3.4 -0.4
v 0.3 3.5 -0.4
v 0.3 3.6 -0.4
v 0.3 3.7 -0.4
v 0.3 3.8 -0.4
v 0.4 2.1 -0.4
v 0.4 2.2 -0.4
v 0.4 2.3 -0.4
v 0.4 2.4 -0.4
v 0.4 2.5 -0.4
v 0.4 2.6 -0.4
v 0.4 2.7 -0.4
v 0.4 2.8 -0.4
v 0.4 2.9 -0.4
v 0.4 3 -0.4
v 0.4 3.1 -0.4
v 0.4 3.2 -0.4
v 0.4 3.3 -0.4
v 0.4 3.4 -0.4
v 0.4 3.5 -0.4
v 0.4 3.6 -0.4
v 0.4 3.7 -0.4
v 0.4 3.8 -0.4
v 0.4 3.9 -0.4
v 0.5 3.8 -0.4
v 0.5 3.9 -0.4
v 0.6 2.1 -0.4
v 0.6 2.2 -0.4
v 0.6 2.3 -0.4
v 0.6 2.4 -0.4
v 0.6 2.5 -0.4
v 0.6 2.6 -0.4
v 0.6 2.7 -0.4
v 0.6 2.8 -0.4
v 0.6 2.9 -0.4
v 0.6 3 -0.4
v 0.6 3.1 -0.4
v 0.6 3.2 -0.4
v 0.6 3.3 -0.4
v 0.6 3.4 -0.4
v 0.6 3.5 -0.4
v 0.6 3.6 -0.4
v 0.6 3.7 -0.4
v 0.6 3.8 -0.4
v 0.6 3.9 -0.4
v 0.7 2.1 -0.4
v 0.7 2.2 -0.4
v 0.7 2.3 -0.4
v 0.7 2.4 -0.4
v 0.7 2.5 -0.4
v 0.7 2.6 -0.4
v 0.7 2.7 -0.4
v 0.7 2.8 -0.4
v 0.7 2.9 -0.4
v 0.7 3.3 -0.4
v 0.7 3.4 -0.4
v 0.7 3.5 -0.4
v 0.7 3.7 -0.4
v 0.7 3.8 -0.4
v 0.7 3.9 -0.4
v 0.8 2.1 -0.4
v 0.8 2.2 -0.4
v 0.8 2.3 -0.4
v 0.8 3.6 -0.4
v 0.8 3.7 -0.4
v 0.8 3.8 -0.4
v 0.8 3.9 -0.4
v 0.9 2.2 -0.4
v 0.9 2.3 -0.4
v 0.9 3 -0.4
v 0.9 3.1 -0.4
v 0.9 3.2 -0.4
v 0.9 3.7 -0.4
v 0.9 3.8 -0.4
v 0.9 3.9 -0.4
v 1 2.1 -0.4
v 1 2.2 -0.4
v 1 2.3 -0.4
v 1 2.4 -0.4
v 1 2.5 -0.4
v 1 3.6 -0.4
v 1 3.7 -0.4
v 1 3.8 -0.4
v 1 3.9 -0.4
v 1.1 2.2 -0.4
v 1.1 2.3 -0.4
v 1.1 2.4 -0.4
v 1.1 2.5 -0.4
v 1.1 2.6 -0.4
v 1.1 3.3 -0.4
v 1.1 3.4 -0.4
v 1.1 3.5 -0.4
v 1.1 3.7 -0.4
v 1.1 3.8 -0.4
v 1.1 3.9 -0.4
v 1.2 2.1 -0.4
v 1.2 2.2 -0.4
v 1.2 2.3 -0.4
v 1.2 3.6 -0.4
v 1.2 3.7 -0.4
v 1.2 3.8 -0.4
v 1.2 3.9 -0.4
v 1.3 2.1 -0.4
v 1.3 2.2 -0.4
v 1.3 2.3 -0.4
v 1.3 2.7 -0.4
v 1.3 2.8 -0.4
v 1.3 2.9 -0.4
v 1.3 3.6 -0.4
v 1.3 3.7 -0.4
v 1.3 3.8 -0.4
v 1.3 3.9 -0.4
v 1.4 3.1 -0.4
v 1.4 3.2 -0.4
v 1.4 3.7 -0.4
v 1.4 3.8 -0.4
v 1.5 2.7 -0.4
v 1.5 2.8 -0.4
v 1.5 2.9 -0.4
v 1.5 3 -0.4
v 1.5 3.1 -0.4
v 1.5 3.3 -0.4
v 1.5 3.4 -0.4
v 1.5 3.5 -0.4
v 1.5 3.7 -0.4
v 1.5 3.8 -0.4
v 1.5 3.9 -0.4
v 1.6 2.2 -0.4
v 1.6 2.3 -0.4
v 1.6 2.4 -0.4
v 1.6 2.5 -0.4
v 1.6 3.3 -0.4
v 1.6 3.4 -0.4
v 1.6 3.6 -0.4
v 1.6 3.7 -0.4
v 1.6 3.8 -0.4
v 1.6 3.9 -0.4
v 1.7 2.1 -0.4
v 1.7 2.2 -0.4
v 1.7 2.5 -0.4
v 1.7 2.6 -0.4
v 1.7 2.8 -0.4
v 1.7 2.9 -0.4
v 1.7 3.4 -0.4
v 1.7 3.5 -0.4
v 1.7 3.7 -0.4
v 1.7 3.8 -0.4
v 1.8 2.5 -0.4
v 1.8 2.6 -0.4
v 1.8 3.4 -0.4
v 1.8 3.5 -0.4
v 1.8 3.7 -0.4
v 1.8 3.8 -0.4
v 1.8 3.9 -0.4
v 1.9 3.7 -0.4
v 1.9 3.8 -0.4
v 2 2.4 -0.4
v 2 2.5 -0.4
v 2 3.3 -0.4
v 2 3.4 -0.4
v 2 3.7 -0.4
v 2 3.8 -0.4
v 2 3.9 -0.4
v 2.1 2.1 -0.4
v 2.1 2.2 -0.4
v 2.1 2.4 -0.4
v 2.1 2.5 -0.4
v 2.1 3.6 -0.4
v 2.1 3.7 -0.4
v 2.2 2.5 -0.4
v 2.2 2.6 -0.4
v 2.2 3 -0.4
v 2.2 3.1 -0.4
v 2.2 3.3 -0.4
v 2.2 3.4 -0.4
v 2.2 3.5 -0.4
v 2.2 3.7 -0.4
v 2.2 3.8 -0.4
v 2.3 2.2 -0.4
v 2.3 2.3 -0.4
v 2.3 2.8 -0.4
v 2.3 2.9 -0.4
v 2.3 3.1 -0.4
v 2.3 3.2 -0.4
v 2.3 3.6 -0.4
v 2.3 3.7 -0.4
v 2.3 3.8 -0.4
v 2.3 3.9 -0.4
v 2.4 2.4 -0.4
v 2.4 2.5 -0.4
v 2.4 2.6 -0.4
v 2.4 2.7 -0.4
v 2.4 2.8 -0.4
v 2.4 2.9 -0.4
v 2.4 3 -0.4
v 2.4 3.1 -0.4
v 2.4 3.2 -0.4
v 2.4 3.7 -0.4
v 2.4 3.8 -0.4
v 2.4 3.9 -0.4
v 2.5 3.4 -0.4
v 2.5 3.5 -0.4
v 2.5 3.6 -0.4
v 2.5 3.7 -0.4
v 2.5 3.8 -0.4
v 2.5 3.9 -0.4
v 2.6 2.1 -0.4
v 2.6 2.2 -0.4
v 2.6 2.3 -0.4
v 2.6 3.3 -0.4
v 2.6 3.4 -0.4
v 2.6 3.7 -0.4
v 2.6 3.8 -0.4
v 2.6 3.9 -0.4
v 2.7 2.4 -0.4
v 2.7 2.5 -0.4
v 2.7 2.6 -0.4
v 2.7 2.7 -0.4
v 2.7 2.8 -0.4
v 2.7 3 -0.4
v 2.7 3.1 -0.4
v 2.7 3.2 -0.4
v 2.7 3.7 -0.4
v 2.7 3.8 -0.4
v 2.7 3.9 -0.4
v 2.8 2.2 -0.4
v 2.8 2.3 -0.4
v 2.8 2.4 -0.4
v 2.8 2.5 -0.4
v 2.8 2.8 -0.4
v 2.8 2.9 -0.4
v 2.8 3.6 -0.4
v 2.8 3.7 -0.4
v 2.8 3.8 -0.4
v 2.8 3.9 -0.4
v 2.9 2.1 -0.4
v 2.9 2.2 -0.4
v 2.9 2.3 -0.4
v 2.9 2.4 -0.4
v 2.9 2.5 -0.4
v 2.9 2.6 -0.4
v 2.9 3 -0.4
v 2.9 3.1 -0.4
v 2.9 3.2 -0.4
v 2.9 3.3 -0.4
v 2.9 3.4 -0.4
v 2.9 3.5 -0.4
v 2.9 3.7 -0.4
v 2.9 3.8 -0.4
v 2.9 3.9 -0.4
v 3 2.1 -0.4
v 3 2.2 -0.4
v 3 2.4 -0.4
v 3 2.5 -0.4
v 3 2.7 -0.4
v 3 2.8 -0.4
v 3 2.9 -0.4
v 3 3.7 -0.4
v 3 3.8 -0.4
v 3 3.9 -0.4
v 3.1 2.1 -0.4
v 3.1 2.2 -0.4
v 3.1 2.3 -0.4
v 3.1 2.5 -0.4
v 3.1 2.6 -0.4
v 3.1 2.7 -0.4
v 3.1 2.8 -0.4
v 3.1 2.9 -0.4
v 3.1 3.6 -0.4
v 3.1 3.7 -0.4
v 3.1 3.8 -0.4
v 3.1 3.9 -0.4
v 3.2 2.1 -0.4
v 3.2 2.2 -0.4
v 3.2 2.3 -0.4
v 3.2 2.4 -0.4
v 3.2 2.5 -0.4
v 3.2 2.7 -0.4
v 3.2 2.8 -0.4
v 3.2 3.1 -0.4
v 3.2 3.2 -0.4
v 3.2 3.7 -0.4
v 3.2 3.8 -0.4
v 3.2 3.9 -0.4
v 3.3 2.1 -0.4
v 3.3 2.2 -0.4
v 3.3 2.4 -0.4
v 3.3 2.5 -0.4
v 3.3 2.6 -0.4
v 3.3 2.7 -0.4
v 3.3 2.8 -0.4
v 3.3 2.9 -0.4
v 3.3 3 -0.4
v 3.3 3.1 -0.4
v 3.3 3.3 -0.4
v 3.3 3.4 -0.4
v 3.3 3.5 -0.4
v 3.3 3.6 -0.4
v 3.3 3.7 -0.4
v 3.3 3.8 -0.4
v 3.3 3.9 -0.4
v 3.4 2.1 -0.4
v 3.4 2.2 -0.4
v 3.4 2.3 -0.4
v 3.4 2.4 -0.4
v 3.4 2.5 -0.4
v 3.4 2.6 -0.4
v 3.4 2.7 -0.4
v 3.4 2.8 -0.4
v 3.4 2.9 -0.4
v 3.4 3 -0.4
v 3.4 3.1 -0.4
v 3.4 3.2 -0.4
v 3.4 3.3 -0.4
v 3.4 3.4 -0.4
v 3.4 3.5 -0.4
v 3.4 3.6 -0.4
v 3.4 3.7 -0.4
v 3.4 3.8 -0.4
v 3.4 3.9 -0.4
v 3.5 3.8 -0.4
v 3.5 3.9 -0.4
v 3.6 2.1 -0.4
v 3.6 2.2 -0.4
v 3.6 2.3 -0.4
v 3.6 2.4 -0.4
v 3.6 2.5 -0.4
v 3.6 2.6 -0.4
v 3.6 2.7 -0.4
v 3.6 2.8 -0.4
v 3.6 2.9 -0.4
v 3.6 3 -0.4
v 3.6 3.1 -0.4
v 3.6 3.2 -0.4
v 3.6 3.3 -0.4
v 3.6 3.4 -0.4
v 3.6 3.5 -0.4
v 3.6 3.6 -0.4
v 3.6 3.7 -0.4
v 3.6 3.8 -0.4
v 3.6 3.9 -0.4
v 3.7 2.1 -0.4
v 3.7 2.2 -0.4
v 3.7 2.3 -0.4
v 3.7 2.4 -0.4
v 3.7 2.5 -0.4
v 3.7 2.6 -0.4
v 3.7 2.7 -0.4
v 3.7 2.8 -0.4
v 3.7 2.9 -0.4
v 3.7 3 -0.4
v 3.7 3.1 -0.4
v 3.7 3.2 -0.4
v 3.7 3.3 -0.4
v 3.7 3.4 -0.4
v 3.7 3.5 -0.4
v 3.7 3.6 -0.4
v 3.7 3.7 -0.4
v 3.7 3.8 -0.4
v 0.5 2 -0.5
v 0.5 2.1 -0.5
v 0.5 2.3 -0.5
v 0.5 2.4 -0.5
v 0.5 2.6 -0.5
v 0.5 2.7 -0.5
v 0.5 2.9 -0.5
v 0.5 3 -0.5
v 0.5 3.2 -0.5
v 0.5 3.3 -0.5
v 0.5 3.5 -0.5
v 0.5 3.6 -0.5
v 0.5 3.9 -0.5
v 0.5 4 -0.5
v 0.5 4.2 -0.5
v 0.6 2 -0.5
v 0.6 2.1 -0.5
v 0.6 2.3 -0.5
v 0.6 2.6 -0.5
v 0.6 2.7 -0.5
v 0.6 2.9 -0.5
v 0.6 3 -0.5
v 0.6 3.5 -0.5
v 0.6 3.9 -0.5
v 0.6 4 -0.5
v 0.6 4.2 -0.5
v 0.7 2 -0.5
v 0.7 2.1 -0.5
v 0.7 2.3 -0.5
v 0.7 2.4 -0.5
v 0.7 2.6 -0.5
v 0.7 2.7 -0.5
v 0.7 2.9 -0.5
v 0.7 3.2 -0.5
v 0.7 3.3 -0.5
v 0.7 3.5 -0.5
v 0.7 3.9 -0.5
v 0.7 4.1 -0.5
v 0.8 2 -0.5
v 0.8 2.1 -0.5
v 0.8 2.3 -0.5
v 0.8 2.4 -0.5
v 0.8 3.6 -0.5
v 0.8 3.9 -0.5
v 0.8 4.1 -0.5
v 0.8 4.2 -0.5
v 0.9 2 -0.5
v 0.9 2.1 -0.5
v 0.9 2.3 -0.5
v 0.9 3 -0.5
v 0.9 3.2 -0.5
v 0.9 3.9 -0.5
v 0.9 4.1 -0.5
v 0.9 4.2 -0.5
v 1 2.1 -0.5
v 1 2.3 -0.5
v 1 2.4 -0.5
v 1 3.6 -0.5
v 1 3.9 -0.5
v 1 4 -0.5
v 1 4.2 -0.5
v 1.1 2 -0.5
v 1.1 2.1 -0.5
v 1.1 2.3 -0.5
v 1.1 2.4 -0.5
v 1.1 2.6 -0.5
v 1.1 3.3 -0.5
v 1.1 3.5 -0.5
v 1.1 3.9 -0.5
v 1.1 4 -0.5
v 1.1 4.1 -0.5
v 1.1 4.2 -0.5
v 1.2 2.1 -0.5
v 1.2 2.3 -0.5
v 1.2 3.6 -0.5
v 1.2 3.9 -0.5
v 1.2 4.1 -0.5
v 1.2 4.2 -0.5
v 1.3 2.1 -0.5
v 1.3 2.3 -0.5
v 1.3 2.7 -0.5
v 1.3 2.9 -0.5
v 1.3 3 -0.5
v 1.3 3.2 -0.5
v 1.3 3.3 -0.5
v 1.3 3.6 -0.5
v 1.3 3.9 -0.5
v 1.4 3.1 -0.5
v 1.4 3.2 -0.5
v 1.4 3.3 -0.5
v 1.4 3.9 -0.5
v 1.4 4 -0.5
v 1.4 4.1 -0.5
v 1.4 4.2 -0.5
v 1.5 2.7 -0.5
v 1.5 2.9 -0.5
v 1.5 3 -0.5
v 1.5 3.1 -0.5
v 1.5 3.5 -0.5
v 1.5 3.9 -0.5
v 1.5 4 -0.5
v 1.5 4.1 -0.5
v 1.5 4.2 -0.5
v 1.6 2.3 -0.5
v 1.6 2.4 -0.5
v 1.6 2.5 -0.5
v 1.6 2.6 -0.5
v 1.6 2.7 -0.5
v 1.6 3 -0.5
v 1.6 3.2 -0.5
v 1.6 3.3 -0.5
v 1.6 3.4 -0.5
v 1.6 3.6 -0.5
v 1.6 3.9 -0.5
v 1.6 4.1 -0.5
v 1.6 4.2 -0.5
v 1.7 2.1 -0.5
v 1.7 2.5 -0.5
v 1.7 2.6 -0.5
v 1.7 2.8 -0.5
v 1.7 2.9 -0.5
v 1.7 3.4 -0.5
v 1.7 3.5 -0.5
v 1.7 4 -0.5
v 1.7 4.1 -0.5
v 1.7 4.2 -0.5
v 1.8 2.5 -0.5
v 1.8 2.6 -0.5
v 1.8 2.9 -0.5
v 1.8 3 -0.5
v 1.8 3.4 -0.5
v 1.8 3.5 -0.5
v 1.8 3.9 -0.5
v 1.8 4 -0.5
v 1.9 2.6 -0.5
v 1.9 2.7 -0.5
v 1.9 3.3 -0.5
v 1.9 3.4 -0.5
v 1.9 4.1 -0.5
v 1.9 4.2 -0.5
v 2 2.4 -0.5
v 2 2.5 -0.5
v 2 3.3 -0.5
v 2 3.4 -0.5
v 2 3.9 -0.5
v 2 4 -0.5
v 2 4.1 -0.5
v 2 4.2 -0.5
v 2.1 2.1 -0.5
v 2.1 2.4 -0.5
v 2.1 2.5 -0.5
v 2.1 2.9 -0.5
v 2.1 3 -0.5
v 2.1 3.2 -0.5
v 2.1 3.3 -0.5
v 2.1 3.5 -0.5
v 2.1 3.6 -0.5
v 2.1 3.9 -0.5
v 2.1 4 -0.5
v 2.1 4.1 -0.5
v 2.2 2.5 -0.5
v 2.2 2.6 -0.5
v 2.2 3 -0.5
v 2.2 3.1 -0.5
v 2.2 3.2 -0.5
v 2.2 3.3 -0.5
v 2.2 3.5 -0.5
v 2.3 2.3 -0.5
v 2.3 2.8 -0.5
v 2.3 2.9 -0.5
v 2.3 3 -0.5
v 2.3 3.1 -0.5
v 2.3 3.2 -0.5
v 2.3 3.6 -0.5
v 2.3 3.9 -0.5
v 2.3 4 -0.5
v 2.3 4.2 -0.5
v 2.4 2.4 -0.5
v 2.4 2.6 -0.5
v 2.4 2.7 -0.5
v 2.4 2.9 -0.5
v 2.4 3 -0.5
v 2.4 3.2 -0.5
v 2.4 3.5 -0.5
v 2.4 3.6 -0.5
v 2.4 3.9 -0.5
v 2.4 4.1 -0.5
v 2.5 3.2 -0.5
v 2.5 3.3 -0.5
v 2.5 3.5 -0.5
v 2.5 3.6 -0.5
v 2.5 3.9 -0.5
v 2.5 4 -0.5
v 2.5 4.1 -0.5
v 2.6 2.1 -0.5
v 2.6 2.3 -0.5
v 2.6 3.3 -0.5
v 2.6 3.9 -0.5
v 2.6 4 -0.5
v 2.6 4.1 -0.5
v 2.7 2.4 -0.5
v 2.7 2.6 -0.5
v 2.7 2.7 -0.5
v 2.7 2.9 -0.5
v 2.7 3 -0.5
v 2.7 3.2 -0.5
v 2.7 3.9 -0.5
v 2.7 4.1 -0.5
v 2.7 4.2 -0.5
v 2.8 2 -0.5
v 2.8 2.1 -0.5
v 2.8 2.3 -0.5
v 2.8 2.4 -0.5
v 2.8 2.9 -0.5
v 2.8 3.6 -0.5
v 2.8 3.9 -0.5
v 2.8 4.1 -0.5
v 2.8 4.2 -0.5
v 2.9 2 -0.5
v 2.9 2.1 -0.5
v 2.9 2.3 -0.5
v 2.9 2.4 -0.5
v 2.9 2.6 -0.5
v 2.9 2.7 -0.5
v 2.9 3 -0.5
v 2.9 3.2 -0.5
v 2.9 3.3 -0.5
v 2.9 3.5 -0.5
v 2.9 3.9 -0.5
v 2.9 4 -0.5
v 2.9 4.1 -0.5
v 2.9 4.2 -0.5
v 3 2 -0.5
v 3 2.1 -0.5
v 3 2.4 -0.5
v 3 2.6 -0.5
v 3 2.7 -0.5
v 3 2.9 -0.5
v 3 3.9 -0.5
v 3 4 -0.5
v 3 4.1 -0.5
v 3 4.2 -0.5
v 3.1 2 -0.5
v 3.1 2.1 -0.5
v 3.1 2.3 -0.5
v 3.1 2.6 -0.5
v 3.1 2.7 -0.5
v 3.1 2.9 -0.5
v 3.1 3.6 -0.5
v 3.1 3.9 -0.5
v 3.1 4 -0.5
v 3.1 4.1 -0.5
v 3.1 4.2 -0.5
v 3.2 2.1 -0.5
v 3.2 2.3 -0.5
v 3.2 2.4 -0.5
v 3.2 2.7 -0.5
v 3.2 2.9 -0.5
v 3.2 3 -0.5
v 3.2 3.2 -0.5
v 3.2 3.3 -0.5
v 3.2 3.9 -0.5
v 3.2 4 -0.5
v 3.2 4.1 -0.5
v 3.2 4.2 -0.5
v 3.3 2 -0.5
v 3.3 2.1 -0.5
v 3.3 2.4 -0.5
v 3.3 2.6 -0.5
v 3.3 2.7 -0.5
v 3.3 2.9 -0.5
v 3.3 3 -0.5
v 3.3 3.3 -0.5
v 3.3 3.5 -0.5
v 3.3 3.6 -0.5
v 3.3 3.9 -0.5
v 3.3 4 -0.5
v 3.3 4.1 -0.5
v 3.3 4.2 -0.5
v 3.4 2.3 -0.5
v 3.4 2.4 -0.5
v 3.4 2.6 -0.5
v 3.4 2.7 -0.5
v 3.4 3 -0.5
v 3.4 3.3 -0.5
v 3.4 3.5 -0.5
v 3.4 3.6 -0.5
v 3.4 3.9 -0.5
v 3.4 4 -0.5
v 3.4 4.1 -0.5
v 3.4 4.2 -0.5
v 3.5 2 -0.5
v 3.5 2.1 -0.5
v 3.5 2.3 -0.5
v 3.5 2.4 -0.5
v 3.5 2.6 -0.5
v 3.5 2.7 -0.5
v 3.5 2.9 -0.5
v 3.5 3 -0.5
v 3.5 3.2 -0.5
v 3.5 3.3 -0.5
v 3.5 3.5 -0.5
v 3.5 3.6 -0.5
v 3.5 3.9 -0.5
v 3.5 4 -0.5
v 3.5 4.1 -0.5
v 3.5 4.2 -0.5
v 0.3 3.8 -0.6
v 0.3 3.9 -0.6
v 0.4 3.8 -0.6
v 0.4 3.9 -0.6
v 0.4 4 -0.6
v 0.4 4.2 -0.6
v 0.5 3.9 -0.6
v 0.5 4 -0.6
v 0.5 4.2 -0.6
v 0.5 4.3 -0.6
v 0.5 4.4 -0.6
v 0.5 4.5 -0.6
v 0.6 4.2 -0.6
v 0.6 4.3 -0.6
v 0.6 4.4 -0.6
v 0.6 4.5 -0.6
v 0.7 4.2 -0.6
v 0.7 4.3 -0.6
v 0.7 4.4 -0.6
v 0.7 4.5 -0.6
v 0.8 4.2 -0.6
v 0.8 4.3 -0.6
v 0.9 4.2 -0.6
v 0.9 4.3 -0.6
v 0.9 4.4 -0.6
v 0.9 4.5 -0.6
v 1 4.2 -0.6
v 1 4.3 -0.6
v 1 4.4 -0.6
v 1 4.5 -0.6
v 1.1 4.2 -0.6
v 1.1 4.4 -0.6
v 1.1 4.5 -0.6
v 1.2 4.2 -0.6
v 1.2 4.3 -0.6
v 1.3 4.2 -0.6
v 1.3 4.3 -0.6
v 1.3 4.4 -0.6
v 1.3 4.5 -0.6
v 1.4 3.2 -0.6
v 1.4 3.3 -0.6
v 1.4 4.2 -0.6
v 1.5 4.2 -0.6
v 1.6 3 -0.6
v 1.6 3.2 -0.6
v 1.6 3.3 -0.6
v 1.6 4.2 -0.6
v 1.6 4.3 -0.6
v 1.6 4.4 -0.6
v 1.6 4.5 -0.6
v 1.7 3.1 -0.6
v 1.7 3.2 -0.6
v 1.7 3.3 -0.6
v 1.7 4.2 -0.6
v 1.7 4.3 -0.6
v 1.7 4.4 -0.6
v 1.7 4.5 -0.6
v 1.8 2.9 -0.6
v 1.8 3 -0.6
v 1.8 3.1 -0.6
v 1.8 3.2 -0.6
v 1.8 3.3 -0.6
v 1.9 2.9 -0.6
v 1.9 3 -0.6
v 1.9 3.2 -0.6
v 1.9 3.3 -0.6
v 1.9 4.2 -0.6
v 1.9 4.3 -0.6
v 1.9 4.4 -0.6
v 1.9 4.5 -0.6
v 2 2.9 -0.6
v 2 3 -0.6
v 2 3.1 -0.6
v 2 3.2 -0.6
v 2 3.3 -0.6
v 2 4.2 -0.6
v 2 4.3 -0.6
v 2 4.4 -0.6
v 2.1 2.9 -0.6
v 2.1 3 -0.6
v 2.1 3.1 -0.6
v 2.1 3.2 -0.6
v 2.1 3.3 -0.6
v 2.1 4.2 -0.6
v 2.1 4.3 -0.6
v 2.1 4.4 -0.6
v 2.2 3 -0.6
v 2.2 3.2 -0.6
v 2.3 4.2 -0.6
v 2.3 4.3 -0.6
v 2.3 4.4 -0.6
v 2.3 4.5 -0.6
v 2.4 4.3 -0.6
v 2.4 4.4 -0.6
v 2.4 4.5 -0.6
v 2.5 4.2 -0.6
v 2.5 4.3 -0.6
v 2.5 4.4 -0.6
v 2.5 4.5 -0.6
v 2.6 4.4 -0.6
v 2.6 4.5 -0.6
v 2.7 4.2 -0.6
v 2.7 4.3 -0.6
v 2.7 4.5 -0.6
v 2.8 4.2 -0.6
v 2.8 4.3 -0.6
v 2.8 4.5 -0.6
v 2.9 4.2 -0.6
v 2.9 4.3 -0.6
v 3 4.2 -0.6
v 3 4.4 -0.6
v 3 4.5 -0.6
v 3.1 4.2 -0.6
v 3.1 4.3 -0.6
v 3.1 4.4 -0.6
v 3.2 4.2 -0.6
v 3.2 4.3 -0.6
v 3.2 4.5 -0.6
v 3.3 4.2 -0.6
v 3.3 4.3 -0.6
v 3.3 4.4 -0.6
v 3.4 4.2 -0.6
v 3.4 4.3 -0.6
v 3.4 4.4 -0.6
v 3.4 4.5 -0.6
v 3.5 3.9 -0.6
v 3.5 4 -0.6
v 3.5 4.1 -0.6
v 3.5 4.2 -0.6
v 3.5 4.4 -0.6
v 3.5 4.5 -0.6
v 3.6 3.8 -0.6
v 3.6 3.9 -0.6
v 3.6 4 -0.6
v 3.6 4.1 -0.6
v 3.6 4.2 -0.6
v 3.7 3.8 -0.6
v 3.7 3.9 -0.6
v 0.4 4.2 -0.7
v 0.4 4.5 -0.7
v 0.5 4.2 -0.7
v 0.5 4.3 -0.7
v 0.5 4.4 -0.7
v 0.5 4.5 -0.7
v 0.5 4.6 -0.7
v 0.6 4.5 -0.7
v 0.6 4.6 -0.7
v 0.7 4.5 -0.7
v 0.7 4.6 -0.7
v 0.8 4.5 -0.7
v 0.8 4.6 -0.7
v 0.9 4.5 -0.7
v 1 4.5 -0.7
v 1.1 4.5 -0.7
v 1.1 4.6 -0.7
v 1.2 4.5 -0.7
v 1.2 4.6 -0.7
v 1.3 4.5 -0.7
v 1.4 4.5 -0.7
v 1.4 4.6 -0.7
v 1.6 4.5 -0.7
v 1.6 4.6 -0.7
v 1.7 3.1 -0.7
v 1.7 3.2 -0.7
v 1.7 4.5 -0.7
v 1.8 3 -0.7
v 1.8 3.1 -0.7
v 1.8 3.2 -0.7
v 1.9 3 -0.7
v 1.9 3.2 -0.7
v 1.9 4.5 -0.7
v 1.9 4.6 -0.7
v 2 3 -0.7
v 2 3.1 -0.7
v 2 3.2 -0.7
v 2.1 3 -0.7
v 2.1 3.1 -0.7
v 2.2 4.5 -0.7
v 2.2 4.6 -0.7
v 2.3 4.5 -0.7
v 2.4 4.5 -0.7
v 2.5 4.5 -0.7
v 2.5 4.6 -0.7
v 2.6 4.5 -0.7
v 2.7 4.5 -0.7
v 2.7 4.6 -0.7
v 2.8 4.5 -0.7
v 2.8 4.6 -0.7
v 3 4.5 -0.7
v 3 4.6 -0.7
v 3.2 4.5 -0.7
v 3.2 4.6 -0.7
v 3.3 2.2 -0.7
v 3.3 2.3 -0.7
v 3.3 4.5 -0.7
v 3.3 4.6 -0.7
v 3.4 2.2 -0.7
v 3.4 2.3 -0.7
v 3.4 2.4 -0.7
v 3.4 4.5 -0.7
v 3.4 4.6 -0.7
v 3.5 2.2 -0.7
v 3.5 2.3 -0.7
v 3.5 2.4 -0.7
v 3.5 4.2 -0.7
v 3.5 4.4 -0.7
v 3.5 4.5 -0.7
v 3.5 4.6 -0.7
v 3.6 4.2 -0.7
v 3.6 4.4 -0.7
v 3.6 4.5 -0.7
v 0.4 4.5 -0.8
v 0.4 4.6 -0.8
v 0.5 4.5 -0.8
v 0.5 4.6 -0.8
v 0.5 4.7 -0.8
v 0.6 4.6 -0.8
v 0.7 4.6 -0.8
v 0.7 4.7 -0.8
v 0.8 4.6 -0.8
v 1 4.6 -0.8
v 1 4.7 -0.8
v 1.1 4.6 -0.8
v 1.1 4.7 -0.8
v 1.2 4.6 -0.8
v 1.3 4.6 -0.8
v 1.3 4.7 -0.8
v 1.4 4.6 -0.8
v 1.5 4.6 -0.8
v 1.5 4.7 -0.8
v 1.6 4.6 -0.8
v 1.7 4.6 -0.8
v 1.7 4.7 -0.8
v 1.8 4.6 -0.8
v 1.8 4.7 -0.8
v 1.9 4.6 -0.8
v 2 4.6 -0.8
v 2 4.7 -0.8
v 2.1 4.6 -0.8
v 2.1 4.7 -0.8
v 2.2 4.6 -0.8
v 2.4 4.6 -0.8
v 2.4 4.7 -0.8
v 2.5 4.6 -0.8
v 2.5 4.7 -0.8
v 2.7 4.6 -0.8
v 2.7 4.7 -0.8
v 2.8 4.6 -0.8
v 2.8 4.7 -0.8
v 2.9 4.6 -0.8
v 2.9 4.7 -0.8
v 3 4.6 -0.8
v 3.1 4.6 -0.8
v 3.1 4.7 -0.8
v 3.2 2.1 -0.8
v 3.2 2.2 -0.8
v 3.2 4.6 -0.8
v 3.2 4.7 -0.8
v 3.3 2.1 -0.8
v 3.3 4.6 -0.8
v 3.4 2 -0.8
v 3.4 2.1 -0.8
v 3.4 2.2 -0.8
v 3.4 4.6 -0.8
v 3.4 4.7 -0.8
v 3.5 2 -0.8
v 3.5 2.1 -0.8
v 3.5 2.2 -0.8
v 3.5 2.3 -0.8
v 3.5 4.5 -0.8
v 3.5 4.6 -0.8
v 3.5 4.7 -0.8
v 3.6 2.1 -0.8
v 3.6 2.3 -0.8
v 3.6 4.5 -0.8
v 3.6 4.6 -0.8
v 0.4 4.6 -0.9
v 0.4 4.7 -0.9
v 0.5 4.6 -0.9
v 0.5 4.7 -0.9
v 0.5 4.9 -0.9
v 0.6 4.8 -0.9
v 0.6 4.9 -0.9
v 0.7 4.7 -0.9
v 0.7 4.8 -0.9
v 0.7 4.9 -0.9
v 0.8 4.7 -0.9
v 0.8 4.8 -0.9
v 0.8 4.9 -0.9
v 0.9 4.8 -0.9
v 0.9 4.9 -0.9
v 1 4.7 -0.9
v 1.1 4.7 -0.9
v 1.1 4.8 -0.9
v 1.1 4.9 -0.9
v 1.2 4.7 -0.9
v 1.2 4.8 -0.9
v 1.2 4.9 -0.9
v 1.3 4.7 -0.9
v 1.3 4.8 -0.9
v 1.3 4.9 -0.9
v 1.4 4.7 -0.9
v 1.4 4.8 -0.9
v 1.5 4.7 -0.9
v 1.6 4.8 -0.9
v 1.6 4.9 -0.9
v 1.7 4.7 -0.9
v 1.7 4.8 -0.9
v 1.7 4.9 -0.9
v 1.8 4.7 -0.9
v 1.9 4.7 -0.9
v 1.9 4.8 -0.9
v 1.9 4.9 -0.9
v 2 4.7 -0.9
v 2 4.8 -0.9
v 2 4.9 -0.9
v 2.1 4.7 -0.9
v 2.1 4.8 -0.9
v 2.3 4.7 -0.9
v 2.3 4.9 -0.9
v 2.4 4.7 -0.9
v 2.4 4.8 -0.9
v 2.4 4.9 -0.9
v 2.5 4.7 -0.9
v 2.5 4.8 -0.9
v 2.5 4.9 -0.9
v 2.6 4.7 -0.9
v 2.6 4.8 -0.9
v 2.7 4.7 -0.9
v 2.7 4.8 -0.9
v 2.7 4.9 -0.9
v 2.8 4.7 -0.9
v 2.8 4.8 -0.9
v 2.8 4.9 -0.9
v 2.9 4.7 -0.9
v 2.9 4.8 -0.9
v 3 4.7 -0.9
v 3 4.8 -0.9
v 3.1 4.7 -0.9
v 3.1 4.8 -0.9
v 3.1 4.9 -0.9
v 3.2 4.7 -0.9
v 3.2 4.8 -0.9
v 3.2 4.9 -0.9
v 3.3 4.7 -0.9
v 3.3 4.8 -0.9
v 3.3 4.9 -0.9
v 3.4 4.7 -0.9
v 3.4 4.8 -0.9
v 3.4 4.9 -0.9
v 3.5 2.8 -0.9
v 3.5 2.9 -0.9
v 3.5 4.6 -0.9
v 3.5 4.7 -0.9
v 3.5 4.9 -0.9
v 3.6 2.8 -0.9
v 3.6 2.9 -0.9
v 3.6 4.6 -0.9
v 3.6 4.7 -0.9
v 0.4 4.7 -1
v 0.4 4.8 -1
v 0.4 4.9 -1
v 0.5 4.7 -1
v 0.5 4.8 -1
v 0.5 4.9 -1
v 0.5 5 -1
v 0.6 4.9 -1
v 0.7 4.9 -1
v 0.7 5 -1
v 0.8 4.9 -1
v 0.8 5 -1
v 0.9 4.9 -1
v 0.9 5 -1
v 1.1 4.9 -1
v 1.1 5 -1
v 1.2 4.9 -1
v 1.2 5 -1
v 1.3 4.9 -1
v 1.4 4.9 -1
v 1.4 5 -1
v 1.6 4.9 -1
v 1.7 4.9 -1
v 1.7 5 -1
v 1.9 4.9 -1
v 2 4.9 -1
v 2 5 -1
v 2.2 4.9 -1
v 2.2 5 -1
v 2.3 4.9 -1
v 2.4 4.9 -1
v 2.4 5 -1
v 2.5 4.9 -1
v 2.5 5 -1
v 2.7 4.9 -1
v 2.8 4.9 -1
v 3.1 4.9 -1
v 3.1 5 -1
v 3.2 4.9 -1
v 3.3 4.9 -1
v 3.4 4.9 -1
v 3.5 4.7 -1
v 3.5 4.9 -1
v 3.5 5 -1
v 3.6 4.7 -1
v 3.6 4.9 -1
v 0.4 2.4 -1.1
v 0.4 2.5 -1.1
v 0.4 4.9 -1.1
v 0.4 5 -1.1
v 0.5 2.3 -1.1
v 0.5 2.4 -1.1
v 0.5 2.5 -1.1
v 0.5 4.9 -1.1
v 0.5 5 -1.1
v 0.5 5.1 -1.1
v 0.6 2.3 -1.1
v 0.6 2.4 -1.1
v 0.6 5 -1.1
v 0.6 5.1 -1.1
v 0.7 5 -1.1
v 0.7 5.1 -1.1
v 0.8 5 -1.1
v 0.8 5.1 -1.1
v 0.9 5 -1.1
v 1 5 -1.1
v 1 5.1 -1.1
v 1.1 5 -1.1
v 1.1 5.1 -1.1
v 1.2 5 -1.1
v 1.3 5 -1.1
v 1.3 5.1 -1.1
v 1.4 5 -1.1
v 1.6 5 -1.1
v 1.6 5.1 -1.1
v 1.7 5 -1.1
v 1.8 5 -1.1
v 1.8 5.1 -1.1
v 1.9 5 -1.1
v 1.9 5.1 -1.1
v 2 5 -1.1
v 2 5.1 -1.1
v 2.2 5 -1.1
v 2.2 5.1 -1.1
v 2.4 5 -1.1
v 2.4 5.1 -1.1
v 2.5 5 -1.1
v 2.5 5.1 -1.1
v 2.6 5 -1.1
v 2.6 5.1 -1.1
v 2.7 5 -1.1
v 2.7 5.1 -1.1
v 2.8 5 -1.1
v 2.8 5.1 -1.1
v 2.9 5 -1.1
v 2.9 5.1 -1.1
v 3 5 -1.1
v 3 5.1 -1.1
v 3.1 5 -1.1
v 3.2 5 -1.1
v 3.2 5.1 -1.1
v 3.3 4 -1.1
v 3.3 4.1 -1.1
v 3.4 4 -1.1
v 3.4 4.1 -1.1
v 3.4 5 -1.1
v 3.4 5.1 -1.1
v 3.5 4.9 -1.1
v 3.5 5 -1.1
v 3.5 5.1 -1.1
v 3.6 4.9 -1.1
v 3.6 5 -1.1
v 0.4 5 -1.2
v 0.4 5.1 -1.2
v 0.5 5 -1.2
v 0.5 5.1 -1.2
v 0.5 5.2 -1.2
v 0.6 5.1 -1.2
v 0.6 5.2 -1.2
v 0.7 5.1 -1.2
v 0.8 5.1 -1.2
v 0.8 5.2 -1.2
v 0.9 5.1 -1.2
v 0.9 5.2 -1.2
v 1 5.1 -1.2
v 1.1 5.1 -1.2
v 1.1 5.2 -1.2
v 1.3 5.1 -1.2
v 1.3 5.2 -1.2
v 1.4 5.1 -1.2
v 1.4 5.2 -1.2
v 1.5 5.1 -1.2
v 1.5 5.2 -1.2
v 1.6 5.1 -1.2
v 1.6 5.2 -1.2
v 1.7 5.1 -1.2
v 1.7 5.2 -1.2
v 1.8 5.1 -1.2
v 1.9 5.1 -1.2
v 2 5.1 -1.2
v 2 5.2 -1.2
v 2.2 5.1 -1.2
v 2.3 5.1 -1.2
v 2.3 5.2 -1.2
v 2.4 5.1 -1.2
v 2.5 5.1 -1.2
v 2.5 5.2 -1.2
v 2.6 5.1 -1.2
v 2.6 5.2 -1.2
v 2.7 5.1 -1.2
v 2.8 5.1 -1.2
v 2.8 5.2 -1.2
v 2.9 5.1 -1.2
v 2.9 5.2 -1.2
v 3 5.1 -1.2
v 3.1 5.1 -1.2
v 3.1 5.2 -1.2
v 3.2 5.1 -1.2
v 3.4 5.1 -1.2
v 3.5 5 -1.2
v 3.5 5.1 -1.2
v 3.5 5.2 -1.2
v 3.6 5 -1.2
v 3.6 5.1 -1.2
v 0.4 5.1 -1.3
v 0.4 5.2 -1.3
v 0.5 5.1 -1.3
v 0.5 5.2 -1.3
v 0.5 5.3 -1.3
v 0.6 5.2 -1.3
v 0.7 5.2 -1.3
v 0.7 5.3 -1.3
v 0.8 5.2 -1.3
v 0.9 5.2 -1.3
v 0.9 5.3 -1.3
v 1 5.2 -1.3
v 1 5.3 -1.3
v 1.1 5.2 -1.3
v 1.1 5.3 -1.3
v 1.2 5.2 -1.3
v 1.2 5.3 -1.3
v 1.3 5.2 -1.3
v 1.4 5.2 -1.3
v 1.4 5.3 -1.3
v 1.5 5.2 -1.3
v 1.6 5.2 -1.3
v 1.7 5.2 -1.3
v 1.8 5.2 -1.3
v 1.8 5.3 -1.3
v 1.9 5.2 -1.3
v 1.9 5.3 -1.3
v 2 5.2 -1.3
v 2 5.3 -1.3
v 2.3 5.2 -1.3
v 2.3 5.3 -1.3
v 2.4 5.2 -1.3
v 2.4 5.3 -1.3
v 2.5 5.2 -1.3
v 2.5 5.3 -1.3
v 2.6 5.2 -1.3
v 2.6 5.3 -1.3
v 2.8 5.2 -1.3
v 2.8 5.3 -1.3
v 2.9 5.2 -1.3
v 2.9 5.3 -1.3
v 3 5.2 -1.3
v 3 5.3 -1.3
v 3.1 5.2 -1.3
v 3.2 5.2 -1.3
v 3.2 5.3 -1.3
v 3.3 5.2 -1.3
v 3.3 5.3 -1.3
v 3.5 5.1 -1.3
v 3.5 5.2 -1.3
v 3.5 5.3 -1.3
v 3.6 5.1 -1.3
v 3.6 5.2 -1.3
v 0.4 5.2 -1.5
v 0.4 5.3 -1.5
v 0.5 5.2 -1.5
v 0.5 5.3 -1.5
v 0.5 5.4 -1.5
v 0.6 4 -1.5
v 0.6 4.1 -1.5
v 0.6 5.3 -1.5
v 0.6 5.4 -1.5
v 0.7 4 -1.5
v 0.7 4.1 -1.5
v 0.7 4.2 -1.5
v 0.7 4.7 -1.5
v 0.7 4.8 -1.5
v 0.7 5.3 -1.5
v 0.7 5.4 -1.5
v 0.8 4.1 -1.5
v 0.8 4.2 -1.5
v 0.8 4.7 -1.5
v 0.8 4.8 -1.5
v 0.8 5.3 -1.5
v 0.8 5.4 -1.5
v 0.9 5.3 -1.5
v 0.9 5.4 -1.5
v 1 5.3 -1.5
v 1 5.4 -1.5
v 1.1 5.3 -1.5
v 1.1 5.4 -1.5
v 1.2 5.3 -1.5
v 1.2 5.4 -1.5
v 1.4 5.3 -1.5
v 1.4 5.4 -1.5
v 1.5 5.3 -1.5
v 1.5 5.4 -1.5
v 1.6 5.3 -1.5
v 1.7 5.3 -1.5
v 1.7 5.4 -1.5
v 1.8 5.3 -1.5
v 1.9 5.3 -1.5
v 1.9 5.4 -1.5
v 2 5.3 -1.5
v 2 5.4 -1.5
v 2.1 5.3 -1.5
v 2.1 5.4 -1.5
v 2.2 5.3 -1.5
v 2.3 5.3 -1.5
v 2.3 5.4 -1.5
v 2.5 5.3 -1.5
v 2.5 5.4 -1.5
v 2.6 5.3 -1.5
v 2.6 5.4 -1.5
v 2.8 5.3 -1.5
v 2.8 5.4 -1.5
v 2.9 5.3 -1.5
v 2.9 5.4 -1.5
v 3 5.3 -1.5
v 3 5.4 -1.5
v 3.1 5.3 -1.5
v 3.1 5.4 -1.5
v 3.2 5.3 -1.5
v 3.2 5.4 -1.5
v 3.4 5.3 -1.5
v 3.4 5.4 -1.5
v 3.5 5.2 -1.5
v 3.5 5.3 -1.5
v 3.5 5.4 -1.5
v 3.6 5.2 -1.5
v 3.6 5.3 -1.5
v 0.6 4.4 -1.6
v 0.6 4.5 -1.6
v 0.6 4.6 -1.6
v 0.6 4.8 -1.6
v 0.6 4.9 -1.6
v 0.7 4.4 -1.6
v 0.7 4.5 -1.6
v 0.7 4.6 -1.6
v 0.7 4.8 -1.6
v 0.7 4.9 -1.6
v 3.3 4 -1.6
v 3.3 4.1 -1.6
v 3.3 4.3 -1.6
v 3.3 4.4 -1.6
v 3.4 4 -1.6
v 3.4 4.1 -1.6
v 3.4 4.3 -1.6
v 3.4 4.4 -1.6
v 0.4 5.3 -1.7
v 0.4 5.4 -1.7
v 0.5 5.3 -1.7
v 0.5 5.4 -1.7
v 0.5 5.5 -1.7
v 0.6 4.1 -1.7
v 0.6 4.2 -1.7
v 0.6 5.4 -1.7
v 0.6 5.5 -1.7
v 0.7 4.1 -1.7
v 0.7 4.2 -1.7
v 0.7 5.4 -1.7
v 0.7 5.5 -1.7
v 0.8 5.4 -1.7
v 0.8 5.5 -1.7
v 0.9 5.4 -1.7
v 0.9 5.5 -1.7
v 1 5.4 -1.7
v 1 5.5 -1.7
v 1.1 5.4 -1.7
v 1.1 5.5 -1.7
v 1.2 5.4 -1.7
v 1.3 5.4 -1.7
v 1.3 5.5 -1.7
v 1.4 5.4 -1.7
v 1.4 5.5 -1.7
v 1.5 5.4 -1.7
v 1.5 5.5 -1.7
v 1.6 5.4 -1.7
v 1.6 5.5 -1.7
v 1.7 5.4 -1.7
v 1.7 5.5 -1.7
v 1.8 5.4 -1.7
v 1.8 5.5 -1.7
v 1.9 5.4 -1.7
v 2 5.4 -1.7
v 2 5.5 -1.7
v 2.1 5.4 -1.7
v 2.2 5.4 -1.7
v 2.2 5.5 -1.7
v 2.3 5.4 -1.7
v 2.4 5.4 -1.7
v 2.4 5.5 -1.7
v 2.5 5.4 -1.7
v 2.5 5.5 -1.7
v 2.6 5.4 -1.7
v 2.6 5.5 -1.7
v 2.7 5.4 -1.7
v 2.7 5.5 -1.7
v 2.8 5.4 -1.7
v 2.8 5.5 -1.7
v 2.9 5.4 -1.7
v 2.9 5.5 -1.7
v 3 5.4 -1.7
v 3 5.5 -1.7
v 3.1 5.4 -1.7
v 3.1 5.5 -1.7
v 3.2 4.1 -1.7
v 3.2 4.2 -1.7
v 3.2 5.4 -1.7
v 3.2 5.5 -1.7
v 3.3 4.1 -1.7
v 3.3 4.2 -1.7
v 3.3 5.4 -1.7
v 3.3 5.5 -1.7
v 3.4 5.4 -1.7
v 3.4 5.5 -1.7
v 3.5 3 -1.7
v 3.5 3.1 -1.7
v 3.5 5.3 -1.7
v 3.5 5.4 -1.7
v 3.5 5.5 -1.7
v 3.6 3 -1.7
v 3.6 3.1 -1.7
v 3.6 5.3 -1.7
v 3.6 5.4 -1.7
v 0.4 2.4 -1.8
v 0.4 2.5 -1.8
v 0.5 2.4 -1.8
v 0.5 2.5 -1.8
v 3.4 2.9 -1.8
v 3.4 3 -1.8
v 3.5 2.8 -1.8
v 3.5 2.9 -1.8
v 3.5 3 -1.8
v 3.6 2.8 -1.8
v 3.6 2.9 -1.8
v 0.4 5.4 -1.9
v 0.4 5.5 -1.9
v 0.5 2.7 -1.9
v 0.5 2.8 -1.9
v 0.5 5.4 -1.9
v 0.5 5.5 -1.9
v 0.5 5.6 -1.9
v 0.6 2.7 -1.9
v 0.6 2.8 -1.9
v 0.6 5.5 -1.9
v 0.6 5.6 -1.9
v 0.7 5.5 -1.9
v 0.7 5.6 -1.9
v 0.8 5.5 -1.9
v 0.8 5.6 -1.9
v 0.9 5.5 -1.9
v 1 5.5 -1.9
v 1.1 5.5 -1.9
v 1.1 5.6 -1.9
v 1.2 5.5 -1.9
v 1.2 5.6 -1.9
v 1.3 5.5 -1.9
v 1.3 5.6 -1.9
v 1.5 5.5 -1.9
v 1.5 5.6 -1.9
v 1.6 5.5 -1.9
v 1.7 5.5 -1.9
v 1.7 5.6 -1.9
v 1.8 5.5 -1.9
v 1.8 5.6 -1.9
v 1.9 5.5 -1.9
v 2 5.5 -1.9
v 2 5.6 -1.9
v 2.1 5.5 -1.9
v 2.1 5.6 -1.9
v 2.2 5.5 -1.9
v 2.2 5.6 -1.9
v 2.3 5.5 -1.9
v 2.3 5.6 -1.9
v 2.4 5.5 -1.9
v 2.4 5.6 -1.9
v 2.6 5.5 -1.9
v 2.6 5.6 -1.9
v 2.7 5.5 -1.9
v 2.7 5.6 -1.9
v 2.8 5.5 -1.9
v 2.9 5.5 -1.9
v 2.9 5.6 -1.9
v 3 5.5 -1.9
v 3 5.6 -1.9
v 3.1 5.5 -1.9
v 3.1 5.6 -1.9
v 3.2 5 -1.9
v 3.2 5.1 -1.9
v 3.2 5.5 -1.9
v 3.2 5.6 -1.9
v 3.3 4.9 -1.9
v 3.3 5 -1.9
v 3.3 5.1 -1.9
v 3.3 5.5 -1.9
v 3.3 5.6 -1.9
v 3.4 4.9 -1.9
v 3.4 5 -1.9
v 3.4 5.5 -1.9
v 3.4 5.6 -1.9
v 3.5 5.4 -1.9
v 3.5 5.5 -1.9
v 3.5 5.6 -1.9
v 3.6 5.4 -1.9
v 3.6 5.5 -1.9
v 0.5 2.5 -2
v 0.5 2.7 -2
v 0.6 2.5 -2
v 0.6 2.7 -2
v 0.4 5.3 -2.1
v 0.4 5.4 -2.1
v 0.5 2 -2.1
v 0.5 2.1 -2.1
v 0.5 2.3 -2.1
v 0.5 2.4 -2.1
v 0.5 2.5 -2.1
v 0.5 5.2 -2.1
v 0.5 5.3 -2.1
v 0.5 5.4 -2.1
v 0.6 2 -2.1
v 0.6 2.1 -2.1
v 0.6 2.3 -2.1
v 0.6 2.4 -2.1
v 0.6 2.5 -2.1
v 0.6 5.1 -2.1
v 0.6 5.2 -2.1
v 0.6 5.3 -2.1
v 0.7 5.1 -2.1
v 0.7 5.2 -2.1
v 3.3 5.1 -2.1
v 3.3 5.2 -2.1
v 3.4 2 -2.1
v 3.4 2.1 -2.1
v 3.4 5.1 -2.1
v 3.4 5.2 -2.1
v 3.4 5.3 -2.1
v 3.5 2 -2.1
v 3.5 2.1 -2.1
v 3.5 5.2 -2.1
v 3.5 5.3 -2.1
v 3.5 5.4 -2.1
v 3.6 5.3 -2.1
v 3.6 5.4 -2.1
v 0.4 2.1 -2.2
v 0.4 2.3 -2.2
v 0.4 2.4 -2.2
v 0.4 2.6 -2.2
v 0.4 2.7 -2.2
v 0.4 2.8 -2.2
v 0.4 2.9 -2.2
v 0.5 2.1 -2.2
v 0.5 2.2 -2.2
v 0.5 2.3 -2.2
v 0.5 2.4 -2.2
v 0.5 2.6 -2.2
v 0.5 2.7 -2.2
v 0.5 2.8 -2.2
v 0.5 2.9 -2.2
v 0.5 3 -2.2
v 0.6 2.9 -2.2
v 0.6 3 -2.2
v 3.5 2.6 -2.2
v 3.5 2.7 -2.2
v 3.5 2.9 -2.2
v 3.5 3 -2.2
v 3.5 3.1 -2.2
v 3.6 2.4 -2.2
v 3.6 2.5 -2.2
v 3.6 2.6 -2.2
v 3.6 2.7 -2.2
v 3.6 2.9 -2.2
v 3.6 3.1 -2.2
v 3.7 2.4 -2.2
v 3.7 2.5 -2.2
v 0.4 5.2 -2.3
v 0.4 5.3 -2.3
v 0.5 5.1 -2.3
v 0.5 5.2 -2.3
v 0.5 5.3 -2.3
v 0.6 4.2 -2.3
v 0.6 4.8 -2.3
v 0.6 5.1 -2.3
v 0.6 5.2 -2.3
v 0.7 4.2 -2.3
v 0.7 4.3 -2.3
v 0.7 4.4 -2.3
v 0.7 4.5 -2.3
v 0.7 4.6 -2.3
v 0.7 4.7 -2.3
v 0.7 4.8 -2.3
v 0.7 4.9 -2.3
v 0.7 5.1 -2.3
v 0.8 4.9 -2.3
v 0.8 5 -2.3
v 0.9 5 -2.3
v 0.9 5.1 -2.3
v 3.4 5.1 -2.3
v 3.4 5.2 -2.3
v 3.5 2.5 -2.3
v 3.5 2.6 -2.3
v 3.5 3.2 -2.3
v 3.5 3.3 -2.3
v 3.5 5.1 -2.3
v 3.5 5.2 -2.3
v 3.5 5.3 -2.3
v 3.6 2.5 -2.3
v 3.6 2.6 -2.3
v 3.6 3.2 -2.3
v 3.6 3.3 -2.3
v 3.6 5.2 -2.3
v 3.6 5.3 -2.3
v 3.7 2.4 -2.3
v 3.7 2.5 -2.3
v 3.8 2.4 -2.3
v 3.8 2.5 -2.3
v 0.6 4.9 -2.4
v 0.6 5 -2.4
v 0.7 4.9 -2.4
v 0.7 5 -2.4
v 0.4 5.1 -2.5
v 0.4 5.2 -2.5
v 0.5 5 -2.5
v 0.5 5.1 -2.5
v 0.5 5.2 -2.5
v 0.6 5 -2.5
v 0.7 5 -2.5
v 0.7 5.1 -2.5
v 3.3 5 -2.5
v 3.3 5.1 -2.5
v 3.4 5 -2.5
v 3.5 5 -2.5
v 3.5 5.1 -2.5
v 3.5 5.2 -2.5
v 3.6 5.1 -2.5
v 3.6 5.2 -2.5
v 0.4 3.3 -2.6
v 0.4 3.4 -2.6
v 0.5 3.3 -2.6
v 0.5 3.4 -2.6
v 0.6 4 -2.6
v 0.6 4.1 -2.6
v 0.7 4 -2.6
v 0.7 4.1 -2.6
v 0.7 4.4 -2.6
v 0.7 4.5 -2.6
v 0.8 4.4 -2.6
v 0.8 4.5 -2.6
v 3.3 4.8 -2.6
v 3.3 4.9 -2.6
v 3.4 4.8 -2.6
v 3.4 4.9 -2.6
v 0.4 3.1 -2.7
v 0.4 3.2 -2.7
v 0.4 5 -2.7
v 0.4 5.1 -2.7
v 0.5 3.1 -2.7
v 0.5 3.2 -2.7
v 0.5 3.3 -2.7
v 0.5 4.9 -2.7
v 0.5 5 -2.7
v 0.5 5.1 -2.7
v 0.6 3.2 -2.7
v 0.6 3.3 -2.7
v 0.6 4.3 -2.7
v 0.6 4.4 -2.7
v 0.6 4.9 -2.7
v 0.6 5 -2.7
v 0.7 4.3 -2.7
v 0.7 4.4 -2.7
v 3.3 4.6 -2.7
v 3.3 4.7 -2.7
v 3.4 4.6 -2.7
v 3.4 4.7 -2.7
v 3.4 4.9 -2.7
v 3.4 5 -2.7
v 3.5 4.9 -2.7
v 3.5 5 -2.7
v 3.5 5.1 -2.7
v 3.6 5 -2.7
v 3.6 5.1 -2.7
v 0.4 4.9 -2.8
v 0.4 5 -2.8
v 0.5 4.7 -2.8
v 0.5 4.9 -2.8
v 0.5 5 -2.8
v 0.6 4.7 -2.8
v 0.6 4.8 -2.8
v 0.6 4.9 -2.8
v 0.7 4.7 -2.8
v 0.7 4.8 -2.8
v 3.3 4 -2.8
v 3.3 4.1 -2.8
v 3.3 4.7 -2.8
v 3.3 4.8 -2.8
v 3.4 4 -2.8
v 3.4 4.1 -2.8
v 3.4 4.7 -2.8
v 3.4 4.8 -2.8
v 3.4 4.9 -2.8
v 3.5 4.7 -2.8
v 3.5 4.9 -2.8
v 3.5 5 -2.8
v 3.6 4.9 -2.8
v 3.6 5 -2.8
v 0.4 4.7 -2.9
v 0.4 4.9 -2.9
v 0.5 4.6 -2.9
v 0.5 4.7 -2.9
v 0.5 4.9 -2.9
v 0.6 4.6 -2.9
v 0.6 4.7 -2.9
v 3.4 4.6 -2.9
v 3.4 4.7 -2.9
v 3.5 2.6 -2.9
v 3.5 2.8 -2.9
v 3.5 2.9 -2.9
v 3.5 3 -2.9
v 3.5 3.1 -2.9
v 3.5 3.2 -2.9
v 3.5 3.3 -2.9
v 3.5 3.4 -2.9
v 3.5 4.6 -2.9
v 3.5 4.7 -2.9
v 3.5 4.8 -2.9
v 3.5 4.9 -2.9
v 3.6 2.6 -2.9
v 3.6 2.8 -2.9
v 3.6 3 -2.9
v 3.6 3.2 -2.9
v 3.6 3.3 -2.9
v 3.6 3.4 -2.9
v 3.6 4.7 -2.9
v 3.6 4.8 -2.9
v 3.6 4.9 -2.9
v 0.4 4.6 -3
v 0.4 4.7 -3
v 0.5 4.5 -3
v 0.5 4.6 -3
v 0.5 4.7 -3
v 0.6 4 -3
v 0.6 4.1 -3
v 0.6 4.5 -3
v 0.6 4.6 -3
v 0.7 4 -3
v 0.7 4.1 -3
v 0.7 4.2 -3
v 0.8 4.1 -3
v 0.8 4.2 -3
v 3.4 4.5 -3
v 3.4 4.6 -3
v 3.5 2.5 -3
v 3.5 2.6 -3
v 3.5 4.5 -3
v 3.5 4.6 -3
v 3.5 4.7 -3
v 3.6 2.5 -3
v 3.6 2.6 -3
v 3.6 4.6 -3
v 3.6 4.7 -3
v 0.4 4.5 -3.1
v 0.4 4.6 -3.1
v 0.5 4.2 -3.1
v 0.5 4.5 -3.1
v 0.5 4.6 -3.1
v 0.6 4.2 -3.1
v 0.6 4.3 -3.1
v 0.6 4.4 -3.1
v 0.7 4.4 -3.1
v 0.7 4.5 -3.1
v 3.3 4.4 -3.1
v 3.3 4.5 -3.1
v 3.4 4.2 -3.1
v 3.4 4.3 -3.1
v 3.4 4.4 -3.1
v 3.5 3.1 -3.1
v 3.5 3.2 -3.1
v 3.5 4.2 -3.1
v 3.5 4.5 -3.1
v 3.5 4.6 -3.1
v 3.6 3.1 -3.1
v 3.6 3.2 -3.1
v 3.6 4.5 -3.1
v 3.6 4.6 -3.1
v 0.4 2.8 -3.2
v 0.4 2.9 -3.2
v 0.4 4.2 -3.2
v 0.4 4.4 -3.2
v 0.4 4.5 -3.2
v 0.5 2.8 -3.2
v 0.5 2.9 -3.2
v 0.5 3.9 -3.2
v 0.5 4.2 -3.2
v 0.5 4.4 -3.2
v 0.5 4.5 -3.2
v 0.6 3.9 -3.2
v 0.6 4 -3.2
v 0.6 4.1 -3.2
v 0.6 4.2 -3.2
v 0.7 4.1 -3.2
v 0.7 4.2 -3.2
v 3.3 4.1 -3.2
v 3.3 4.2 -3.2
v 3.4 2.3 -3.2
v 3.4 2.4 -3.2
v 3.4 3.9 -3.2
v 3.4 4 -3.2
v 3.4 4.1 -3.2
v 3.4 4.2 -3.2
v 3.5 2.3 -3.2
v 3.5 2.4 -3.2
v 3.5 3.9 -3.2
v 3.5 4 -3.2
v 3.5 4.1 -3.2
v 3.5 4.2 -3.2
v 3.5 4.5 -3.2
v 3.6 4.2 -3.2
v 3.6 4.5 -3.2
v 0.4 3.9 -3.3
v 0.4 4 -3.3
v 0.4 4.1 -3.3
v 0.4 4.2 -3.3
v 0.5 3.9 -3.3
v 0.5 4 -3.3
v 0.5 4.1 -3.3
v 0.5 4.2 -3.3
v 3.5 3.9 -3.3
v 3.5 4 -3.3
v 3.5 4.1 -3.3
v 3.5 4.2 -3.3
v 3.6 3.9 -3.3
v 3.6 4 -3.3
v 3.6 4.2 -3.3
v 0.3 2.1 -3.4
v 0.3 2.2 -3.4
v 0.3 2.3 -3.4
v 0.3 2.4 -3.4
v 0.3 2.5 -3.4
v 0.3 2.6 -3.4
v 0.3 2.7 -3.4
v 0.3 2.8 -3.4
v 0.3 2.9 -3.4
v 0.3 3 -3.4
v 0.3 3.1 -3.4
v 0.3 3.2 -3.4
v 0.3 3.3 -3.4
v 0.3 3.4 -3.4
v 0.3 3.5 -3.4
v 0.3 3.6 -3.4
v 0.3 3.7 -3.4
v 0.3 3.8 -3.4
v 0.4 2.1 -3.4
v 0.4 2.2 -3.4
v 0.4 2.3 -3.4
v 0.4 2.4 -3.4
v 0.4 2.5 -3.4
v 0.4 2.6 -3.4
v 0.4 2.7 -3.4
v 0.4 2.8 -3.4
v 0.4 2.9 -3.4
v 0.4 3 -3.4
v 0.4 3.1 -3.4
v 0.4 3.2 -3.4
v 0.4 3.3 -3.4
v 0.4 3.4 -3.4
v 0.4 3.5 -3.4
v 0.4 3.6 -3.4
v 0.4 3.7 -3.4
v 0.4 3.8 -3.4
v 2.1 3.5 -3.4
v 2.1 3.6 -3.4
v 2.3 3.5 -3.4
v 2.3 3.6 -3.4
v 3.6 2.1 -3.4
v 3.6 2.2 -3.4
v 3.6 2.3 -3.4
v 3.6 2.4 -3.4
v 3.6 2.5 -3.4
v 3.6 2.6 -3.4
v 3.6 2.7 -3.4
v 3.6 2.8 -3.4
v 3.6 2.9 -3.4
v 3.6 3 -3.4
v 3.6 3.1 -3.4
v 3.6 3.2 -3.4
v 3.6 3.3 -3.4
v 3.6 3.4 -3.4
v 3.6 3.5 -3.4
v 3.6 3.6 -3.4
v 3.6 3.7 -3.4
v 3.6 3.8 -3.4
v 3.7 2.1 -3.4
v 3.7 2.2 -3.4
v 3.7 2.3 -3.4
v 3.7 2.4 -3.4
v 3.7 2.5 -3.4
v 3.7 2.6 -3.4
v 3.7 2.7 -3.4
v 3.7 2.8 -3.4
v 3.7 2.9 -3.4
v 3.7 3 -3.4
v 3.7 3.1 -3.4
v 3.7 3.2 -3.4
v 3.7 3.3 -3.4
v 3.7 3.4 -3.4
v 3.7 3.5 -3.4
v 3.7 3.6 -3.4
v 3.7 3.7 -3.4
v 3.7 3.8 -3.4
v 3.5 2.2 -0.5
v 3.5 2.3 -0.5
v 3.6 2.1 -0.5
v 3.6 2.2 -0.5
v 3.7 2.1 -0.5
v 3.7 2.2 -0.5
v 3.7 2.3 -0.5
v 0.3 2.1 -0.6
v 0.3 2.2 -0.6
v 0.3 2.3 -0.6
v 0.3 2.4 -0.6
v 0.3 2.5 -0.6
v 0.3 2.6 -0.6
v 0.3 2.7 -0.6
v 0.3 2.8 -0.6
v 0.3 2.9 -0.6
v 0.3 3 -0.6
v 0.3 3.1 -0.6
v 0.3 3.2 -0.6
v 0.3 3.3 -0.6
v 0.3 3.4 -0.6
v 0.3 3.5 -0.6
v 0.3 3.6 -0.6
v 0.3 3.7 -0.6
v 0.3 3.8 -0.6
v 0.4 2.1 -0.6
v 0.4 2.2 -0.6
v 0.4 2.3 -0.6
v 0.4 2.4 -0.6
v 0.4 2.5 -0.6
v 0.4 2.6 -0.6
v 0.4 2.7 -0.6
v 0.4 2.8 -0.6
v 0.4 2.9 -0.6
v 0.4 3 -0.6
v 0.4 3.1 -0.6
v 0.4 3.2 -0.6
v 0.4 3.3 -0.6
v 0.4 3.4 -0.6
v 0.4 3.5 -0.6
v 0.4 3.6 -0.6
v 0.4 3.7 -0.6
v 0.4 3.8 -0.6
v 3.3 2.2 -0.6
v 3.3 2.3 -0.6
v 3.4 2.1 -0.6
v 3.4 2.2 -0.6
v 3.4 2.3 -0.6
v 3.4 2.4 -0.6
v 3.5 2.1 -0.6
v 3.5 2.2 -0.6
v 3.5 2.3 -0.6
v 3.5 2.4 -0.6
v 3.6 2.1 -0.6
v 3.6 2.2 -0.6
v 3.6 2.4 -0.6
v 3.6 2.5 -0.6
v 3.6 2.6 -0.6
v 3.6 2.7 -0.6
v 3.6 2.8 -0.6
v 3.6 2.9 -0.6
v 3.6 3 -0.6
v 3.6 3.1 -0.6
v 3.6 3.2 -0.6
v 3.6 3.3 -0.6
v 3.6 3.4 -0.6
v 3.6 3.5 -0.6
v 3.6 3.6 -0.6
v 3.6 3.7 -0.6
v 3.6 3.8 -0.6
v 3.7 2.4 -0.6
v 3.7 2.5 -0.6
v 3.7 2.6 -0.6
v 3.7 2.7 -0.6
v 3.7 2.8 -0.6
v 3.7 2.9 -0.6
v 3.7 3 -0.6
v 3.7 3.1 -0.6
v 3.7 3.2 -0.6
v 3.7 3.3 -0.6
v 3.7 3.4 -0.6
v 3.7 3.5 -0.6
v 3.7 3.6 -0.6
v 3.7 3.7 -0.6
v 3.7 3.8 -0.6
v 0.4 3.9 -0.7
v 0.4 4 -0.7
v 0.4 4.2 -0.7
v 0.5 3.9 -0.7
v 0.5 4 -0.7
v 0.5 4.2 -0.7
v 3.2 2.1 -0.7
v 3.2 2.2 -0.7
v 3.3 2.1 -0.7
v 3.3 2.2 -0.7
v 3.4 2 -0.7
v 3.4 2.1 -0.7
v 3.4 2.2 -0.7
v 3.5 2 -0.7
v 3.5 2.1 -0.7
v 3.5 3.9 -0.7
v 3.5 4 -0.7
v 3.5 4.1 -0.7
v 3.5 4.2 -0.7
v 3.6 3.9 -0.7
v 3.6 4 -0.7
v 3.6 4.1 -0.7
v 3.6 4.2 -0.7
v 0.4 2.4 -0.8
v 0.4 2.5 -0.8
v 0.4 4.2 -0.8
v 0.4 4.5 -0.8
v 0.5 2.3 -0.8
v 0.5 2.4 -0.8
v 0.5 2.5 -0.8
v 0.5 3.9 -0.8
v 0.5 4.2 -0.8
v 0.5 4.5 -0.8
v 0.6 2.3 -0.8
v 0.6 2.4 -0.8
v 0.6 3.9 -0.8
v 0.6 4.1 -0.8
v 0.6 4.2 -0.8
v 0.7 4.1 -0.8
v 0.7 4.2 -0.8
v 3.3 4.1 -0.8
v 3.3 4.2 -0.8
v 3.4 3.9 -0.8
v 3.4 4 -0.8
v 3.4 4.1 -0.8
v 3.4 4.2 -0.8
v 3.5 2.8 -0.8
v 3.5 2.9 -0.8
v 3.5 3.9 -0.8
v 3.5 4 -0.8
v 3.5 4.1 -0.8
v 3.5 4.2 -0.8
v 3.5 4.4 -0.8
v 3.5 4.5 -0.8
v 3.6 2.8 -0.8
v 3.6 2.9 -0.8
v 3.6 4.2 -0.8
v 3.6 4.4 -0.8
v 3.6 4.5 -0.8
v 0.4 4.5 -0.9
v 0.4 4.6 -0.9
v 0.5 4.2 -0.9
v 0.5 4.5 -0.9
v 0.5 4.6 -0.9
v 0.6 4.2 -0.9
v 0.6 4.3 -0.9
v 0.6 4.4 -0.9
v 0.7 4.4 -0.9
v 0.7 4.5 -0.9
v 3.3 4.4 -0.9
v 3.3 4.5 -0.9
v 3.4 4.2 -0.9
v 3.4 4.3 -0.9
v 3.4 4.4 -0.9
v 3.5 4.2 -0.9
v 3.5 4.5 -0.9
v 3.5 4.6 -0.9
v 3.6 4.5 -0.9
v 3.6 4.6 -0.9
v 0.4 4.6 -1
v 0.4 4.7 -1
v 0.5 4.5 -1
v 0.5 4.6 -1
v 0.5 4.7 -1
v 0.6 4.5 -1
v 0.6 4.6 -1
v 3.3 4 -1
v 3.3 4.1 -1
v 3.4 4 -1
v 3.4 4.1 -1
v 3.4 4.5 -1
v 3.4 4.6 -1
v 3.5 4.5 -1
v 3.5 4.6 -1
v 3.5 4.7 -1
v 3.6 4.6 -1
v 3.6 4.7 -1
v 0.4 4.7 -1.1
v 0.4 4.8 -1.1
v 0.4 4.9 -1.1
v 0.5 4.6 -1.1
v 0.5 4.7 -1.1
v 0.5 4.8 -1.1
v 0.5 4.9 -1.1
v 0.6 4.6 -1.1
v 0.6 4.7 -1.1
v 3.4 4.6 -1.1
v 3.4 4.7 -1.1
v 3.5 4.6 -1.1
v 3.5 4.7 -1.1
v 3.5 4.9 -1.1
v 3.6 4.7 -1.1
v 3.6 4.9 -1.1
v 0.4 4.9 -1.2
v 0.4 5 -1.2
v 0.5 4.7 -1.2
v 0.5 4.9 -1.2
v 0.5 5 -1.2
v 0.6 4 -1.2
v 0.6 4.1 -1.2
v 0.6 4.7 -1.2
v 0.6 4.8 -1.2
v 0.6 4.9 -1.2
v 0.7 4 -1.2
v 0.7 4.1 -1.2
v 0.7 4.7 -1.2
v 0.7 4.8 -1.2
v 3.3 4.7 -1.2
v 3.3 4.8 -1.2
v 3.4 4.7 -1.2
v 3.4 4.8 -1.2
v 3.4 4.9 -1.2
v 3.5 4.7 -1.2
v 3.5 4.9 -1.2
v 3.5 5 -1.2
v 3.6 4.9 -1.2
v 3.6 5 -1.2
v 0.4 5 -1.3
v 0.4 5.1 -1.3
v 0.5 4.9 -1.3
v 0.5 5 -1.3
v 0.5 5.1 -1.3
v 0.6 4.6 -1.3
v 0.6 4.7 -1.3
v 0.6 4.9 -1.3
v 0.6 5 -1.3
v 0.7 4.1 -1.3
v 0.7 4.2 -1.3
v 0.7 4.6 -1.3
v 0.7 4.7 -1.3
v 0.7 4.8 -1.3
v 0.8 4.1 -1.3
v 0.8 4.2 -1.3
v 0.8 4.7 -1.3
v 0.8 4.8 -1.3
v 3.3 4.3 -1.3
v 3.3 4.4 -1.3
v 3.4 4.3 -1.3
v 3.4 4.4 -1.3
v 3.4 4.9 -1.3
v 3.4 5 -1.3
v 3.5 2.8 -1.3
v 3.5 2.9 -1.3
v 3.5 4.9 -1.3
v 3.5 5 -1.3
v 3.5 5.1 -1.3
v 3.6 2.8 -1.3
v 3.6 2.9 -1.3
v 3.6 5 -1.3
v 3.6 5.1 -1.3
v 0.6 4.8 -1.4
v 0.6 4.9 -1.4
v 0.7 4.8 -1.4
v 0.7 4.9 -1.4
v 3.3 4 -1.4
v 3.3 4.1 -1.4
v 3.4 2.9 -1.4
v 3.4 3 -1.4
v 3.4 4 -1.4
v 3.4 4.1 -1.4
v 3.5 2.9 -1.4
v 3.5 3 -1.4
v 3.5 3.1 -1.4
v 3.6 3 -1.4
v 3.6 3.1 -1.4
v 0.4 5.1 -1.5
v 0.4 5.2 -1.5
v 0.5 5 -1.5
v 0.5 5.1 -1.5
v 0.5 5.2 -1.5
v 0.6 5 -1.5
v 0.7 5 -1.5
v 0.7 5.1 -1.5
v 3.3 5 -1.5
v 3.3 5.1 -1.5
v 3.4 5 -1.5
v 3.5 5 -1.5
v 3.5 5.1 -1.5
v 3.5 5.2 -1.5
v 3.6 5.1 -1.5
v 3.6 5.2 -1.5
v 3.2 4.1 -1.6
v 3.2 4.2 -1.6
v 3.3 4.1 -1.6
v 3.3 4.2 -1.6
v 3.3 4.9 -1.6
v 3.3 5 -1.6
v 3.4 4.9 -1.6
v 3.4 5 -1.6
v 0.4 2.1 -1.7
v 0.4 2.3 -1.7
v 0.4 2.4 -1.7
v 0.4 2.5 -1.7
v 0.4 2.6 -1.7
v 0.4 2.7 -1.7
v 0.4 2.8 -1.7
v 0.4 2.9 -1.7
v 0.4 5.2 -1.7
v 0.4 5.3 -1.7
v 0.5 2.1 -1.7
v 0.5 2.3 -1.7
v 0.5 2.4 -1.7
v 0.5 2.5 -1.7
v 0.5 2.6 -1.7
v 0.5 2.7 -1.7
v 0.5 2.8 -1.7
v 0.5 2.9 -1.7
v 0.5 5.1 -1.7
v 0.5 5.2 -1.7
v 0.5 5.3 -1.7
v 0.6 4.2 -1.7
v 0.6 4.4 -1.7
v 0.6 4.6 -1.7
v 0.6 4.8 -1.7
v 0.6 5.1 -1.7
v 0.6 5.2 -1.7
v 0.7 4.2 -1.7
v 0.7 4.3 -1.7
v 0.7 4.4 -1.7
v 0.7 4.5 -1.7
v 0.7 4.6 -1.7
v 0.7 4.7 -1.7
v 0.7 4.8 -1.7
v 3.2 5 -1.7
v 3.2 5.1 -1.7
v 3.3 5 -1.7
v 3.3 5.1 -1.7
v 3.4 5.1 -1.7
v 3.4 5.2 -1.7
v 3.5 5.1 -1.7
v 3.5 5.2 -1.7
v 3.5 5.3 -1.7
v 3.6 5.2 -1.7
v 3.6 5.3 -1.7
v 0.5 2.7 -1.8
v 0.5 2.8 -1.8
v 0.6 2.7 -1.8
v 0.6 2.8 -1.8
v 0.4 2.4 -1.9
v 0.4 2.5 -1.9
v 0.4 5.3 -1.9
v 0.4 5.4 -1.9
v 0.5 2 -1.9
v 0.5 2.1 -1.9
v 0.5 2.4 -1.9
v 0.5 2.5 -1.9
v 0.5 2.6 -1.9
v 0.5 2.7 -1.9
v 0.5 5.2 -1.9
v 0.5 5.3 -1.9
v 0.5 5.4 -1.9
v 0.6 2 -1.9
v 0.6 2.1 -1.9
v 0.6 2.5 -1.9
v 0.6 2.6 -1.9
v 0.6 2.7 -1.9
v 0.6 5.1 -1.9
v 0.6 5.2 -1.9
v 0.6 5.3 -1.9
v 0.7 5.1 -1.9
v 0.7 5.2 -1.9
v 3.3 5.1 -1.9
v 3.3 5.2 -1.9
v 3.4 2 -1.9
v 3.4 2.1 -1.9
v 3.4 5.1 -1.9
v 3.4 5.2 -1.9
v 3.4 5.3 -1.9
v 3.5 2 -1.9
v 3.5 2.1 -1.9
v 3.5 5.2 -1.9
v 3.5 5.3 -1.9
v 3.5 5.4 -1.9
v 3.6 5.3 -1.9
v 3.6 5.4 -1.9
v 0.5 2.3 -2
v 0.5 2.4 -2
v 0.5 2.5 -2
v 0.6 2.3 -2
v 0.6 2.4 -2
v 0.6 2.5 -2
v 0.4 5.4 -2.1
v 0.4 5.5 -2.1
v 0.5 2.9 -2.1
v 0.5 3 -2.1
v 0.5 5.4 -2.1
v 0.5 5.5 -2.1
v 0.5 5.6 -2.1
v 0.6 2.9 -2.1
v 0.6 3 -2.1
v 0.6 4.9 -2.1
v 0.6 5 -2.1
v 0.6 5.5 -2.1
v 0.6 5.6 -2.1
v 0.7 4.9 -2.1
v 0.7 5 -2.1
v 0.7 5.1 -2.1
v 0.7 5.5 -2.1
v 0.7 5.6 -2.1
v 0.8 4.9 -2.1
v 0.8 5 -2.1
v 0.8 5.5 -2.1
v 0.8 5.6 -2.1
v 0.9 5 -2.1
v 0.9 5.1 -2.1
v 0.9 5.5 -2.1
v 0.9 5.6 -2.1
v 1 5.5 -2.1
v 1 5.6 -2.1
v 1.1 5.5 -2.1
v 1.1 5.6 -2.1
v 1.2 5.5 -2.1
v 1.2 5.6 -2.1
v 1.3 5.5 -2.1
v 1.3 5.6 -2.1
v 1.4 5.5 -2.1
v 1.4 5.6 -2.1
v 1.5 5.5 -2.1
v 1.5 5.6 -2.1
v 1.6 5.5 -2.1
v 1.6 5.6 -2.1
v 1.7 5.5 -2.1
v 1.7 5.6 -2.1
v 1.8 5.5 -2.1
v 1.8 5.6 -2.1
v 1.9 5.5 -2.1
v 1.9 5.6 -2.1
v 2 5.5 -2.1
v 2.2 5.5 -2.1
v 2.3 5.5 -2.1
v 2.3 5.6 -2.1
v 2.4 5.5 -2.1
v 2.5 5.5 -2.1
v 2.5 5.6 -2.1
v 2.6 5.5 -2.1
v 2.6 5.6 -2.1
v 2.7 5.5 -2.1
v 2.7 5.6 -2.1
v 2.8 5.5 -2.1
v 2.8 5.6 -2.1
v 2.9 5.5 -2.1
v 2.9 5.6 -2.1
v 3 5.5 -2.1
v 3.1 5.5 -2.1
v 3.2 5.5 -2.1
v 3.2 5.6 -2.1
v 3.3 5.5 -2.1
v 3.3 5.6 -2.1
v 3.4 5.5 -2.1
v 3.4 5.6 -2.1
v 3.5 2.5 -2.1
v 3.5 2.6 -2.1
v 3.5 3 -2.1
v 3.5 3.1 -2.1
v 3.5 5.4 -2.1
v 3.5 5.5 -2.1
v 3.5 5.6 -2.1
v 3.6 2.5 -2.1
v 3.6 2.6 -2.1
v 3.6 3 -2.1
v 3.6 3.1 -2.1
v 3.6 5.4 -2.1
v 3.6 5.5 -2.1
v 0.4 3.3 -2.3
v 0.4 3.4 -2.3
v 0.4 5.3 -2.3
v 0.4 5.4 -2.3
v 0.5 3.2 -2.3
v 0.5 3.3 -2.3
v 0.5 3.4 -2.3
v 0.5 5.3 -2.3
v 0.5 5.4 -2.3
v 0.5 5.5 -2.3
v 0.6 3.2 -2.3
v 0.6 3.3 -2.3
v 0.6 4.1 -2.3
v 0.6 4.2 -2.3
v 0.6 5.4 -2.3
v 0.6 5.5 -2.3
v 0.7 4.1 -2.3
v 0.7 4.2 -2.3
v 0.7 5.4 -2.3
v 0.7 5.5 -2.3
v 0.8 5.4 -2.3
v 0.8 5.5 -2.3
v 0.9 5.4 -2.3
v 0.9 5.5 -2.3
v 1 5.4 -2.3
v 1 5.5 -2.3
v 1.1 5.4 -2.3
v 1.1 5.5 -2.3
v 1.2 5.4 -2.3
v 1.2 5.5 -2.3
v 1.3 5.4 -2.3
v 1.4 5.4 -2.3
v 1.4 5.5 -2.3
v 1.5 5.4 -2.3
v 1.5 5.5 -2.3
v 1.6 5.4 -2.3
v 1.6 5.5 -2.3
v 1.8 5.4 -2.3
v 1.8 5.5 -2.3
v 1.9 5.4 -2.3
v 1.9 5.5 -2.3
v 2.1 5.4 -2.3
v 2.1 5.5 -2.3
v 2.3 5.4 -2.3
v 2.3 5.5 -2.3
v 2.4 5.4 -2.3
v 2.4 5.5 -2.3
v 2.5 5.4 -2.3
v 2.5 5.5 -2.3
v 2.6 5.4 -2.3
v 2.6 5.5 -2.3
v 2.7 5.4 -2.3
v 2.8 5.4 -2.3
v 2.8 5.5 -2.3
v 3 5.4 -2.3
v 3 5.5 -2.3
v 3.1 5.4 -2.3
v 3.1 5.5 -2.3
v 3.2 5.4 -2.3
v 3.2 5.5 -2.3
v 3.3 5.4 -2.3
v 3.3 5.5 -2.3
v 3.4 5.4 -2.3
v 3.4 5.5 -2.3
v 3.5 2.6 -2.3
v 3.5 2.8 -2.3
v 3.5 2.9 -2.3
v 3.5 3 -2.3
v 3.5 3.1 -2.3
v 3.5 3.2 -2.3
v 3.5 3.3 -2.3
v 3.5 3.4 -2.3
v 3.5 5.3 -2.3
v 3.5 5.4 -2.3
v 3.5 5.5 -2.3
v 3.6 2.6 -2.3
v 3.6 3.2 -2.3
v 3.6 3.3 -2.3
v 3.6 3.4 -2.3
v 3.6 5.3 -2.3
v 3.6 5.4 -2.3
v 0.6 4 -2.4
v 0.6 4.1 -2.4
v 0.6 4.3 -2.4
v 0.6 4.5 -2.4
v 0.6 4.7 -2.4
v 0.6 4.8 -2.4
v 0.7 4 -2.4
v 0.7 4.1 -2.4
v 0.7 4.3 -2.4
v 0.7 4.4 -2.4
v 0.7 4.5 -2.4
v 0.7 4.7 -2.4
v 0.7 4.8 -2.4
v 0.8 4.4 -2.4
v 0.8 4.5 -2.4
v 3.3 4.6 -2.4
v 3.3 4.7 -2.4
v 3.3 4.8 -2.4
v 3.3 4.9 -2.4
v 3.4 4.6 -2.4
v 3.4 4.7 -2.4
v 3.4 4.8 -2.4
v 3.4 4.9 -2.4
v 0.4 3.1 -2.5
v 0.4 3.2 -2.5
v 0.4 5.2 -2.5
v 0.4 5.3 -2.5
v 0.5 3.1 -2.5
v 0.5 3.2 -2.5
v 0.5 5.2 -2.5
v 0.5 5.3 -2.5
v 0.5 5.4 -2.5
v 0.6 5.3 -2.5
v 0.6 5.4 -2.5
v 0.7 4.1 -2.5
v 0.7 4.2 -2.5
v 0.8 4.1 -2.5
v 0.8 4.2 -2.5
v 0.8 5.3 -2.5
v 0.8 5.4 -2.5
v 0.9 5.3 -2.5
v 0.9 5.4 -2.5
v 1 5.3 -2.5
v 1 5.4 -2.5
v 1.1 5.3 -2.5
v 1.1 5.4 -2.5
v 1.2 5.3 -2.5
v 1.2 5.4 -2.5
v 1.3 5.3 -2.5
v 1.3 5.4 -2.5
v 1.5 5.3 -2.5
v 1.5 5.4 -2.5
v 1.6 5.3 -2.5
v 1.7 5.3 -2.5
v 1.7 5.4 -2.5
v 1.9 5.3 -2.5
v 1.9 5.4 -2.5
v 2.1 5.3 -2.5
v 2.1 5.4 -2.5
v 2.2 5.3 -2.5
v 2.2 5.4 -2.5
v 2.3 5.3 -2.5
v 2.3 5.4 -2.5
v 2.4 5.3 -2.5
v 2.5 5.3 -2.5
v 2.6 5.3 -2.5
v 2.6 5.4 -2.5
v 2.7 5.3 -2.5
v 2.7 5.4 -2.5
v 2.8 5.3 -2.5
v 2.8 5.4 -2.5
v 2.9 5.3 -2.5
v 2.9 5.4 -2.5
v 3 5.3 -2.5
v 3 5.4 -2.5
v 3.1 5.3 -2.5
v 3.1 5.4 -2.5
v 3.2 5.3 -2.5
v 3.2 5.4 -2.5
v 3.3 4 -2.5
v 3.3 4.1 -2.5
v 3.3 5.3 -2.5
v 3.3 5.4 -2.5
v 3.4 4 -2.5
v 3.4 4.1 -2.5
v 3.4 5.3 -2.5
v 3.4 5.4 -2.5
v 3.5 5.2 -2.5
v 3.5 5.3 -2.5
v 3.5 5.4 -2.5
v 3.6 5.2 -2.5
v 3.6 5.3 -2.5
v 0.4 5.1 -2.7
v 0.4 5.2 -2.7
v 0.5 5.1 -2.7
v 0.5 5.2 -2.7
v 0.5 5.3 -2.7
v 0.7 5.2 -2.7
v 0.7 5.3 -2.7
v 0.8 5.2 -2.7
v 0.8 5.3 -2.7
v 0.9 5.2 -2.7
v 1 5.2 -2.7
v 1 5.3 -2.7
v 1.1 5.2 -2.7
v 1.1 5.3 -2.7
v 1.4 5.2 -2.7
v 1.4 5.3 -2.7
v 1.5 5.2 -2.7
v 1.6 5.2 -2.7
v 1.6 5.3 -2.7
v 1.7 5.2 -2.7
v 1.7 5.3 -2.7
v 1.9 5.2 -2.7
v 1.9 5.3 -2.7
v 2 5.2 -2.7
v 2 5.3 -2.7
v 2.1 5.2 -2.7
v 2.2 5.2 -2.7
v 2.2 5.3 -2.7
v 2.3 5.2 -2.7
v 2.4 5.2 -2.7
v 2.4 5.3 -2.7
v 2.5 5.2 -2.7
v 2.5 5.3 -2.7
v 2.6 5.2 -2.7
v 2.6 5.3 -2.7
v 2.8 5.2 -2.7
v 2.8 5.3 -2.7
v 2.9 5.2 -2.7
v 2.9 5.3 -2.7
v 3 5.2 -2.7
v 3 5.3 -2.7
v 3.1 5.2 -2.7
v 3.1 5.3 -2.7
v 3.2 5.2 -2.7
v 3.3 5.2 -2.7
v 3.3 5.3 -2.7
v 3.4 5.2 -2.7
v 3.5 5.1 -2.7
v 3.5 5.2 -2.7
v 3.5 5.3 -2.7
v 3.6 5.1 -2.7
v 3.6 5.2 -2.7
v 0.4 5 -2.8
v 0.4 5.1 -2.8
v 0.5 5 -2.8
v 0.5 5.1 -2.8
v 0.5 5.2 -2.8
v 0.6 5.1 -2.8
v 0.8 5.1 -2.8
v 0.9 5.1 -2.8
v 0.9 5.2 -2.8
v 1 5.1 -2.8
v 1.1 5.1 -2.8
v 1.1 5.2 -2.8
v 1.2 5.1 -2.8
v 1.3 5.1 -2.8
v 1.4 5.1 -2.8
v 1.4 5.2 -2.8
v 1.5 5.1 -2.8
v 1.5 5.2 -2.8
v 1.6 5.1 -2.8
v 1.6 5.2 -2.8
v 1.7 5.1 -2.8
v 1.9 5.1 -2.8
v 1.9 5.2 -2.8
v 2.1 5.1 -2.8
v 2.1 5.2 -2.8
v 2.3 5.1 -2.8
v 2.3 5.2 -2.8
v 2.4 5.1 -2.8
v 2.4 5.2 -2.8
v 2.5 5.1 -2.8
v 2.5 5.2 -2.8
v 2.6 5.1 -2.8
v 2.6 5.2 -2.8
v 2.7 5.1 -2.8
v 2.8 5.1 -2.8
v 2.8 5.2 -2.8
v 2.9 5.1 -2.8
v 3 5.1 -2.8
v 3.1 5.1 -2.8
v 3.1 5.2 -2.8
v 3.2 5.1 -2.8
v 3.2 5.2 -2.8
v 3.3 5.1 -2.8
v 3.4 5.1 -2.8
v 3.4 5.2 -2.8
v 3.5 5 -2.8
v 3.5 5.1 -2.8
v 3.5 5.2 -2.8
v 3.6 5 -2.8
v 3.6 5.1 -2.8
v 0.4 4.9 -2.9
v 0.4 5 -2.9
v 0.5 4.9 -2.9
v 0.5 5 -2.9
v 0.5 5.1 -2.9
v 0.6 4 -2.9
v 0.6 4.1 -2.9
v 0.6 5 -2.9
v 0.6 5.1 -2.9
v 0.7 4 -2.9
v 0.7 4.1 -2.9
v 0.8 5 -2.9
v 0.8 5.1 -2.9
v 0.9 5 -2.9
v 1 5 -2.9
v 1 5.1 -2.9
v 1.1 5 -2.9
v 1.1 5.1 -2.9
v 1.2 5 -2.9
v 1.2 5.1 -2.9
v 1.3 5 -2.9
v 1.3 5.1 -2.9
v 1.4 5 -2.9
v 1.4 5.1 -2.9
v 1.5 5 -2.9
v 1.7 5 -2.9
v 1.7 5.1 -2.9
v 1.8 5 -2.9
v 1.9 5 -2.9
v 1.9 5.1 -2.9
v 2.1 5 -2.9
v 2.1 5.1 -2.9
v 2.3 5 -2.9
v 2.3 5.1 -2.9
v 2.5 5 -2.9
v 2.5 5.1 -2.9
v 2.7 5 -2.9
v 2.7 5.1 -2.9
v 2.8 5 -2.9
v 2.9 5 -2.9
v 2.9 5.1 -2.9
v 3 5 -2.9
v 3 5.1 -2.9
v 3.1 5 -2.9
v 3.2 5 -2.9
v 3.2 5.1 -2.9
v 3.3 5 -2.9
v 3.3 5.1 -2.9
v 3.4 2.3 -2.9
v 3.4 2.4 -2.9
v 3.4 5 -2.9
v 3.4 5.1 -2.9
v 3.5 2.3 -2.9
v 3.5 2.4 -2.9
v 3.5 2.5 -2.9
v 3.5 2.6 -2.9
v 3.5 3.2 -2.9
v 3.5 3.3 -2.9
v 3.5 4.9 -2.9
v 3.5 5 -2.9
v 3.5 5.1 -2.9
v 3.6 2.5 -2.9
v 3.6 2.6 -2.9
v 3.6 3.2 -2.9
v 3.6 3.3 -2.9
v 3.6 4.9 -2.9
v 3.6 5 -2.9
v 3.7 2.4 -2.9
v 3.7 2.5 -2.9
v 3.8 2.4 -2.9
v 3.8 2.5 -2.9
v 0.4 4.7 -3
v 0.4 4.9 -3
v 0.5 4.7 -3
v 0.5 4.9 -3
v 0.5 5 -3
v 0.6 4.9 -3
v 0.7 4.9 -3
v 0.8 4.9 -3
v 0.9 4.9 -3
v 0.9 5 -3
v 1.2 4.9 -3
v 1.3 4.9 -3
v 1.3 5 -3
v 1.5 4.9 -3
v 1.5 5 -3
v 1.6 4.9 -3
v 1.7 4.9 -3
v 1.7 5 -3
v 1.8 4.9 -3
v 1.8 5 -3
v 1.9 4.9 -3
v 1.9 5 -3
v 2 4.9 -3
v 2.1 4.9 -3
v 2.1 5 -3
v 2.2 4.9 -3
v 2.3 4.9 -3
v 2.5 4.9 -3
v 2.5 5 -3
v 2.6 4.9 -3
v 2.7 4.9 -3
v 2.8 4.9 -3
v 2.8 5 -3
v 2.9 4.9 -3
v 2.9 5 -3
v 3.1 4.9 -3
v 3.1 5 -3
v 3.2 4.9 -3
v 3.2 5 -3
v 3.3 4.9 -3
v 3.3 5 -3
v 3.4 4.9 -3
v 3.5 2.6 -3
v 3.5 2.7 -3
v 3.5 2.9 -3
v 3.5 3 -3
v 3.5 3.1 -3
v 3.5 3.2 -3
v 3.5 4.7 -3
v 3.5 4.8 -3
v 3.5 4.9 -3
v 3.5 5 -3
v 3.6 2.4 -3
v 3.6 2.5 -3
v 3.6 2.6 -3
v 3.6 2.7 -3
v 3.6 2.9 -3
v 3.6 3 -3
v 3.6 3.1 -3
v 3.6 3.2 -3
v 3.6 4.7 -3
v 3.6 4.8 -3
v 3.6 4.9 -3
v 3.7 2.4 -3
v 3.7 2.5 -3
v 0.4 2.8 -3.1
v 0.4 2.9 -3.1
v 0.4 4.6 -3.1
v 0.4 4.7 -3.1
v 0.5 2.8 -3.1
v 0.5 2.9 -3.1
v 0.5 4.6 -3.1
v 0.5 4.7 -3.1
v 0.5 4.9 -3.1
v 0.6 4.7 -3.1
v 0.6 4.8 -3.1
v 0.6 4.9 -3.1
v 0.7 4.7 -3.1
v 0.7 4.8 -3.1
v 0.7 4.9 -3.1
v 0.8 4.8 -3.1
v 0.8 4.9 -3.1
v 0.9 4.7 -3.1
v 0.9 4.8 -3.1
v 0.9 4.9 -3.1
v 1 4.7 -3.1
v 1 4.8 -3.1
v 1.1 4.7 -3.1
v 1.1 4.8 -3.1
v 1.2 4.7 -3.1
v 1.2 4.8 -3.1
v 1.2 4.9 -3.1
v 1.3 4.7 -3.1
v 1.3 4.9 -3.1
v 1.4 4.7 -3.1
v 1.4 4.8 -3.1
v 1.5 4.7 -3.1
v 1.5 4.8 -3.1
v 1.5 4.9 -3.1
v 1.6 4.7 -3.1
v 1.6 4.8 -3.1
v 1.6 4.9 -3.1
v 1.7 4.8 -3.1
v 1.7 4.9 -3.1
v 1.8 4.8 -3.1
v 1.8 4.9 -3.1
v 1.9 4.7 -3.1
v 1.9 4.8 -3.1
v 2 4.7 -3.1
v 2 4.9 -3.1
v 2.1 4.7 -3.1
v 2.2 4.7 -3.1
v 2.2 4.8 -3.1
v 2.2 4.9 -3.1
v 2.3 4.7 -3.1
v 2.3 4.8 -3.1
v 2.3 4.9 -3.1
v 2.4 4.7 -3.1
v 2.4 4.8 -3.1
v 2.5 4.7 -3.1
v 2.5 4.8 -3.1
v 2.6 4.8 -3.1
v 2.6 4.9 -3.1
v 2.7 4.7 -3.1
v 2.7 4.8 -3.1
v 2.7 4.9 -3.1
v 2.8 4.7 -3.1
v 2.8 4.8 -3.1
v 2.8 4.9 -3.1
v 2.9 4.7 -3.1
v 2.9 4.8 -3.1
v 2.9 4.9 -3.1
v 3 4.7 -3.1
v 3.1 4.8 -3.1
v 3.1 4.9 -3.1
v 3.2 4.7 -3.1
v 3.2 4.8 -3.1
v 3.2 4.9 -3.1
v 3.3 4.7 -3.1
v 3.3 4.8 -3.1
v 3.3 4.9 -3.1
v 3.4 4.8 -3.1
v 3.4 4.9 -3.1
v 3.5 4.6 -3.1
v 3.5 4.7 -3.1
v 3.5 4.9 -3.1
v 3.6 4.6 -3.1
v 3.6 4.7 -3.1
v 0.4 4.5 -3.2
v 0.4 4.6 -3.2
v 0.5 4.5 -3.2
v 0.5 4.6 -3.2
v 0.5 4.7 -3.2
v 0.6 4.6 -3.2
v 0.6 4.7 -3.2
v 0.7 4.6 -3.2
v 0.8 4.6 -3.2
v 1 4.6 -3.2
v 1.1 4.6 -3.2
v 1.1 4.7 -3.2
v 1.2 4.6 -3.2
v 1.2 4.7 -3.2
v 1.5 4.6 -3.2
v 1.6 4.6 -3.2
v 1.6 4.7 -3.2
v 1.7 4.6 -3.2
v 1.8 4.6 -3.2
v 1.9 4.6 -3.2
v 1.9 4.7 -3.2
v 2.1 4.6 -3.2
v 2.1 4.7 -3.2
v 2.2 4.6 -3.2
v 2.2 4.7 -3.2
v 2.3 4.6 -3.2
v 2.3 4.7 -3.2
v 2.4 4.6 -3.2
v 2.5 4.6 -3.2
v 2.5 4.7 -3.2
v 2.7 4.6 -3.2
v 2.7 4.7 -3.2
v 2.8 4.6 -3.2
v 2.9 4.6 -3.2
v 2.9 4.7 -3.2
v 3 4.6 -3.2
v 3 4.7 -3.2
v 3.2 4.6 -3.2
v 3.3 4.6 -3.2
v 3.3 4.7 -3.2
v 3.4 4.6 -3.2
v 3.5 4.5 -3.2
v 3.5 4.6 -3.2
v 3.5 4.7 -3.2
v 3.6 4.5 -3.2
v 3.6 4.6 -3.2
v 0.4 4.2 -3.3
v 0.4 4.4 -3.3
v 0.4 4.5 -3.3
v 0.5 4.2 -3.3
v 0.5 4.4 -3.3
v 0.5 4.5 -3.3
v 0.5 4.6 -3.3
v 0.6 4.5 -3.3
v 0.6 4.6 -3.3
v 0.7 4.5 -3.3
v 0.7 4.6 -3.3
v 0.8 4.5 -3.3
v 0.8 4.6 -3.3
v 1 4.5 -3.3
v 1 4.6 -3.3
v 1.2 4.5 -3.3
v 1.2 4.6 -3.3
v 1.3 4.5 -3.3
v 1.4 4.5 -3.3
v 1.5 4.5 -3.3
v 1.5 4.6 -3.3
v 1.6 4.5 -3.3
v 1.6 4.6 -3.3
v 1.7 4.5 -3.3
v 1.7 4.6 -3.3
v 1.8 4.5 -3.3
v 1.8 4.6 -3.3
v 1.9 4.5 -3.3
v 2 3.4 -3.3
v 2 3.5 -3.3
v 2.1 3.5 -3.3
v 2.1 3.6 -3.3
v 2.1 4.5 -3.3
v 2.2 4.5 -3.3
v 2.2 4.6 -3.3
v 2.3 3.5 -3.3
v 2.3 3.6 -3.3
v 2.4 2.5 -3.3
v 2.4 2.6 -3.3
v 2.4 3.4 -3.3
v 2.4 3.5 -3.3
v 2.4 4.5 -3.3
v 2.4 4.6 -3.3
v 2.5 2.5 -3.3
v 2.5 2.6 -3.3
v 2.5 4.5 -3.3
v 2.6 4.5 -3.3
v 2.7 4.5 -3.3
v 2.8 4.5 -3.3
v 2.8 4.6 -3.3
v 2.9 4.5 -3.3
v 2.9 4.6 -3.3
v 3 4.5 -3.3
v 3.1 4.5 -3.3
v 3.2 4.5 -3.3
v 3.2 4.6 -3.3
v 3.3 4.5 -3.3
v 3.3 4.6 -3.3
v 3.4 4.5 -3.3
v 3.4 4.6 -3.3
v 3.5 4.2 -3.3
v 3.5 4.4 -3.3
v 3.5 4.5 -3.3
v 3.5 4.6 -3.3
v 3.6 4.2 -3.3
v 3.6 4.5 -3.3
v 0.3 3.8 -3.4
v 0.3 3.9 -3.4
v 0.4 3.8 -3.4
v 0.4 3.9 -3.4
v 0.4 4 -3.4
v 0.4 4.1 -3.4
v 0.4 4.2 -3.4
v 0.5 3.9 -3.4
v 0.5 4 -3.4
v 0.5 4.1 -3.4
v 0.5 4.2 -3.4
v 0.5 4.4 -3.4
v 0.5 4.5 -3.4
v 0.6 4.3 -3.4
v 0.6 4.4 -3.4
v 0.6 4.5 -3.4
v 0.7 4.2 -3.4
v 0.7 4.3 -3.4
v 0.7 4.4 -3.4
v 0.8 4.2 -3.4
v 0.8 4.3 -3.4
v 0.8 4.5 -3.4
v 0.9 4.2 -3.4
v 0.9 4.3 -3.4
v 0.9 4.4 -3.4
v 1 4.2 -3.4
v 1 4.4 -3.4
v 1 4.5 -3.4
v 1.1 4.2 -3.4
v 1.1 4.3 -3.4
v 1.2 4.3 -3.4
v 1.2 4.5 -3.4
v 1.3 4.2 -3.4
v 1.3 4.5 -3.4
v 1.4 4.2 -3.4
v 1.4 4.3 -3.4
v 1.4 4.4 -3.4
v 1.4 4.5 -3.4
v 1.5 4.2 -3.4
v 1.5 4.3 -3.4
v 1.5 4.4 -3.4
v 1.5 4.5 -3.4
v 1.6 4.2 -3.4
v 1.6 4.3 -3.4
v 1.6 4.4 -3.4
v 1.7 4.2 -3.4
v 1.7 4.3 -3.4
v 1.7 4.5 -3.4
v 1.9 3.4 -3.4
v 1.9 3.5 -3.4
v 1.9 4.2 -3.4
v 1.9 4.4 -3.4
v 1.9 4.5 -3.4
v 2 3.4 -3.4
v 2 3.5 -3.4
v 2 4.2 -3.4
v 2 4.3 -3.4
v 2.1 4.2 -3.4
v 2.1 4.3 -3.4
v 2.1 4.4 -3.4
v 2.1 4.5 -3.4
v 2.2 3.6 -3.4
v 2.2 3.7 -3.4
v 2.3 2.5 -3.4
v 2.3 2.6 -3.4
v 2.3 3.6 -3.4
v 2.3 3.7 -3.4
v 2.3 4.2 -3.4
v 2.3 4.3 -3.4
v 2.4 2.5 -3.4
v 2.4 2.6 -3.4
v 2.4 3.4 -3.4
v 2.4 3.5 -3.4
v 2.4 4.2 -3.4
v 2.4 4.3 -3.4
v 2.4 4.4 -3.4
v 2.4 4.5 -3.4
v 2.5 3.4 -3.4
v 2.5 3.5 -3.4
v 2.5 4.2 -3.4
v 2.5 4.3 -3.4
v 2.5 4.4 -3.4
v 2.5 4.5 -3.4
v 2.6 4.2 -3.4
v 2.6 4.3 -3.4
v 2.6 4.4 -3.4
v 2.6 4.5 -3.4
v 2.7 4.2 -3.4
v 2.7 4.4 -3.4
v 2.7 4.5 -3.4
v 2.8 4.2 -3.4
v 2.8 4.4 -3.4
v 2.9 4.2 -3.4
v 2.9 4.4 -3.4
v 3 4.2 -3.4
v 3 4.3 -3.4
v 3 4.4 -3.4
v 3 4.5 -3.4
v 3.1 4.2 -3.4
v 3.1 4.3 -3.4
v 3.1 4.4 -3.4
v 3.1 4.5 -3.4
v 3.2 4.2 -3.4
v 3.2 4.3 -3.4
v 3.3 4.2 -3.4
v 3.3 4.3 -3.4
v 3.3 4.4 -3.4
v 3.3 4.5 -3.4
v 3.4 4.2 -3.4
v 3.4 4.4 -3.4
v 3.4 4.5 -3.4
v 3.5 3.9 -3.4
v 3.5 4 -3.4
v 3.5 4.2 -3.4
v 3.5 4.4 -3.4
v 3.5 4.5 -3.4
v 3.6 3.8 -3.4
v 3.6 3.9 -3.4
v 3.6 4 -3.4
v 3.6 4.2 -3.4
v 3.7 3.8 -3.4
v 3.7 3.9 -3.4
v 0.5 2 -3.5
v 0.5 2.1 -3.5
v 0.5 2.3 -3.5
v 0.5 2.4 -3.5
v 0.5 2.6 -3.5
v 0.5 2.7 -3.5
v 0.5 2.9 -3.5
v 0.5 3 -3.5
v 0.5 3.2 -3.5
v 0.5 3.3 -3.5
v 0.5 3.5 -3.5
v 0.5 3.6 -3.5
v 0.5 3.9 -3.5
v 0.5 4 -3.5
v 0.5 4.2 -3.5
v 0.6 2.3 -3.5
v 0.6 2.4 -3.5
v 0.6 2.6 -3.5
v 0.6 2.7 -3.5
v 0.6 3 -3.5
v 0.6 3.5 -3.5
v 0.6 3.6 -3.5
v 0.6 3.9 -3.5
v 0.6 4 -3.5
v 0.6 4.1 -3.5
v 0.7 2 -3.5
v 0.7 2.1 -3.5
v 0.7 2.4 -3.5
v 0.7 2.6 -3.5
v 0.7 2.7 -3.5
v 0.7 2.9 -3.5
v 0.7 3 -3.5
v 0.7 3.2 -3.5
v 0.7 3.3 -3.5
v 0.7 3.5 -3.5
v 0.7 3.6 -3.5
v 0.7 3.9 -3.5
v 0.7 4 -3.5
v 0.7 4.1 -3.5
v 0.7 4.2 -3.5
v 0.8 2.1 -3.5
v 0.8 2.3 -3.5
v 0.8 2.4 -3.5
v 0.8 2.7 -3.5
v 0.8 3.2 -3.5
v 0.8 3.3 -3.5
v 0.8 3.9 -3.5
v 0.8 4 -3.5
v 0.8 4.1 -3.5
v 0.8 4.2 -3.5
v 0.9 2 -3.5
v 0.9 2.1 -3.5
v 0.9 2.3 -3.5
v 0.9 2.6 -3.5
v 0.9 2.7 -3.5
v 0.9 2.9 -3.5
v 0.9 3 -3.5
v 0.9 3.2 -3.5
v 0.9 3.6 -3.5
v 0.9 3.9 -3.5
v 0.9 4 -3.5
v 0.9 4.1 -3.5
v 0.9 4.2 -3.5
v 1 2 -3.5
v 1 2.1 -3.5
v 1 2.4 -3.5
v 1 2.6 -3.5
v 1 2.7 -3.5
v 1 2.9 -3.5
v 1 3 -3.5
v 1 3.2 -3.5
v 1 3.5 -3.5
v 1 3.6 -3.5
v 1 3.9 -3.5
v 1 4 -3.5
v 1 4.1 -3.5
v 1 4.2 -3.5
v 1.1 2 -3.5
v 1.1 2.1 -3.5
v 1.1 2.3 -3.5
v 1.1 2.4 -3.5
v 1.1 2.6 -3.5
v 1.1 2.9 -3.5
v 1.1 3.2 -3.5
v 1.1 3.3 -3.5
v 1.1 3.5 -3.5
v 1.1 3.9 -3.5
v 1.1 4 -3.5
v 1.1 4.1 -3.5
v 1.1 4.2 -3.5
v 1.2 2 -3.5
v 1.2 2.1 -3.5
v 1.2 2.3 -3.5
v 1.2 2.4 -3.5
v 1.2 2.6 -3.5
v 1.2 2.7 -3.5
v 1.2 3 -3.5
v 1.2 3.3 -3.5
v 1.2 3.6 -3.5
v 1.2 3.9 -3.5
v 1.2 4.1 -3.5
v 1.3 2.6 -3.5
v 1.3 2.9 -3.5
v 1.3 3.3 -3.5
v 1.3 4 -3.5
v 1.3 4.1 -3.5
v 1.3 4.2 -3.5
v 1.4 2.7 -3.5
v 1.4 2.9 -3.5
v 1.4 3.9 -3.5
v 1.4 4 -3.5
v 1.4 4.1 -3.5
v 1.4 4.2 -3.5
v 1.5 2.6 -3.5
v 1.5 3 -3.5
v 1.5 3.3 -3.5
v 1.5 3.5 -3.5
v 1.5 4.1 -3.5
v 1.5 4.2 -3.5
v 1.6 2.4 -3.5
v 1.6 3.2 -3.5
v 1.6 3.9 -3.5
v 1.6 4 -3.5
v 1.6 4.2 -3.5
v 1.7 2.1 -3.5
v 1.7 2.3 -3.5
v 1.7 2.7 -3.5
v 1.7 2.9 -3.5
v 1.7 3.3 -3.5
v 1.7 3.5 -3.5
v 1.7 3.9 -3.5
v 1.7 4.1 -3.5
v 1.7 4.2 -3.5
v 1.8 2.3 -3.5
v 1.8 2.4 -3.5
v 1.8 2.6 -3.5
v 1.8 3.2 -3.5
v 1.8 3.3 -3.5
v 1.8 3.9 -3.5
v 1.8 4 -3.5
v 1.8 4.1 -3.5
v 1.9 2.3 -3.5
v 1.9 3.2 -3.5
v 1.9 3.5 -3.5
v 1.9 3.9 -3.5
v 1.9 4 -3.5
v 1.9 4.1 -3.5
v 1.9 4.2 -3.5
v 2 2.1 -3.5
v 2 2.3 -3.5
v 2 2.7 -3.5
v 2 2.9 -3.5
v 2 3.2 -3.5
v 2 3.3 -3.5
v 2 4 -3.5
v 2 4.1 -3.5
v 2 4.2 -3.5
v 2.1 2.7 -3.5
v 2.1 3 -3.5
v 2.1 3.2 -3.5
v 2.1 3.9 -3.5
v 2.2 2.1 -3.5
v 2.2 2.3 -3.5
v 2.2 2.6 -3.5
v 2.2 2.7 -3.5
v 2.2 3.6 -3.5
v 2.2 3.9 -3.5
v 2.2 4 -3.5
v 2.2 4.1 -3.5
v 2.3 2.3 -3.5
v 2.3 2.4 -3.5
v 2.3 2.6 -3.5
v 2.3 3.2 -3.5
v 2.3 3.3 -3.5
v 2.3 3.6 -3.5
v 2.3 3.9 -3.5
v 2.3 4 -3.5
v 2.3 4.2 -3.5
v 2.4 2 -3.5
v 2.4 2.1 -3.5
v 2.4 3 -3.5
v 2.4 3.2 -3.5
v 2.4 3.3 -3.5
v 2.4 3.9 -3.5
v 2.4 4 -3.5
v 2.4 4.2 -3.5
v 2.5 2.4 -3.5
v 2.5 2.6 -3.5
v 2.5 3.5 -3.5
v 2.5 3.9 -3.5
v 2.5 4.1 -3.5
v 2.5 4.2 -3.5
v 2.6 2.6 -3.5
v 2.6 2.7 -3.5
v 2.6 2.9 -3.5
v 2.6 3.3 -3.5
v 2.6 3.9 -3.5
v 2.6 4.1 -3.5
v 2.6 4.2 -3.5
v 2.7 2 -3.5
v 2.7 2.1 -3.5
v 2.7 2.9 -3.5
v 2.7 3.2 -3.5
v 2.7 3.9 -3.5
v 2.7 4.1 -3.5
v 2.8 2.3 -3.5
v 2.8 2.6 -3.5
v 2.8 2.7 -3.5
v 2.8 2.9 -3.5
v 2.8 3.2 -3.5
v 2.8 3.3 -3.5
v 2.8 3.9 -3.5
v 2.8 4.1 -3.5
v 2.9 2 -3.5
v 2.9 2.1 -3.5
v 2.9 2.3 -3.5
v 2.9 2.4 -3.5
v 2.9 2.6 -3.5
v 2.9 2.7 -3.5
v 2.9 3.9 -3.5
v 2.9 4 -3.5
v 2.9 4.1 -3.5
v 2.9 4.2 -3.5
v 3 2.1 -3.5
v 3 2.3 -3.5
v 3 2.4 -3.5
v 3 2.6 -3.5
v 3 2.7 -3.5
v 3 3.6 -3.5
v 3 3.9 -3.5
v 3 4 -3.5
v 3 4.2 -3.5
v 3.1 2 -3.5
v 3.1 2.1 -3.5
v 3.1 2.3 -3.5
v 3.1 2.6 -3.5
v 3.1 2.7 -3.5
v 3.1 2.9 -3.5
v 3.1 3 -3.5
v 3.1 3.2 -3.5
v 3.1 3.9 -3.5
v 3.1 4.1 -3.5
v 3.1 4.2 -3.5
v 3.2 2 -3.5
v 3.2 2.1 -3.5
v 3.2 2.3 -3.5
v 3.2 2.4 -3.5
v 3.2 3 -3.5
v 3.2 3.2 -3.5
v 3.2 3.3 -3.5
v 3.2 3.6 -3.5
v 3.2 3.9 -3.5
v 3.2 4.1 -3.5
v 3.2 4.2 -3.5
v 3.3 2 -3.5
v 3.3 2.1 -3.5
v 3.3 2.3 -3.5
v 3.3 2.4 -3.5
v 3.3 2.6 -3.5
v 3.3 2.7 -3.5
v 3.3 2.9 -3.5
v 3.3 3.2 -3.5
v 3.3 3.3 -3.5
v 3.3 3.5 -3.5
v 3.3 3.6 -3.5
v 3.3 3.9 -3.5
v 3.3 4.1 -3.5
v 3.4 2 -3.5
v 3.4 2.1 -3.5
v 3.4 2.3 -3.5
v 3.4 2.4 -3.5
v 3.4 2.6 -3.5
v 3.4 2.7 -3.5
v 3.4 2.9 -3.5
v 3.4 3 -3.5
v 3.4 3.5 -3.5
v 3.4 3.9 -3.5
v 3.4 4 -3.5
v 3.4 4.2 -3.5
v 3.5 2 -3.5
v 3.5 2.1 -3.5
v 3.5 2.3 -3.5
v 3.5 2.4 -3.5
v 3.5 2.6 -3.5
v 3.5 2.7 -3.5
v 3.5 2.9 -3.5
v 3.5 3 -3.5
v 3.5 3.2 -3.5
v 3.5 3.3 -3.5
v 3.5 3.5 -3.5
v 3.5 3.6 -3.5
v 3.5 3.9 -3.5
v 3.5 4 -3.5
v 3.5 4.2 -3.5
v 0.3 2.1 -3.6
v 0.3 2.2 -3.6
v 0.3 2.3 -3.6
v 0.3 2.4 -3.6
v 0.3 2.5 -3.6
v 0.3 2.6 -3.6
v 0.3 2.7 -3.6
v 0.3 2.8 -3.6
v 0.3 2.9 -3.6
v 0.3 3 -3.6
v 0.3 3.1 -3.6
v 0.3 3.2 -3.6
v 0.3 3.3 -3.6
v 0.3 3.4 -3.6
v 0.3 3.5 -3.6
v 0.3 3.6 -3.6
v 0.3 3.7 -3.6
v 0.3 3.8 -3.6
v 0.4 2.1 -3.6
v 0.4 2.2 -3.6
v 0.4 2.3 -3.6
v 0.4 2.4 -3.6
v 0.4 2.5 -3.6
v 0.4 2.6 -3.6
v 0.4 2.7 -3.6
v 0.4 2.8 -3.6
v 0.4 2.9 -3.6
v 0.4 3 -3.6
v 0.4 3.1 -3.6
v 0.4 3.2 -3.6
v 0.4 3.3 -3.6
v 0.4 3.4 -3.6
v 0.4 3.5 -3.6
v 0.4 3.6 -3.6
v 0.4 3.7 -3.6
v 0.4 3.8 -3.6
v 0.4 3.9 -3.6
v 0.5 3.8 -3.6
v 0.5 3.9 -3.6
v 0.6 2.1 -3.6
v 0.6 2.2 -3.6
v 0.6 2.3 -3.6
v 0.6 2.4 -3.6
v 0.6 2.5 -3.6
v 0.6 2.6 -3.6
v 0.6 2.7 -3.6
v 0.6 2.8 -3.6
v 0.6 2.9 -3.6
v 0.6 3 -3.6
v 0.6 3.1 -3.6
v 0.6 3.2 -3.6
v 0.6 3.3 -3.6
v 0.6 3.4 -3.6
v 0.6 3.5 -3.6
v 0.6 3.6 -3.6
v 0.6 3.7 -3.6
v 0.6 3.8 -3.6
v 0.6 3.9 -3.6
v 0.7 2.1 -3.6
v 0.7 2.2 -3.6
v 0.7 2.4 -3.6
v 0.7 2.5 -3.6
v 0.7 2.6 -3.6
v 0.7 2.7 -3.6
v 0.7 2.8 -3.6
v 0.7 2.9 -3.6
v 0.7 3 -3.6
v 0.7 3.1 -3.6
v 0.7 3.2 -3.6
v 0.7 3.4 -3.6
v 0.7 3.5 -3.6
v 0.7 3.6 -3.6
v 0.7 3.7 -3.6
v 0.7 3.8 -3.6
v 0.7 3.9 -3.6
v 0.8 2.1 -3.6
v 0.8 2.2 -3.6
v 0.8 2.3 -3.6
v 0.8 2.4 -3.6
v 0.8 2.5 -3.6
v 0.8 2.7 -3.6
v 0.8 2.8 -3.6
v 0.8 3.7 -3.6
v 0.8 3.8 -3.6
v 0.8 3.9 -3.6
v 0.9 2.1 -3.6
v 0.9 2.2 -3.6
v 0.9 2.3 -3.6
v 0.9 2.5 -3.6
v 0.9 2.6 -3.6
v 0.9 2.7 -3.6
v 0.9 2.8 -3.6
v 0.9 2.9 -3.6
v 0.9 3 -3.6
v 0.9 3.1 -3.6
v 0.9 3.2 -3.6
v 0.9 3.6 -3.6
v 0.9 3.7 -3.6
v 0.9 3.8 -3.6
v 0.9 3.9 -3.6
v 1 2.1 -3.6
v 1 2.2 -3.6
v 1 2.4 -3.6
v 1 2.5 -3.6
v 1 2.7 -3.6
v 1 2.8 -3.6
v 1 2.9 -3.6
v 1 3 -3.6
v 1 3.1 -3.6
v 1 3.2 -3.6
v 1 3.7 -3.6
v 1 3.8 -3.6
v 1 3.9 -3.6
v 1.1 2.1 -3.6
v 1.1 2.2 -3.6
v 1.1 2.4 -3.6
v 1.1 2.5 -3.6
v 1.1 2.6 -3.6
v 1.1 2.8 -3.6
v 1.1 2.9 -3.6
v 1.1 3.1 -3.6
v 1.1 3.2 -3.6
v 1.1 3.3 -3.6
v 1.1 3.4 -3.6
v 1.1 3.5 -3.6
v 1.1 3.7 -3.6
v 1.1 3.8 -3.6
v 1.1 3.9 -3.6
v 1.2 2.1 -3.6
v 1.2 2.2 -3.6
v 1.2 2.3 -3.6
v 1.2 2.4 -3.6
v 1.2 2.5 -3.6
v 1.2 2.6 -3.6
v 1.2 3 -3.6
v 1.2 3.1 -3.6
v 1.2 3.3 -3.6
v 1.2 3.4 -3.6
v 1.2 3.6 -3.6
v 1.2 3.7 -3.6
v 1.2 3.8 -3.6
v 1.2 3.9 -3.6
v 1.3 2.5 -3.6
v 1.3 2.6 -3.6
v 1.3 2.8 -3.6
v 1.3 2.9 -3.6
v 1.3 3.3 -3.6
v 1.3 3.4 -3.6
v 1.3 3.7 -3.6
v 1.3 3.8 -3.6
v 1.4 2.7 -3.6
v 1.4 2.8 -3.6
v 1.4 2.9 -3.6
v 1.4 3.7 -3.6
v 1.4 3.8 -3.6
v 1.4 3.9 -3.6
v 1.5 2.5 -3.6
v 1.5 2.6 -3.6
v 1.5 3 -3.6
v 1.5 3.1 -3.6
v 1.5 3.3 -3.6
v 1.5 3.4 -3.6
v 1.5 3.5 -3.6
v 1.5 3.7 -3.6
v 1.5 3.8 -3.6
v 1.6 2.4 -3.6
v 1.6 2.5 -3.6
v 1.6 3.1 -3.6
v 1.6 3.2 -3.6
v 1.6 3.7 -3.6
v 1.6 3.8 -3.6
v 1.6 3.9 -3.6
v 1.7 2.1 -3.6
v 1.7 2.2 -3.6
v 1.7 2.3 -3.6
v 1.7 2.7 -3.6
v 1.7 2.8 -3.6
v 1.7 2.9 -3.6
v 1.7 3.3 -3.6
v 1.7 3.4 -3.6
v 1.7 3.5 -3.6
v 1.7 3.7 -3.6
v 1.7 3.8 -3.6
v 1.7 3.9 -3.6
v 1.8 2.2 -3.6
v 1.8 2.3 -3.6
v 1.8 2.4 -3.6
v 1.8 2.5 -3.6
v 1.8 2.6 -3.6
v 1.8 3.7 -3.6
v 1.8 3.8 -3.6
v 1.8 3.9 -3.6
v 1.9 2.2 -3.6
v 1.9 2.3 -3.6
v 1.9 3.1 -3.6
v 1.9 3.2 -3.6
v 1.9 3.4 -3.6
v 1.9 3.5 -3.6
v 2 2.1 -3.6
v 2 2.2 -3.6
v 2 2.3 -3.6
v 2 2.7 -3.6
v 2 2.8 -3.6
v 2 2.9 -3.6
v 2 3.1 -3.6
v 2 3.2 -3.6
v 2 3.3 -3.6
v 2 3.4 -3.6
v 2 3.7 -3.6
v 2 3.8 -3.6
v 2.1 2.7 -3.6
v 2.1 2.8 -3.6
v 2.1 3 -3.6
v 2.1 3.1 -3.6
v 2.1 3.2 -3.6
v 2.1 3.8 -3.6
v 2.1 3.9 -3.6
v 2.2 2.1 -3.6
v 2.2 2.2 -3.6
v 2.2 2.3 -3.6
v 2.2 2.5 -3.6
v 2.2 2.6 -3.6
v 2.2 2.7 -3.6
v 2.2 2.8 -3.6
v 2.2 3.6 -3.6
v 2.2 3.7 -3.6
v 2.2 3.8 -3.6
v 2.2 3.9 -3.6
v 2.3 2.2 -3.6
v 2.3 2.3 -3.6
v 2.3 2.4 -3.6
v 2.3 2.5 -3.6
v 2.3 2.6 -3.6
v 2.3 3.6 -3.6
v 2.3 3.7 -3.6
v 2.3 3.8 -3.6
v 2.3 3.9 -3.6
v 2.4 2.1 -3.6
v 2.4 2.2 -3.6
v 2.4 3 -3.6
v 2.4 3.1 -3.6
v 2.4 3.2 -3.6
v 2.4 3.3 -3.6
v 2.4 3.4 -3.6
v 2.4 3.7 -3.6
v 2.4 3.8 -3.6
v 2.4 3.9 -3.6
v 2.5 2.4 -3.6
v 2.5 2.5 -3.6
v 2.5 2.6 -3.6
v 2.5 3.4 -3.6
v 2.5 3.5 -3.6
v 2.5 3.7 -3.6
v 2.5 3.8 -3.6
v 2.5 3.9 -3.6
v 2.6 2.5 -3.6
v 2.6 2.6 -3.6
v 2.6 2.7 -3.6
v 2.6 2.8 -3.6
v 2.6 2.9 -3.6
v 2.6 3.3 -3.6
v 2.6 3.4 -3.6
v 2.6 3.8 -3.6
v 2.6 3.9 -3.6
v 2.7 2.8 -3.6
v 2.7 2.9 -3.6
v 2.7 3.1 -3.6
v 2.7 3.2 -3.6
v 2.7 3.8 -3.6
v 2.7 3.9 -3.6
v 2.8 2.2 -3.6
v 2.8 2.3 -3.6
v 2.8 2.8 -3.6
v 2.8 2.9 -3.6
v 2.8 3.1 -3.6
v 2.8 3.2 -3.6
v 2.8 3.3 -3.6
v 2.8 3.4 -3.6
v 2.8 3.7 -3.6
v 2.8 3.8 -3.6
v 2.9 2.2 -3.6
v 2.9 2.3 -3.6
v 2.9 2.4 -3.6
v 2.9 2.5 -3.6
v 2.9 3.7 -3.6
v 2.9 3.8 -3.6
v 2.9 3.9 -3.6
v 3 2.1 -3.6
v 3 2.2 -3.6
v 3 2.3 -3.6
v 3 2.4 -3.6
v 3 2.5 -3.6
v 3 2.6 -3.6
v 3 3.6 -3.6
v 3 3.7 -3.6
v 3 3.8 -3.6
v 3 3.9 -3.6
v 3.1 2.2 -3.6
v 3.1 2.3 -3.6
v 3.1 3 -3.6
v 3.1 3.1 -3.6
v 3.1 3.2 -3.6
v 3.1 3.7 -3.6
v 3.1 3.8 -3.6
v 3.1 3.9 -3.6
v 3.2 2.1 -3.6
v 3.2 2.2 -3.6
v 3.2 2.3 -3.6
v 3.2 3 -3.6
v 3.2 3.1 -3.6
v 3.2 3.2 -3.6
v 3.2 3.3 -3.6
v 3.2 3.4 -3.6
v 3.2 3.6 -3.6
v 3.2 3.7 -3.6
v 3.2 3.8 -3.6
v 3.2 3.9 -3.6
v 3.3 2.1 -3.6
v 3.3 2.2 -3.6
v 3.3 2.3 -3.6
v 3.3 2.4 -3.6
v 3.3 2.5 -3.6
v 3.3 2.6 -3.6
v 3.3 2.7 -3.6
v 3.3 2.8 -3.6
v 3.3 2.9 -3.6
v 3.3 3.1 -3.6
v 3.3 3.2 -3.6
v 3.3 3.4 -3.6
v 3.3 3.5 -3.6
v 3.3 3.7 -3.6
v 3.3 3.8 -3.6
v 3.3 3.9 -3.6
v 3.4 2.1 -3.6
v 3.4 2.2 -3.6
v 3.4 2.3 -3.6
v 3.4 2.4 -3.6
v 3.4 2.5 -3.6
v 3.4 2.6 -3.6
v 3.4 2.7 -3.6
v 3.4 2.8 -3.6
v 3.4 2.9 -3.6
v 3.4 3 -3.6
v 3.4 3.1 -3.6
v 3.4 3.2 -3.6
v 3.4 3.3 -3.6
v 3.4 3.4 -3.6
v 3.4 3.5 -3.6
v 3.4 3.6 -3.6
v 3.4 3.7 -3.6
v 3.4 3.8 -3.6
v 3.4 3.9 -3.6
v 3.5 3.8 -3.6
v 3.5 3.9 -3.6
v 3.6 2.1 -3.6
v 3.6 2.2 -3.6
v 3.6 2.3 -3.6
v 3.6 2.4 -3.6
v 3.6 2.5 -3.6
v 3.6 2.6 -3.6
v 3.6 2.7 -3.6
v 3.6 2.8 -3.6
v 3.6 2.9 -3.6
v 3.6 3 -3.6
v 3.6 3.1 -3.6
v 3.6 3.2 -3.6
v 3.6 3.3 -3.6
v 3.6 3.4 -3.6
v 3.6 3.5 -3.6
v 3.6 3.6 -3.6
v 3.6 3.7 -3.6
v 3.6 3.8 -3.6
v 3.6 3.9 -3.6
v 3.7 2.1 -3.6
v 3.7 2.2 -3.6
v 3.7 2.3 -3.6
v 3.7 2.4 -3.6
v 3.7 2.5 -3.6
v 3.7 2.6 -3.6
v 3.7 2.7 -3.6
v 3.7 2.8 -3.6
v 3.7 2.9 -3.6
v 3.7 3 -3.6
v 3.7 3.1 -3.6
v 3.7 3.2 -3.6
v 3.7 3.3 -3.6
v 3.7 3.4 -3.6
v 3.7 3.5 -3.6
v 3.7 3.6 -3.6
v 3.7 3.7 -3.6
v 3.7 3.8 -3.6
v 0.4 2.1 -3.7
v 0.4 2.2 -3.7
v 0.4 2.3 -3.7
v 0.4 2.4 -3.7
v 0.4 2.5 -3.7
v 0.4 2.6 -3.7
v 0.4 2.7 -3.7
v 0.4 2.8 -3.7
v 0.4 2.9 -3.7
v 0.4 3 -3.7
v 0.4 3.1 -3.7
v 0.4 3.2 -3.7
v 0.4 3.3 -3.7
v 0.4 3.4 -3.7
v 0.4 3.5 -3.7
v 0.4 3.6 -3.7
v 0.4 3.7 -3.7
v 0.4 3.8 -3.7
v 0.5 2.1 -3.7
v 0.5 2.2 -3.7
v 0.5 2.3 -3.7
v 0.5 2.4 -3.7
v 0.5 2.5 -3.7
v 0.5 2.6 -3.7
v 0.5 2.7 -3.7
v 0.5 2.8 -3.7
v 0.5 2.9 -3.7
v 0.5 3 -3.7
v 0.5 3.1 -3.7
v 0.5 3.2 -3.7
v 0.5 3.3 -3.7
v 0.5 3.4 -3.7
v 0.5 3.5 -3.7
v 0.5 3.6 -3.7
v 0.5 3.7 -3.7
v 0.5 3.8 -3.7
v 0.6 2.1 -3.7
v 0.6 2.2 -3.7
v 0.6 2.3 -3.7
v 0.6 2.4 -3.7
v 0.6 2.5 -3.7
v 0.6 2.6 -3.7
v 0.6 2.7 -3.7
v 0.6 2.8 -3.7
v 0.6 2.9 -3.7
v 0.6 3 -3.7
v 0.6 3.1 -3.7
v 0.6 3.2 -3.7
v 0.6 3.3 -3.7
v 0.6 3.4 -3.7
v 0.6 3.5 -3.7
v 0.6 3.6 -3.7
v 0.6 3.7 -3.7
v 0.6 3.8 -3.7
v 0.7 3.7 -3.7
v 0.7 3.8 -3.7
v 0.8 3.7 -3.7
v 0.8 3.8 -3.7
v 0.9 3.7 -3.7
v 0.9 3.8 -3.7
v 1 3.7 -3.7
v 1 3.8 -3.7
v 1.1 3.7 -3.7
v 1.1 3.8 -3.7
v 1.2 3.7 -3.7
v 1.2 3.8 -3.7
v 1.3 3.7 -3.7
v 1.3 3.8 -3.7
v 1.4 3.7 -3.7
v 1.4 3.8 -3.7
v 1.5 3.7 -3.7
v 1.5 3.8 -3.7
v 1.6 3.7 -3.7
v 1.6 3.8 -3.7
v 1.7 3.7 -3.7
v 1.7 3.8 -3.7
v 1.8 3.7 -3.7
v 1.8 3.8 -3.7
v 2 3.7 -3.7
v 2 3.8 -3.7
v 2.2 3.7 -3.7
v 2.2 3.8 -3.7
v 2.3 3.7 -3.7
v 2.3 3.8 -3.7
v 2.4 3.7 -3.7
v 2.4 3.8 -3.7
v 2.5 3.7 -3.7
v 2.5 3.8 -3.7
v 2.8 3.7 -3.7
v 2.8 3.8 -3.7
v 2.9 3.7 -3.7
v 2.9 3.8 -3.7
v 3 3.7 -3.7
v 3 3.8 -3.7
v 3.1 3.7 -3.7
v 3.1 3.8 -3.7
v 3.3 3.7 -3.7
v 3.3 3.8 -3.7
v 3.4 2.1 -3.7
v 3.4 2.2 -3.7
v 3.4 2.3 -3.7
v 3.4 2.4 -3.7
v 3.4 2.5 -3.7
v 3.4 2.6 -3.7
v 3.4 2.7 -3.7
v 3.4 2.8 -3.7
v 3.4 2.9 -3.7
v 3.4 3 -3.7
v 3.4 3.1 -3.7
v 3.4 3.2 -3.7
v 3.4 3.3 -3.7
v 3.4 3.4 -3.7
v 3.4 3.5 -3.7
v 3.4 3.6 -3.7
v 3.4 3.7 -3.7
v 3.5 2.1 -3.7
v 3.5 2.2 -3.7
v 3.5 2.3 -3.7
v 3.5 2.4 -3.7
v 3.5 2.5 -3.7
v 3.5 2.6 -3.7
v 3.5 2.7 -3.7
v 3.5 2.8 -3.7
v 3.5 2.9 -3.7
v 3.5 3 -3.7
v 3.5 3.1 -3.7
v 3.5 3.2 -3.7
v 3.5 3.3 -3.7
v 3.5 3.4 -3.7
v 3.5 3.5 -3.7
v 3.5 3.6 -3.7
v 3.5 3.7 -3.7
v 3.5 3.8 -3.7
v 3.6 2.1 -3.7
v 3.6 2.2 -3.7
v 3.6 2.3 -3.7
v 3.6 2.4 -3.7
v 3.6 2.5 -3.7
v 3.6 2.6 -3.7
v 3.6 2.7 -3.7
v 3.6 2.8 -3.7
v 3.6 2.9 -3.7
v 3.6 3 -3.7
v 3.6 3.1 -3.7
v 3.6 3.2 -3.7
v 3.6 3.3 -3.7
v 3.6 3.4 -3.7
v 3.6 3.5 -3.7
v 3.6 3.6 -3.7
v 3.6 3.7 -3.7
v 3.6 3.8 -3.7
v 0.5 2 -0.5
v 0.6 2 -0.5
v 0.7 2 -0.5
v 0.8 2 -0.5
v 0.9 2 -0.5
v 1.1 2 -0.5
v 2.8 2 -0.5
v 2.9 2 -0.5
v 3 2 -0.5
v 3.1 2 -0.5
v 3.3 2 -0.5
v 3.5 2 -0.5
v 0.5 2 -0.6
v 0.6 2 -0.6
v 0.7 2 -0.6
v 0.8 2 -0.6
v 0.9 2 -0.6
v 1.1 2 -0.6
v 2.8 2 -0.6
v 2.9 2 -0.6
v 3 2 -0.6
v 3.1 2 -0.6
v 3.3 2 -0.6
v 3.4 2 -0.6
v 3.5 2 -0.6
v 0.5 2 -0.7
v 0.6 2 -0.7
v 3.3 2 -0.7
v 3.4 2 -0.7
v 3.5 2 -0.7
v 0.5 2 -0.8
v 0.6 2 -0.8
v 3.3 2 -0.8
v 3.4 2 -0.8
v 3.5 2 -0.8
v 0.5 2 -0.9
v 0.6 2 -0.9
v 3.4 2 -0.9
v 3.5 2 -0.9
v 0.5 2 -1.2
v 0.6 2 -1.2
v 0.5 2 -1.3
v 0.6 2 -1.3
v 0.5 2 -1.4
v 0.6 2 -1.4
v 3.4 2 -1.4
v 3.5 2 -1.4
v 0.5 2 -1.5
v 0.6 2 -1.5
v 0.5 2 -1.6
v 0.6 2 -1.6
v 3.4 2 -1.6
v 3.5 2 -1.6
v 0.5 2 -1.7
v 0.6 2 -1.7
v 3.4 2 -1.7
v 3.5 2 -1.7
v 0.5 2 -1.8
v 0.6 2 -1.8
v 3.4 2 -1.8
v 3.5 2 -1.8
v 0.5 2 -1.9
v 0.6 2 -1.9
v 0.7 2 -1.9
v 3.4 2 -1.9
v 3.5 2 -1.9
v 0.6 2 -2
v 0.7 2 -2
v 0.5 2 -2.1
v 0.6 2 -2.1
v 0.7 2 -2.1
v 3.4 2 -2.1
v 3.5 2 -2.1
v 0.5 2 -2.2
v 0.6 2 -2.2
v 3.4 2 -2.2
v 3.5 2 -2.2
v 0.5 2 -2.3
v 0.6 2 -2.3
v 3.4 2 -2.3
v 3.5 2 -2.3
v 0.5 2 -2.4
v 0.6 2 -2.4
v 3.4 2 -2.4
v 3.5 2 -2.4
v 3.4 2 -2.5
v 3.5 2 -2.5
v 0.5 2 -2.6
v 0.6 2 -2.6
v 3.4 2 -2.6
v 3.5 2 -2.6
v 3.4 2 -2.7
v 3.5 2 -2.7
v 3.4 2 -2.8
v 3.5 2 -2.8
v 0.5 2 -3.1
v 0.6 2 -3.1
v 3.4 2 -3.1
v 3.5 2 -3.1
v 0.5 2 -3.2
v 0.6 2 -3.2
v 3.4 2 -3.2
v 3.5 2 -3.2
v 0.5 2 -3.3
v 0.6 2 -3.3
v 3.4 2 -3.3
v 3.5 2 -3.3
v 0.5 2 -3.4
v 0.6 2 -3.4
v 0.7 2 -3.4
v 0.9 2 -3.4
v 1 2 -3.4
v 1.1 2 -3.4
v 1.2 2 -3.4
v 2.4 2 -3.4
v 2.7 2 -3.4
v 2.9 2 -3.4
v 3.1 2 -3.4
v 3.2 2 -3.4
v 3.3 2 -3.4
v 3.4 2 -3.4
v 3.5 2 -3.4
v 0.5 2 -3.5
v 0.7 2 -3.5
v 0.9 2 -3.5
v 1 2 -3.5
v 1.1 2 -3.5
v 1.2 2 -3.5
v 2.4 2 -3.5
v 2.7 2 -3.5
v 2.9 2 -3.5
v 3.1 2 -3.5
v 3.2 2 -3.5
v 3.3 2 -3.5
v 3.4 2 -3.5
v 3.5 2 -3.5
v 0.4 2.1 -0.3
v 0.5 2.1 -0.3
v 0.6 2.1 -0.3
v 3.4 2.1 -0.3
v 3.5 2.1 -0.3
v 3.6 2.1 -0.3
v 0.3 2.1 -0.4
v 0.4 2.1 -0.4
v 0.5 2.1 -0.4
v 0.6 2.1 -0.4
v 0.7 2.1 -0.4
v 0.8 2.1 -0.4
v 1 2.1 -0.4
v 1.2 2.1 -0.4
v 1.3 2.1 -0.4
v 1.7 2.1 -0.4
v 2.1 2.1 -0.4
v 2.6 2.1 -0.4
v 2.9 2.1 -0.4
v 3 2.1 -0.4
v 3.1 2.1 -0.4
v 3.2 2.1 -0.4
v 3.3 2.1 -0.4
v 3.4 2.1 -0.4
v 3.5 2.1 -0.4
v 3.6 2.1 -0.4
v 3.7 2.1 -0.4
v 0.3 2.1 -0.5
v 0.4 2.1 -0.5
v 0.5 2.1 -0.5
v 0.6 2.1 -0.5
v 0.7 2.1 -0.5
v 0.8 2.1 -0.5
v 0.9 2.1 -0.5
v 1 2.1 -0.5
v 1.1 2.1 -0.5
v 1.2 2.1 -0.5
v 1.3 2.1 -0.5
v 1.7 2.1 -0.5
v 2.1 2.1 -0.5
v 2.6 2.1 -0.5
v 2.8 2.1 -0.5
v 2.9 2.1 -0.5
v 3 2.1 -0.5
v 3.1 2.1 -0.5
v 3.2 2.1 -0.5
v 3.3 2.1 -0.5
v 3.5 2.1 -0.5
v 3.6 2.1 -0.5
v 3.7 2.1 -0.5
v 0.3 2.1 -0.6
v 0.4 2.1 -0.6
v 0.5 2.1 -0.6
v 3.5 2.1 -0.6
v 3.6 2.1 -0.6
v 0.5 2.1 -0.7
v 0.4 2.1 -0.8
v 0.5 2.1 -0.8
v 3.5 2.1 -0.8
v 3.6 2.1 -0.8
v 0.5 2.1 -0.9
v 3.5 2.1 -0.9
v 0.4 2.1 -1
v 0.5 2.1 -1
v 3.5 2.1 -1
v 3.6 2.1 -1
v 0.4 2.1 -1.1
v 0.5 2.1 -1.1
v 3.5 2.1 -1.1
v 3.6 2.1 -1.1
v 0.4 2.1 -1.2
v 0.5 2.1 -1.2
v 0.5 2.1 -1.3
v 0.4 2.1 -1.4
v 0.5 2.1 -1.4
v 3.5 2.1 -1.4
v 3.6 2.1 -1.4
v 0.5 2.1 -1.5
v 3.5 2.1 -1.5
v 3.6 2.1 -1.5
v 0.4 2.1 -1.6
v 0.5 2.1 -1.6
v 3.5 2.1 -1.6
v 3.6 2.1 -1.6
v 0.4 2.1 -1.7
v 0.5 2.1 -1.7
v 3.5 2.1 -1.7
v 3.6 2.1 -1.7
v 3.5 2.1 -1.8
v 0.5 2.1 -1.9
v 0.6 2.1 -1.9
v 3.4 2.1 -1.9
v 3.5 2.1 -1.9
v 3.6 2.1 -1.9
v 0.6 2.1 -2
v 3.5 2.1 -2
v 3.6 2.1 -2
v 0.5 2.1 -2.1
v 0.6 2.1 -2.1
v 3.4 2.1 -2.1
v 3.5 2.1 -2.1
v 3.6 2.1 -2.1
v 0.4 2.1 -2.2
v 0.5 2.1 -2.2
v 3.5 2.1 -2.2
v 3.6 2.1 -2.2
v 0.4 2.1 -2.3
v 0.5 2.1 -2.3
v 3.5 2.1 -2.3
v 3.6 2.1 -2.3
v 0.4 2.1 -2.4
v 0.5 2.1 -2.4
v 3.5 2.1 -2.4
v 3.6 2.1 -2.4
v 0.4 2.1 -2.5
v 0.5 2.1 -2.5
v 3.5 2.1 -2.5
v 0.4 2.1 -2.6
v 0.5 2.1 -2.6
v 3.5 2.1 -2.6
v 3.6 2.1 -2.6
v 3.5 2.1 -2.7
v 0.4 2.1 -2.8
v 0.5 2.1 -2.8
v 3.5 2.1 -2.8
v 3.6 2.1 -2.8
v 0.4 2.1 -2.9
v 0.5 2.1 -2.9
v 3.5 2.1 -2.9
v 3.6 2.1 -2.9
v 0.4 2.1 -3
v 0.5 2.1 -3
v 3.5 2.1 -3
v 3.6 2.1 -3
v 0.4 2.1 -3.1
v 0.5 2.1 -3.1
v 3.5 2.1 -3.1
v 0.4 2.1 -3.2
v 0.5 2.1 -3.2
v 3.5 2.1 -3.2
v 3.6 2.1 -3.2
v 0.4 2.1 -3.3
v 0.5 2.1 -3.3
v 3.5 2.1 -3.3
v 3.6 2.1 -3.3
v 0.3 2.1 -3.4
v 0.4 2.1 -3.4
v 0.5 2.1 -3.4
v 3.5 2.1 -3.4
v 3.6 2.1 -3.4
v 3.7 2.1 -3.4
v 0.3 2.1 -3.5
v 0.4 2.1 -3.5
v 0.5 2.1 -3.5
v 0.7 2.1 -3.5
v 0.8 2.1 -3.5
v 0.9 2.1 -3.5
v 1 2.1 -3.5
v 1.1 2.1 -3.5
v 1.2 2.1 -3.5
v 1.7 2.1 -3.5
v 2 2.1 -3.5
v 2.2 2.1 -3.5
v 2.4 2.1 -3.5
v 2.7 2.1 -3.5
v 2.9 2.1 -3.5
v 3 2.1 -3.5
v 3.1 2.1 -3.5
v 3.2 2.1 -3.5
v 3.3 2.1 -3.5
v 3.4 2.1 -3.5
v 3.5 2.1 -3.5
v 3.6 2.1 -3.5
v 3.7 2.1 -3.5
v 0.3 2.1 -3.6
v 0.4 2.1 -3.6
v 0.5 2.1 -3.6
v 0.6 2.1 -3.6
v 0.7 2.1 -3.6
v 0.8 2.1 -3.6
v 0.9 2.1 -3.6
v 1 2.1 -3.6
v 1.1 2.1 -3.6
v 1.2 2.1 -3.6
v 1.7 2.1 -3.6
v 2 2.1 -3.6
v 2.2 2.1 -3.6
v 2.4 2.1 -3.6
v 3 2.1 -3.6
v 3.2 2.1 -3.6
v 3.3 2.1 -3.6
v 3.4 2.1 -3.6
v 3.5 2.1 -3.6
v 3.6 2.1 -3.6
v 3.7 2.1 -3.6
v 0.4 2.1 -3.7
v 0.5 2.1 -3.7
v 0.6 2.1 -3.7
v 3.4 2.1 -3.7
v 3.5 2.1 -3.7
v 3.6 2.1 -3.7
v 3.2 2.2 -0.7
v 3.3 2.2 -0.7
v 3.4 2.2 -0.7
v 3.5 2.2 -0.7
v 3.2 2.2 -0.8
v 3.4 2.2 -0.8
v 3.5 2.2 -0.8
v 3.3 2.3 -0.6
v 3.4 2.3 -0.6
v 3.3 2.3 -0.7
v 3.4 2.3 -0.7
v 0.4 2.4 -0.3
v 0.5 2.4 -0.3
v 0.6 2.4 -0.3
v 3.4 2.4 -0.3
v 3.5 2.4 -0.3
v 3.6 2.4 -0.3
v 0.3 2.4 -0.4
v 0.4 2.4 -0.4
v 0.5 2.4 -0.4
v 0.6 2.4 -0.4
v 0.7 2.4 -0.4
v 1 2.4 -0.4
v 1.1 2.4 -0.4
v 1.6 2.4 -0.4
v 2 2.4 -0.4
v 2.1 2.4 -0.4
v 2.4 2.4 -0.4
v 2.7 2.4 -0.4
v 2.8 2.4 -0.4
v 2.9 2.4 -0.4
v 3 2.4 -0.4
v 3.2 2.4 -0.4
v 3.3 2.4 -0.4
v 3.4 2.4 -0.4
v 3.5 2.4 -0.4
v 3.6 2.4 -0.4
v 3.7 2.4 -0.4
v 0.3 2.4 -0.5
v 0.4 2.4 -0.5
v 0.5 2.4 -0.5
v 0.7 2.4 -0.5
v 0.8 2.4 -0.5
v 1 2.4 -0.5
v 1.1 2.4 -0.5
v 1.6 2.4 -0.5
v 2 2.4 -0.5
v 2.1 2.4 -0.5
v 2.4 2.4 -0.5
v 2.7 2.4 -0.5
v 2.8 2.4 -0.5
v 2.9 2.4 -0.5
v 3 2.4 -0.5
v 3.2 2.4 -0.5
v 3.3 2.4 -0.5
v 3.4 2.4 -0.5
v 3.5 2.4 -0.5
v 3.6 2.4 -0.5
v 3.7 2.4 -0.5
v 0.3 2.4 -0.6
v 0.4 2.4 -0.6
v 3.4 2.4 -0.6
v 3.5 2.4 -0.6
v 3.6 2.4 -0.6
v 3.7 2.4 -0.6
v 0.4 2.4 -0.7
v 0.5 2.4 -0.7
v 3.4 2.4 -0.7
v 3.5 2.4 -0.7
v 3.6 2.4 -0.7
v 0.4 2.4 -0.8
v 0.5 2.4 -0.8
v 0.6 2.4 -0.8
v 3.5 2.4 -0.9
v 3.6 2.4 -0.9
v 3.5 2.4 -1
v 3.6 2.4 -1
v 0.4 2.4 -1.1
v 0.5 2.4 -1.1
v 0.6 2.4 -1.1
v 0.4 2.4 -1.5
v 0.5 2.4 -1.5
v 0.4 2.4 -1.6
v 0.5 2.4 -1.6
v 3.5 2.4 -1.6
v 3.6 2.4 -1.6
v 0.4 2.4 -1.7
v 0.5 2.4 -1.7
v 3.5 2.4 -1.7
v 3.6 2.4 -1.7
v 0.4 2.4 -1.8
v 0.5 2.4 -1.8
v 3.5 2.4 -1.8
v 3.6 2.4 -1.8
v 0.4 2.4 -1.9
v 0.5 2.4 -1.9
v 0.4 2.4 -2.2
v 0.5 2.4 -2.2
v 3.5 2.4 -2.2
v 3.6 2.4 -2.2
v 3.7 2.4 -2.2
v 3.5 2.4 -2.3
v 3.6 2.4 -2.3
v 3.7 2.4 -2.3
v 3.8 2.4 -2.3
v 3.6 2.4 -2.4
v 3.7 2.4 -2.4
v 3.8 2.4 -2.4
v 3.6 2.4 -2.5
v 3.7 2.4 -2.5
v 3.8 2.4 -2.5
v 3.7 2.4 -2.6
v 3.8 2.4 -2.6
v 3.7 2.4 -2.7
v 3.8 2.4 -2.7
v 3.6 2.4 -2.8
v 3.7 2.4 -2.8
v 3.4 2.4 -2.9
v 3.5 2.4 -2.9
v 3.6 2.4 -2.9
v 3.7 2.4 -2.9
v 3.8 2.4 -2.9
v 0.4 2.4 -3
v 0.5 2.4 -3
v 3.5 2.4 -3
v 3.6 2.4 -3
v 3.7 2.4 -3
v 3.4 2.4 -3.2
v 3.5 2.4 -3.2
v 0.4 2.4 -3.3
v 0.5 2.4 -3.3
v 3.5 2.4 -3.3
v 3.6 2.4 -3.3
v 0.3 2.4 -3.4
v 0.4 2.4 -3.4
v 0.5 2.4 -3.4
v 3.5 2.4 -3.4
v 3.6 2.4 -3.4
v 3.7 2.4 -3.4
v 0.3 2.4 -3.5
v 0.4 2.4 -3.5
v 0.5 2.4 -3.5
v 0.6 2.4 -3.5
v 0.7 2.4 -3.5
v 0.8 2.4 -3.5
v 1 2.4 -3.5
v 1.1 2.4 -3.5
v 1.2 2.4 -3.5
v 1.6 2.4 -3.5
v 1.8 2.4 -3.5
v 2.3 2.4 -3.5
v 2.5 2.4 -3.5
v 2.9 2.4 -3.5
v 3 2.4 -3.5
v 3.2 2.4 -3.5
v 3.3 2.4 -3.5
v 3.4 2.4 -3.5
v 3.5 2.4 -3.5
v 3.6 2.4 -3.5
v 3.7 2.4 -3.5
v 0.3 2.4 -3.6
v 0.4 2.4 -3.6
v 0.5 2.4 -3.6
v 0.6 2.4 -3.6
v 0.7 2.4 -3.6
v 0.8 2.4 -3.6
v 1 2.4 -3.6
v 1.1 2.4 -3.6
v 1.2 2.4 -3.6
v 1.6 2.4 -3.6
v 1.8 2.4 -3.6
v 2.3 2.4 -3.6
v 2.5 2.4 -3.6
v 2.9 2.4 -3.6
v 3 2.4 -3.6
v 3.3 2.4 -3.6
v 3.4 2.4 -3.6
v 3.5 2.4 -3.6
v 3.6 2.4 -3.6
v 3.7 2.4 -3.6
v 0.4 2.4 -3.7
v 0.5 2.4 -3.7
v 0.6 2.4 -3.7
v 3.4 2.4 -3.7
v 3.5 2.4 -3.7
v 3.6 2.4 -3.7
v 1.6 2.5 -0.4
v 1.7 2.5 -0.4
v 1.8 2.5 -0.4
v 1.6 2.5 -0.5
v 1.7 2.5 -0.5
v 1.8 2.5 -0.5
v 0.4 2.5 -0.8
v 0.5 2.5 -0.8
v 0.4 2.5 -0.9
v 0.5 2.5 -0.9
v 0.4 2.5 -1.1
v 0.5 2.5 -1.1
v 0.5 2.5 -2
v 0.6 2.5 -2
v 0.5 2.5 -2.1
v 0.6 2.5 -2.1
v 3.5 2.6 -2.2
v 3.6 2.6 -2.2
v 3.5 2.6 -2.3
v 3.6 2.6 -2.3
v 3.5 2.6 -2.9
v 3.6 2.6 -2.9
v 3.5 2.6 -3
v 3.6 2.6 -3
v 2.4 2.6 -3.3
v 2.5 2.6 -3.3
v 2.3 2.6 -3.4
v 2.4 2.6 -3.4
v 2.5 2.6 -3.4
v 2.3 2.6 -3.5
v 2.5 2.6 -3.5
v 0.4 2.7 -0.3
v 0.5 2.7 -0.3
v 0.6 2.7 -0.3
v 3.4 2.7 -0.3
v 3.5 2.7 -0.3
v 3.6 2.7 -0.3
v 0.3 2.7 -0.4
v 0.4 2.7 -0.4
v 0.5 2.7 -0.4
v 0.6 2.7 -0.4
v 0.7 2.7 -0.4
v 1.3 2.7 -0.4
v 1.5 2.7 -0.4
v 2.4 2.7 -0.4
v 2.7 2.7 -0.4
v 3 2.7 -0.4
v 3.1 2.7 -0.4
v 3.2 2.7 -0.4
v 3.3 2.7 -0.4
v 3.4 2.7 -0.4
v 3.5 2.7 -0.4
v 3.6 2.7 -0.4
v 3.7 2.7 -0.4
v 0.3 2.7 -0.5
v 0.4 2.7 -0.5
v 0.5 2.7 -0.5
v 0.6 2.7 -0.5
v 0.7 2.7 -0.5
v 1.3 2.7 -0.5
v 1.5 2.7 -0.5
v 1.6 2.7 -0.5
v 1.9 2.7 -0.5
v 2.4 2.7 -0.5
v 2.7 2.7 -0.5
v 2.9 2.7 -0.5
v 3 2.7 -0.5
v 3.1 2.7 -0.5
v 3.2 2.7 -0.5
v 3.3 2.7 -0.5
v 3.4 2.7 -0.5
v 3.5 2.7 -0.5
v 3.6 2.7 -0.5
v 3.7 2.7 -0.5
v 0.3 2.7 -0.6
v 0.4 2.7 -0.6
v 0.5 2.7 -0.6
v 3.5 2.7 -0.6
v 3.6 2.7 -0.6
v 3.7 2.7 -0.6
v 0.4 2.7 -0.7
v 0.5 2.7 -0.7
v 3.5 2.7 -0.7
v 3.6 2.7 -0.7
v 0.4 2.7 -0.9
v 0.5 2.7 -0.9
v 0.4 2.7 -1.1
v 0.5 2.7 -1.1
v 3.5 2.7 -1.1
v 3.6 2.7 -1.1
v 0.4 2.7 -1.2
v 0.5 2.7 -1.2
v 0.4 2.7 -1.5
v 0.5 2.7 -1.5
v 3.5 2.7 -1.5
v 3.6 2.7 -1.5
v 0.4 2.7 -1.6
v 0.5 2.7 -1.6
v 0.4 2.7 -1.7
v 0.5 2.7 -1.7
v 3.5 2.7 -1.8
v 3.6 2.7 -1.8
v 0.5 2.7 -1.9
v 0.6 2.7 -1.9
v 0.5 2.7 -2
v 0.6 2.7 -2
v 0.4 2.7 -2.2
v 0.5 2.7 -2.2
v 3.5 2.7 -2.2
v 3.6 2.7 -2.2
v 0.4 2.7 -2.3
v 0.5 2.7 -2.3
v 0.4 2.7 -2.4
v 0.5 2.7 -2.4
v 0.4 2.7 -2.5
v 0.5 2.7 -2.5
v 0.4 2.7 -2.9
v 0.5 2.7 -2.9
v 3.5 2.7 -3
v 3.6 2.7 -3
v 3.5 2.7 -3.1
v 3.6 2.7 -3.1
v 0.4 2.7 -3.3
v 0.5 2.7 -3.3
v 3.5 2.7 -3.3
v 0.3 2.7 -3.4
v 0.4 2.7 -3.4
v 0.5 2.7 -3.4
v 3.5 2.7 -3.4
v 3.6 2.7 -3.4
v 3.7 2.7 -3.4
v 0.3 2.7 -3.5
v 0.4 2.7 -3.5
v 0.5 2.7 -3.5
v 0.6 2.7 -3.5
v 0.7 2.7 -3.5
v 0.8 2.7 -3.5
v 0.9 2.7 -3.5
v 1 2.7 -3.5
v 1.2 2.7 -3.5
v 1.4 2.7 -3.5
v 1.7 2.7 -3.5
v 2 2.7 -3.5
v 2.1 2.7 -3.5
v 2.2 2.7 -3.5
v 2.6 2.7 -3.5
v 2.8 2.7 -3.5
v 2.9 2.7 -3.5
v 3 2.7 -3.5
v 3.1 2.7 -3.5
v 3.3 2.7 -3.5
v 3.4 2.7 -3.5
v 3.5 2.7 -3.5
v 3.6 2.7 -3.5
v 3.7 2.7 -3.5
v 0.3 2.7 -3.6
v 0.4 2.7 -3.6
v 0.5 2.7 -3.6
v 0.6 2.7 -3.6
v 0.7 2.7 -3.6
v 0.8 2.7 -3.6
v 0.9 2.7 -3.6
v 1 2.7 -3.6
v 1.4 2.7 -3.6
v 1.7 2.7 -3.6
v 2 2.7 -3.6
v 2.1 2.7 -3.6
v 2.2 2.7 -3.6
v 2.6 2.7 -3.6
v 3.3 2.7 -3.6
v 3.4 2.7 -3.6
v 3.5 2.7 -3.6
v 3.6 2.7 -3.6
v 3.7 2.7 -3.6
v 0.4 2.7 -3.7
v 0.5 2.7 -3.7
v 0.6 2.7 -3.7
v 3.4 2.7 -3.7
v 3.5 2.7 -3.7
v 3.6 2.7 -3.7
v 0.5 2.8 -1.8
v 0.6 2.8 -1.8
v 0.5 2.8 -1.9
v 0.6 2.8 -1.9
v 0.4 3 -0.3
v 0.5 3 -0.3
v 0.6 3 -0.3
v 3.4 3 -0.3
v 3.5 3 -0.3
v 3.6 3 -0.3
v 0.3 3 -0.4
v 0.4 3 -0.4
v 0.5 3 -0.4
v 0.6 3 -0.4
v 0.9 3 -0.4
v 1.5 3 -0.4
v 2.2 3 -0.4
v 2.4 3 -0.4
v 2.7 3 -0.4
v 2.9 3 -0.4
v 3.3 3 -0.4
v 3.4 3 -0.4
v 3.5 3 -0.4
v 3.6 3 -0.4
v 3.7 3 -0.4
v 0.3 3 -0.5
v 0.4 3 -0.5
v 0.5 3 -0.5
v 0.6 3 -0.5
v 0.9 3 -0.5
v 1.3 3 -0.5
v 1.5 3 -0.5
v 2.2 3 -0.5
v 2.3 3 -0.5
v 2.4 3 -0.5
v 2.7 3 -0.5
v 2.9 3 -0.5
v 3.2 3 -0.5
v 3.3 3 -0.5
v 3.4 3 -0.5
v 3.5 3 -0.5
v 3.6 3 -0.5
v 3.7 3 -0.5
v 0.3 3 -0.6
v 0.4 3 -0.6
v 0.5 3 -0.6
v 3.5 3 -0.6
v 3.6 3 -0.6
v 3.7 3 -0.6
v 0.4 3 -0.7
v 0.5 3 -0.7
v 3.5 3 -1
v 3.6 3 -1
v 0.4 3 -1.2
v 0.5 3 -1.2
v 0.4 3 -1.3
v 0.5 3 -1.3
v 3.4 3 -1.4
v 3.5 3 -1.4
v 3.6 3 -1.4
v 0.4 3 -1.6
v 0.5 3 -1.6
v 0.5 3 -1.7
v 3.4 3 -1.7
v 3.5 3 -1.7
v 3.6 3 -1.7
v 0.4 3 -1.8
v 0.5 3 -1.8
v 3.4 3 -1.8
v 3.5 3 -1.8
v 0.4 3 -1.9
v 0.5 3 -1.9
v 0.4 3 -2
v 0.5 3 -2
v 3.5 3 -2
v 3.6 3 -2
v 0.4 3 -2.1
v 0.5 3 -2.1
v 0.6 3 -2.1
v 3.5 3 -2.1
v 3.6 3 -2.1
v 0.4 3 -2.2
v 0.5 3 -2.2
v 0.6 3 -2.2
v 0.4 3 -2.5
v 0.5 3 -2.5
v 0.4 3 -3
v 0.5 3 -3
v 3.5 3 -3
v 3.6 3 -3
v 3.5 3 -3.1
v 3.6 3 -3.1
v 3.5 3 -3.3
v 3.6 3 -3.3
v 0.3 3 -3.4
v 0.4 3 -3.4
v 0.5 3 -3.4
v 3.6 3 -3.4
v 3.7 3 -3.4
v 0.3 3 -3.5
v 0.4 3 -3.5
v 0.5 3 -3.5
v 0.6 3 -3.5
v 0.7 3 -3.5
v 0.9 3 -3.5
v 1 3 -3.5
v 1.2 3 -3.5
v 1.5 3 -3.5
v 2.1 3 -3.5
v 2.4 3 -3.5
v 3.1 3 -3.5
v 3.2 3 -3.5
v 3.4 3 -3.5
v 3.5 3 -3.5
v 3.6 3 -3.5
v 3.7 3 -3.5
v 0.3 3 -3.6
v 0.4 3 -3.6
v 0.5 3 -3.6
v 0.6 3 -3.6
v 0.7 3 -3.6
v 0.9 3 -3.6
v 1 3 -3.6
v 1.2 3 -3.6
v 1.5 3 -3.6
v 2.1 3 -3.6
v 2.4 3 -3.6
v 3.1 3 -3.6
v 3.2 3 -3.6
v 3.4 3 -3.6
v 3.5 3 -3.6
v 3.6 3 -3.6
v 3.7 3 -3.6
v 0.4 3 -3.7
v 0.5 3 -3.7
v 0.6 3 -3.7
v 3.4 3 -3.7
v 3.5 3 -3.7
v 3.6 3 -3.7
v 2 3.1 -0.6
v 2.1 3.1 -0.6
v 2 3.1 -0.7
v 2.1 3.1 -0.7
v 3.5 3.1 -1.4
v 3.6 3.1 -1.4
v 3.5 3.1 -1.5
v 3.6 3.1 -1.5
v 3.5 3.1 -1.7
v 3.6 3.1 -1.7
v 3.5 3.1 -2.1
v 3.6 3.1 -2.1
v 3.5 3.1 -2.2
v 3.6 3.1 -2.2
v 2.1 3.2 -0.5
v 2.2 3.2 -0.5
v 1.7 3.2 -0.6
v 1.8 3.2 -0.6
v 1.9 3.2 -0.6
v 2 3.2 -0.6
v 2.1 3.2 -0.6
v 2.2 3.2 -0.6
v 1.7 3.2 -0.7
v 1.8 3.2 -0.7
v 1.9 3.2 -0.7
v 2 3.2 -0.7
v 3.5 3.2 -2.3
v 3.6 3.2 -2.3
v 3.5 3.2 -2.4
v 3.5 3.2 -2.5
v 3.5 3.2 -2.6
v 3.5 3.2 -2.7
v 3.6 3.2 -2.7
v 3.5 3.2 -2.8
v 3.6 3.2 -2.8
v 3.5 3.2 -2.9
v 3.6 3.2 -2.9
v 0.4 3.3 -0.3
v 0.5 3.3 -0.3
v 0.6 3.3 -0.3
v 3.4 3.3 -0.3
v 3.5 3.3 -0.3
v 3.6 3.3 -0.3
v 0.3 3.3 -0.4
v 0.4 3.3 -0.4
v 0.5 3.3 -0.4
v 0.6 3.3 -0.4
v 0.7 3.3 -0.4
v 1.1 3.3 -0.4
v 1.5 3.3 -0.4
v 1.6 3.3 -0.4
v 2 3.3 -0.4
v 2.2 3.3 -0.4
v 2.6 3.3 -0.4
v 2.9 3.3 -0.4
v 3.3 3.3 -0.4
v 3.4 3.3 -0.4
v 3.5 3.3 -0.4
v 3.6 3.3 -0.4
v 3.7 3.3 -0.4
v 0.3 3.3 -0.5
v 0.4 3.3 -0.5
v 0.5 3.3 -0.5
v 0.7 3.3 -0.5
v 1.1 3.3 -0.5
v 1.3 3.3 -0.5
v 1.4 3.3 -0.5
v 1.5 3.3 -0.5
v 1.6 3.3 -0.5
v 1.9 3.3 -0.5
v 2 3.3 -0.5
v 2.1 3.3 -0.5
v 2.2 3.3 -0.5
v 2.5 3.3 -0.5
v 2.6 3.3 -0.5
v 2.9 3.3 -0.5
v 3.2 3.3 -0.5
v 3.3 3.3 -0.5
v 3.4 3.3 -0.5
v 3.5 3.3 -0.5
v 3.6 3.3 -0.5
v 3.7 3.3 -0.5
v 0.3 3.3 -0.6
v 0.4 3.3 -0.6
v 0.5 3.3 -0.6
v 1.4 3.3 -0.6
v 1.6 3.3 -0.6
v 1.7 3.3 -0.6
v 1.8 3.3 -0.6
v 1.9 3.3 -0.6
v 2 3.3 -0.6
v 2.1 3.3 -0.6
v 3.5 3.3 -0.6
v 3.6 3.3 -0.6
v 3.7 3.3 -0.6
v 3.5 3.3 -0.7
v 3.6 3.3 -0.7
v 0.4 3.3 -0.8
v 0.5 3.3 -0.8
v 3.5 3.3 -0.9
v 3.6 3.3 -0.9
v 0.4 3.3 -1.1
v 0.5 3.3 -1.1
v 3.5 3.3 -1.1
v 3.6 3.3 -1.1
v 3.5 3.3 -1.3
v 3.6 3.3 -1.3
v 0.4 3.3 -1.8
v 0.5 3.3 -1.8
v 0.4 3.3 -2
v 0.5 3.3 -2
v 3.5 3.3 -2
v 3.6 3.3 -2
v 3.5 3.3 -2.1
v 3.6 3.3 -2.1
v 3.5 3.3 -2.2
v 3.6 3.3 -2.2
v 0.4 3.3 -2.3
v 0.5 3.3 -2.3
v 0.6 3.3 -2.3
v 3.5 3.3 -2.3
v 3.6 3.3 -2.3
v 0.4 3.3 -2.6
v 0.5 3.3 -2.6
v 0.6 3.3 -2.6
v 0.4 3.3 -2.7
v 0.5 3.3 -2.7
v 0.6 3.3 -2.7
v 0.4 3.3 -2.8
v 0.5 3.3 -2.8
v 3.5 3.3 -2.9
v 3.6 3.3 -2.9
v 3.5 3.3 -3
v 3.6 3.3 -3
v 0.4 3.3 -3.2
v 0.5 3.3 -3.2
v 3.5 3.3 -3.2
v 3.6 3.3 -3.2
v 0.4 3.3 -3.3
v 0.5 3.3 -3.3
v 0.3 3.3 -3.4
v 0.4 3.3 -3.4
v 0.5 3.3 -3.4
v 3.5 3.3 -3.4
v 3.6 3.3 -3.4
v 3.7 3.3 -3.4
v 0.3 3.3 -3.5
v 0.4 3.3 -3.5
v 0.5 3.3 -3.5
v 0.7 3.3 -3.5
v 0.8 3.3 -3.5
v 1.1 3.3 -3.5
v 1.2 3.3 -3.5
v 1.3 3.3 -3.5
v 1.5 3.3 -3.5
v 1.7 3.3 -3.5
v 1.8 3.3 -3.5
v 2 3.3 -3.5
v 2.3 3.3 -3.5
v 2.4 3.3 -3.5
v 2.6 3.3 -3.5
v 2.8 3.3 -3.5
v 3.2 3.3 -3.5
v 3.3 3.3 -3.5
v 3.5 3.3 -3.5
v 3.6 3.3 -3.5
v 3.7 3.3 -3.5
v 0.3 3.3 -3.6
v 0.4 3.3 -3.6
v 0.5 3.3 -3.6
v 0.6 3.3 -3.6
v 1.1 3.3 -3.6
v 1.2 3.3 -3.6
v 1.3 3.3 -3.6
v 1.5 3.3 -3.6
v 1.7 3.3 -3.6
v 2 3.3 -3.6
v 2.4 3.3 -3.6
v 2.6 3.3 -3.6
v 2.8 3.3 -3.6
v 3.2 3.3 -3.6
v 3.4 3.3 -3.6
v 3.5 3.3 -3.6
v 3.6 3.3 -3.6
v 3.7 3.3 -3.6
v 0.4 3.3 -3.7
v 0.5 3.3 -3.7
v 0.6 3.3 -3.7
v 3.4 3.3 -3.7
v 3.5 3.3 -3.7
v 3.6 3.3 -3.7
v 1.6 3.4 -0.4
v 1.7 3.4 -0.4
v 1.8 3.4 -0.4
v 2 3.4 -0.4
v 1.6 3.4 -0.5
v 1.7 3.4 -0.5
v 1.8 3.4 -0.5
v 1.9 3.4 -0.5
v 2 3.4 -0.5
v 0.4 3.4 -2.3
v 0.5 3.4 -2.3
v 3.5 3.4 -2.3
v 3.6 3.4 -2.3
v 3.5 3.4 -2.4
v 3.6 3.4 -2.4
v 0.4 3.4 -2.6
v 0.5 3.4 -2.6
v 3.5 3.4 -2.6
v 3.6 3.4 -2.6
v 3.5 3.4 -2.7
v 3.5 3.4 -2.8
v 3.6 3.4 -2.8
v 3.5 3.4 -2.9
v 3.6 3.4 -2.9
v 2 3.5 -3.3
v 2.1 3.5 -3.3
v 2.3 3.5 -3.3
v 2.4 3.5 -3.3
v 1.9 3.5 -3.4
v 2 3.5 -3.4
v 2.1 3.5 -3.4
v 2.3 3.5 -3.4
v 2.4 3.5 -3.4
v 2.5 3.5 -3.4
v 1.9 3.5 -3.5
v 2.5 3.5 -3.5
v 0.4 3.6 -0.3
v 0.5 3.6 -0.3
v 0.6 3.6 -0.3
v 3.4 3.6 -0.3
v 3.5 3.6 -0.3
v 3.6 3.6 -0.3
v 0.3 3.6 -0.4
v 0.4 3.6 -0.4
v 0.5 3.6 -0.4
v 0.6 3.6 -0.4
v 0.8 3.6 -0.4
v 1 3.6 -0.4
v 1.2 3.6 -0.4
v 1.3 3.6 -0.4
v 1.6 3.6 -0.4
v 2.1 3.6 -0.4
v 2.3 3.6 -0.4
v 2.5 3.6 -0.4
v 2.8 3.6 -0.4
v 3.1 3.6 -0.4
v 3.3 3.6 -0.4
v 3.4 3.6 -0.4
v 3.5 3.6 -0.4
v 3.6 3.6 -0.4
v 3.7 3.6 -0.4
v 0.3 3.6 -0.5
v 0.4 3.6 -0.5
v 0.5 3.6 -0.5
v 0.8 3.6 -0.5
v 1 3.6 -0.5
v 1.2 3.6 -0.5
v 1.3 3.6 -0.5
v 1.6 3.6 -0.5
v 2.1 3.6 -0.5
v 2.3 3.6 -0.5
v 2.4 3.6 -0.5
v 2.5 3.6 -0.5
v 2.8 3.6 -0.5
v 3.1 3.6 -0.5
v 3.3 3.6 -0.5
v 3.4 3.6 -0.5
v 3.5 3.6 -0.5
v 3.6 3.6 -0.5
v 3.7 3.6 -0.5
v 0.3 3.6 -0.6
v 0.4 3.6 -0.6
v 3.5 3.6 -0.6
v 3.6 3.6 -0.6
v 3.7 3.6 -0.6
v 3.5 3.6 -0.7
v 3.6 3.6 -0.7
v 0.4 3.6 -0.8
v 0.5 3.6 -0.8
v 3.5 3.6 -0.8
v 3.5 3.6 -1
v 3.6 3.6 -1
v 3.5 3.6 -1.1
v 3.6 3.6 -1.1
v 0.4 3.6 -1.3
v 0.5 3.6 -1.3
v 3.5 3.6 -1.3
v 3.6 3.6 -1.3
v 0.4 3.6 -1.5
v 0.5 3.6 -1.5
v 0.4 3.6 -1.7
v 0.5 3.6 -1.7
v 3.5 3.6 -1.7
v 3.6 3.6 -1.7
v 3.5 3.6 -2.1
v 3.6 3.6 -2.1
v 0.4 3.6 -2.3
v 0.5 3.6 -2.3
v 3.5 3.6 -2.3
v 3.6 3.6 -2.3
v 3.5 3.6 -2.4
v 3.6 3.6 -2.4
v 3.5 3.6 -2.5
v 3.6 3.6 -2.5
v 0.4 3.6 -2.7
v 0.5 3.6 -2.7
v 3.5 3.6 -2.7
v 3.6 3.6 -2.7
v 0.4 3.6 -3
v 0.5 3.6 -3
v 0.5 3.6 -3.2
v 3.5 3.6 -3.2
v 3.6 3.6 -3.2
v 0.4 3.6 -3.3
v 0.5 3.6 -3.3
v 2.1 3.6 -3.3
v 2.3 3.6 -3.3
v 0.3 3.6 -3.4
v 0.4 3.6 -3.4
v 0.5 3.6 -3.4
v 2.1 3.6 -3.4
v 2.3 3.6 -3.4
v 3.5 3.6 -3.4
v 3.6 3.6 -3.4
v 3.7 3.6 -3.4
v 0.3 3.6 -3.5
v 0.4 3.6 -3.5
v 0.5 3.6 -3.5
v 0.6 3.6 -3.5
v 0.7 3.6 -3.5
v 0.9 3.6 -3.5
v 1 3.6 -3.5
v 1.2 3.6 -3.5
v 2.2 3.6 -3.5
v 2.3 3.6 -3.5
v 3 3.6 -3.5
v 3.2 3.6 -3.5
v 3.3 3.6 -3.5
v 3.5 3.6 -3.5
v 3.6 3.6 -3.5
v 3.7 3.6 -3.5
v 0.3 3.6 -3.6
v 0.4 3.6 -3.6
v 0.5 3.6 -3.6
v 0.6 3.6 -3.6
v 0.7 3.6 -3.6
v 0.9 3.6 -3.6
v 1.2 3.6 -3.6
v 2.2 3.6 -3.6
v 2.3 3.6 -3.6
v 3 3.6 -3.6
v 3.2 3.6 -3.6
v 3.4 3.6 -3.6
v 3.5 3.6 -3.6
v 3.6 3.6 -3.6
v 3.7 3.6 -3.6
v 0.4 3.6 -3.7
v 0.5 3.6 -3.7
v 0.6 3.6 -3.7
v 3.4 3.6 -3.7
v 3.5 3.6 -3.7
v 3.6 3.6 -3.7
v 0.6 3.7 -0.3
v 0.7 3.7 -0.3
v 0.9 3.7 -0.3
v 1 3.7 -0.3
v 1.1 3.7 -0.3
v 1.2 3.7 -0.3
v 1.4 3.7 -0.3
v 1.5 3.7 -0.3
v 1.7 3.7 -0.3
v 1.8 3.7 -0.3
v 1.9 3.7 -0.3
v 2 3.7 -0.3
v 2.2 3.7 -0.3
v 2.4 3.7 -0.3
v 2.5 3.7 -0.3
v 2.6 3.7 -0.3
v 2.7 3.7 -0.3
v 2.8 3.7 -0.3
v 2.9 3.7 -0.3
v 3 3.7 -0.3
v 3.1 3.7 -0.3
v 3.2 3.7 -0.3
v 3.3 3.7 -0.3
v 3.4 3.7 -0.3
v 0.6 3.7 -0.4
v 0.7 3.7 -0.4
v 0.8 3.7 -0.4
v 0.9 3.7 -0.4
v 1 3.7 -0.4
v 1.1 3.7 -0.4
v 1.2 3.7 -0.4
v 1.3 3.7 -0.4
v 1.4 3.7 -0.4
v 1.5 3.7 -0.4
v 1.6 3.7 -0.4
v 1.7 3.7 -0.4
v 1.8 3.7 -0.4
v 1.9 3.7 -0.4
v 2 3.7 -0.4
v 2.1 3.7 -0.4
v 2.2 3.7 -0.4
v 2.3 3.7 -0.4
v 2.4 3.7 -0.4
v 2.5 3.7 -0.4
v 2.6 3.7 -0.4
v 2.7 3.7 -0.4
v 2.8 3.7 -0.4
v 2.9 3.7 -0.4
v 3 3.7 -0.4
v 3.1 3.7 -0.4
v 3.2 3.7 -0.4
v 3.3 3.7 -0.4
v 3.4 3.7 -0.4
v 2.2 3.7 -3.4
v 2.3 3.7 -3.4
v 0.6 3.7 -3.6
v 0.7 3.7 -3.6
v 0.8 3.7 -3.6
v 0.9 3.7 -3.6
v 1 3.7 -3.6
v 1.1 3.7 -3.6
v 1.2 3.7 -3.6
v 1.3 3.7 -3.6
v 1.4 3.7 -3.6
v 1.5 3.7 -3.6
v 1.6 3.7 -3.6
v 1.7 3.7 -3.6
v 1.8 3.7 -3.6
v 2 3.7 -3.6
v 2.2 3.7 -3.6
v 2.3 3.7 -3.6
v 2.4 3.7 -3.6
v 2.5 3.7 -3.6
v 2.8 3.7 -3.6
v 2.9 3.7 -3.6
v 3 3.7 -3.6
v 3.1 3.7 -3.6
v 3.2 3.7 -3.6
v 3.3 3.7 -3.6
v 3.4 3.7 -3.6
v 0.6 3.7 -3.7
v 0.7 3.7 -3.7
v 0.8 3.7 -3.7
v 0.9 3.7 -3.7
v 1 3.7 -3.7
v 1.1 3.7 -3.7
v 1.2 3.7 -3.7
v 1.3 3.7 -3.7
v 1.4 3.7 -3.7
v 1.5 3.7 -3.7
v 1.6 3.7 -3.7
v 1.7 3.7 -3.7
v 1.8 3.7 -3.7
v 2 3.7 -3.7
v 2.2 3.7 -3.7
v 2.3 3.7 -3.7
v 2.4 3.7 -3.7
v 2.5 3.7 -3.7
v 2.8 3.7 -3.7
v 2.9 3.7 -3.7
v 3 3.7 -3.7
v 3.1 3.7 -3.7
v 3.3 3.7 -3.7
v 3.4 3.7 -3.7
v 0.3 3.8 -0.6
v 0.4 3.8 -0.6
v 3.6 3.8 -0.6
v 3.7 3.8 -0.6
v 0.3 3.8 -0.7
v 0.4 3.8 -0.7
v 3.6 3.8 -0.7
v 3.7 3.8 -0.7
v 0.3 3.8 -0.8
v 0.4 3.8 -0.8
v 3.6 3.8 -0.8
v 3.7 3.8 -0.8
v 0.3 3.8 -0.9
v 0.4 3.8 -0.9
v 3.6 3.8 -0.9
v 0.3 3.8 -1
v 0.4 3.8 -1
v 3.6 3.8 -1
v 3.7 3.8 -1
v 0.3 3.8 -1.1
v 0.4 3.8 -1.1
v 3.6 3.8 -1.1
v 3.6 3.8 -1.2
v 3.7 3.8 -1.2
v 0.4 3.8 -1.3
v 3.6 3.8 -1.3
v 3.7 3.8 -1.3
v 0.3 3.8 -1.4
v 0.4 3.8 -1.4
v 0.3 3.8 -1.5
v 0.4 3.8 -1.5
v 0.3 3.8 -1.6
v 0.4 3.8 -1.6
v 3.6 3.8 -1.6
v 3.7 3.8 -1.6
v 0.4 3.8 -1.7
v 3.6 3.8 -1.7
v 3.7 3.8 -1.7
v 0.3 3.8 -1.8
v 0.4 3.8 -1.8
v 3.6 3.8 -1.8
v 3.7 3.8 -1.8
v 0.4 3.8 -1.9
v 0.3 3.8 -2
v 0.4 3.8 -2
v 0.3 3.8 -2.1
v 0.4 3.8 -2.1
v 3.6 3.8 -2.1
v 0.3 3.8 -2.2
v 0.4 3.8 -2.2
v 3.6 3.8 -2.2
v 3.7 3.8 -2.2
v 0.3 3.8 -2.3
v 0.4 3.8 -2.3
v 3.6 3.8 -2.3
v 0.3 3.8 -2.4
v 0.4 3.8 -2.4
v 3.6 3.8 -2.4
v 3.7 3.8 -2.4
v 3.6 3.8 -2.5
v 3.7 3.8 -2.5
v 0.3 3.8 -2.6
v 0.4 3.8 -2.6
v 3.6 3.8 -2.6
v 3.7 3.8 -2.6
v 0.3 3.8 -2.7
v 0.4 3.8 -2.7
v 3.6 3.8 -2.7
v 0.4 3.8 -2.8
v 0.4 3.8 -2.9
v 3.6 3.8 -2.9
v 3.7 3.8 -2.9
v 0.3 3.8 -3
v 0.4 3.8 -3
v 3.6 3.8 -3
v 3.7 3.8 -3
v 0.4 3.8 -3.1
v 3.6 3.8 -3.1
v 3.7 3.8 -3.1
v 0.3 3.8 -3.2
v 0.4 3.8 -3.2
v 3.6 3.8 -3.2
v 3.7 3.8 -3.2
v 0.3 3.8 -3.3
v 0.4 3.8 -3.3
v 3.6 3.8 -3.3
v 3.7 3.8 -3.3
v 0.3 3.8 -3.4
v 0.4 3.8 -3.4
v 3.6 3.8 -3.4
v 3.7 3.8 -3.4
v 0.4 4.2 -0.7
v 0.5 4.2 -0.7
v 3.5 4.2 -0.7
v 3.6 4.2 -0.7
v 0.4 4.2 -0.8
v 0.5 4.2 -0.8
v 0.6 4.2 -0.8
v 0.7 4.2 -0.8
v 3.3 4.2 -0.8
v 3.4 4.2 -0.8
v 3.5 4.2 -0.8
v 3.6 4.2 -0.8
v 0.5 4.2 -0.9
v 0.6 4.2 -0.9
v 0.7 4.2 -0.9
v 3.3 4.2 -0.9
v 3.4 4.2 -0.9
v 3.5 4.2 -0.9
v 0.6 4.2 -1.1
v 0.7 4.2 -1.1
v 3.3 4.2 -1.1
v 3.4 4.2 -1.1
v 0.7 4.2 -1.3
v 0.8 4.2 -1.3
v 3.3 4.2 -1.3
v 3.4 4.2 -1.3
v 0.7 4.2 -1.5
v 0.8 4.2 -1.5
v 0.6 4.2 -1.6
v 0.7 4.2 -1.6
v 3.2 4.2 -1.6
v 3.3 4.2 -1.6
v 0.6 4.2 -1.7
v 0.7 4.2 -1.7
v 3.2 4.2 -1.7
v 3.3 4.2 -1.7
v 3.3 4.2 -1.8
v 3.4 4.2 -1.8
v 0.6 4.2 -2.3
v 0.7 4.2 -2.3
v 0.6 4.2 -2.4
v 0.7 4.2 -2.4
v 3.3 4.2 -2.4
v 3.4 4.2 -2.4
v 0.6 4.2 -2.5
v 0.7 4.2 -2.5
v 0.8 4.2 -2.5
v 0.6 4.2 -2.6
v 0.7 4.2 -2.6
v 0.8 4.2 -2.7
v 0.6 4.2 -2.8
v 0.7 4.2 -2.8
v 0.8 4.2 -2.8
v 3.3 4.2 -2.8
v 3.4 4.2 -2.8
v 0.7 4.2 -3
v 0.8 4.2 -3
v 0.5 4.2 -3.1
v 0.6 4.2 -3.1
v 0.7 4.2 -3.1
v 3.4 4.2 -3.1
v 3.5 4.2 -3.1
v 0.4 4.2 -3.2
v 0.5 4.2 -3.2
v 0.6 4.2 -3.2
v 0.7 4.2 -3.2
v 3.3 4.2 -3.2
v 3.4 4.2 -3.2
v 3.5 4.2 -3.2
v 3.6 4.2 -3.2
v 0.4 4.2 -3.3
v 0.5 4.2 -3.3
v 3.5 4.2 -3.3
v 3.6 4.2 -3.3
v 0.4 4.5 -0.8
v 0.5 4.5 -0.8
v 3.5 4.5 -0.8
v 3.6 4.5 -0.8
v 0.4 4.5 -0.9
v 0.5 4.5 -0.9
v 0.7 4.5 -0.9
v 3.3 4.5 -0.9
v 3.5 4.5 -0.9
v 3.6 4.5 -0.9
v 0.5 4.5 -1
v 0.6 4.5 -1
v 0.7 4.5 -1
v 3.3 4.5 -1
v 3.4 4.5 -1
v 3.5 4.5 -1
v 0.6 4.5 -1.1
v 0.7 4.5 -1.1
v 3.3 4.5 -1.1
v 3.4 4.5 -1.1
v 0.6 4.5 -1.2
v 0.7 4.5 -1.2
v 0.6 4.5 -1.3
v 0.7 4.5 -1.3
v 3.3 4.5 -1.3
v 3.4 4.5 -1.3
v 0.6 4.5 -1.4
v 0.7 4.5 -1.4
v 3.3 4.5 -1.4
v 3.4 4.5 -1.4
v 0.6 4.5 -1.6
v 0.7 4.5 -1.6
v 3.3 4.5 -1.7
v 3.4 4.5 -1.7
v 3.3 4.5 -2
v 3.4 4.5 -2
v 3.3 4.5 -2.3
v 3.4 4.5 -2.3
v 0.6 4.5 -2.4
v 0.7 4.5 -2.4
v 0.8 4.5 -2.4
v 0.6 4.5 -2.6
v 0.7 4.5 -2.6
v 0.8 4.5 -2.6
v 3.3 4.5 -2.6
v 3.4 4.5 -2.6
v 0.6 4.5 -2.7
v 0.7 4.5 -2.7
v 3.3 4.5 -2.7
v 3.4 4.5 -2.7
v 3.3 4.5 -2.8
v 3.4 4.5 -2.8
v 0.6 4.5 -2.9
v 0.7 4.5 -2.9
v 3.3 4.5 -2.9
v 3.4 4.5 -2.9
v 0.5 4.5 -3
v 0.6 4.5 -3
v 0.7 4.5 -3
v 3.3 4.5 -3
v 3.4 4.5 -3
v 3.5 4.5 -3
v 0.4 4.5 -3.1
v 0.5 4.5 -3.1
v 0.7 4.5 -3.1
v 3.3 4.5 -3.1
v 3.5 4.5 -3.1
v 3.6 4.5 -3.1
v 0.4 4.5 -3.2
v 0.5 4.5 -3.2
v 3.5 4.5 -3.2
v 3.6 4.5 -3.2
v 0.4 4.6 -0.9
v 0.5 4.6 -0.9
v 3.5 4.6 -0.9
v 3.6 4.6 -0.9
v 0.4 4.6 -1
v 0.5 4.6 -1
v 0.6 4.6 -1
v 3.4 4.6 -1
v 3.5 4.6 -1
v 3.6 4.6 -1
v 0.5 4.6 -1.1
v 0.6 4.6 -1.1
v 3.4 4.6 -1.1
v 3.5 4.6 -1.1
v 0.5 4.6 -2.9
v 0.6 4.6 -2.9
v 3.4 4.6 -2.9
v 3.5 4.6 -2.9
v 0.4 4.6 -3
v 0.5 4.6 -3
v 0.6 4.6 -3
v 3.4 4.6 -3
v 3.5 4.6 -3
v 3.6 4.6 -3
v 0.4 4.6 -3.1
v 0.5 4.6 -3.1
v 3.5 4.6 -3.1
v 3.6 4.6 -3.1
v 0.4 4.7 -1
v 0.5 4.7 -1
v 3.5 4.7 -1
v 3.6 4.7 -1
v 0.4 4.7 -1.1
v 0.5 4.7 -1.1
v 0.6 4.7 -1.1
v 3.4 4.7 -1.1
v 3.5 4.7 -1.1
v 3.6 4.7 -1.1
v 0.5 4.7 -1.2
v 0.6 4.7 -1.2
v 3.4 4.7 -1.2
v 3.5 4.7 -1.2
v 0.5 4.7 -2.8
v 0.6 4.7 -2.8
v 3.4 4.7 -2.8
v 3.5 4.7 -2.8
v 0.4 4.7 -2.9
v 0.5 4.7 -2.9
v 0.6 4.7 -2.9
v 3.4 4.7 -2.9
v 3.5 4.7 -2.9
v 3.6 4.7 -2.9
v 0.4 4.7 -3
v 0.5 4.7 -3
v 3.5 4.7 -3
v 3.6 4.7 -3
v 0.6 4.8 -1.2
v 0.7 4.8 -1.2
v 3.3 4.8 -1.2
v 3.4 4.8 -1.2
v 0.6 4.8 -1.3
v 0.7 4.8 -1.3
v 0.8 4.8 -1.3
v 3.3 4.8 -1.3
v 3.4 4.8 -1.3
v 0.6 4.8 -1.4
v 0.7 4.8 -1.4
v 0.8 4.8 -1.4
v 0.7 4.8 -1.5
v 0.8 4.8 -1.5
v 0.6 4.8 -1.7
v 0.7 4.8 -1.7
v 0.6 4.8 -1.8
v 0.7 4.8 -1.8
v 0.6 4.8 -1.9
v 0.7 4.8 -1.9
v 3.3 4.8 -2
v 3.4 4.8 -2
v 0.7 4.8 -2.2
v 0.6 4.8 -2.3
v 0.7 4.8 -2.3
v 0.6 4.8 -2.4
v 0.7 4.8 -2.4
v 3.3 4.8 -2.4
v 3.4 4.8 -2.4
v 3.3 4.8 -2.6
v 3.4 4.8 -2.6
v 0.6 4.8 -2.7
v 0.7 4.8 -2.7
v 3.3 4.8 -2.7
v 3.4 4.8 -2.7
v 0.6 4.8 -2.8
v 0.7 4.8 -2.8
v 3.3 4.8 -2.8
v 3.4 4.8 -2.8
v 0.4 4.9 -1.1
v 0.5 4.9 -1.1
v 3.5 4.9 -1.1
v 3.6 4.9 -1.1
v 0.4 4.9 -1.2
v 0.5 4.9 -1.2
v 0.6 4.9 -1.2
v 3.4 4.9 -1.2
v 3.5 4.9 -1.2
v 3.6 4.9 -1.2
v 0.5 4.9 -1.3
v 0.6 4.9 -1.3
v 3.4 4.9 -1.3
v 3.5 4.9 -1.3
v 0.6 4.9 -1.4
v 0.7 4.9 -1.4
v 0.6 4.9 -1.5
v 0.7 4.9 -1.5
v 0.6 4.9 -1.6
v 0.7 4.9 -1.6
v 3.3 4.9 -2.4
v 3.4 4.9 -2.4
v 3.3 4.9 -2.6
v 3.4 4.9 -2.6
v 0.5 4.9 -2.7
v 0.6 4.9 -2.7
v 3.4 4.9 -2.7
v 3.5 4.9 -2.7
v 0.4 4.9 -2.8
v 0.5 4.9 -2.8
v 0.6 4.9 -2.8
v 3.4 4.9 -2.8
v 3.5 4.9 -2.8
v 3.6 4.9 -2.8
v 0.4 4.9 -2.9
v 0.5 4.9 -2.9
v 3.5 4.9 -2.9
v 3.6 4.9 -2.9
v 0.4 5 -1.2
v 0.5 5 -1.2
v 3.5 5 -1.2
v 3.6 5 -1.2
v 0.4 5 -1.3
v 0.5 5 -1.3
v 0.6 5 -1.3
v 3.4 5 -1.3
v 3.5 5 -1.3
v 3.6 5 -1.3
v 0.6 5 -1.4
v 3.4 5 -1.4
v 0.5 5 -1.5
v 0.6 5 -1.5
v 3.4 5 -1.5
v 3.5 5 -1.5
v 0.5 5 -2.5
v 0.6 5 -2.5
v 3.4 5 -2.5
v 3.5 5 -2.5
v 0.6 5 -2.6
v 3.4 5 -2.6
v 0.4 5 -2.7
v 0.5 5 -2.7
v 0.6 5 -2.7
v 3.4 5 -2.7
v 3.5 5 -2.7
v 3.6 5 -2.7
v 0.4 5 -2.8
v 0.5 5 -2.8
v 3.5 5 -2.8
v 3.6 5 -2.8
v 0.4 5.1 -1.3
v 0.5 5.1 -1.3
v 3.5 5.1 -1.3
v 3.6 5.1 -1.3
v 3.5 5.1 -1.4
v 3.6 5.1 -1.4
v 0.4 5.1 -1.5
v 0.5 5.1 -1.5
v 0.7 5.1 -1.5
v 3.3 5.1 -1.5
v 3.5 5.1 -1.5
v 3.6 5.1 -1.5
v 3.3 5.1 -1.6
v 0.5 5.1 -1.7
v 0.6 5.1 -1.7
v 0.7 5.1 -1.7
v 3.2 5.1 -1.7
v 3.3 5.1 -1.7
v 3.4 5.1 -1.7
v 3.5 5.1 -1.7
v 0.6 5.1 -1.8
v 0.7 5.1 -1.8
v 3.3 5.1 -1.8
v 3.4 5.1 -1.8
v 0.6 5.1 -1.9
v 0.7 5.1 -1.9
v 3.2 5.1 -1.9
v 3.3 5.1 -1.9
v 3.4 5.1 -1.9
v 0.6 5.1 -2.1
v 0.7 5.1 -2.1
v 0.9 5.1 -2.1
v 3.3 5.1 -2.1
v 3.4 5.1 -2.1
v 0.6 5.1 -2.2
v 0.7 5.1 -2.2
v 0.9 5.1 -2.2
v 3.3 5.1 -2.2
v 3.4 5.1 -2.2
v 0.5 5.1 -2.3
v 0.6 5.1 -2.3
v 0.7 5.1 -2.3
v 0.9 5.1 -2.3
v 3.3 5.1 -2.3
v 3.4 5.1 -2.3
v 3.5 5.1 -2.3
v 0.7 5.1 -2.4
v 0.4 5.1 -2.5
v 0.5 5.1 -2.5
v 0.7 5.1 -2.5
v 3.3 5.1 -2.5
v 3.5 5.1 -2.5
v 3.6 5.1 -2.5
v 0.4 5.1 -2.6
v 0.5 5.1 -2.6
v 0.4 5.1 -2.7
v 0.5 5.1 -2.7
v 3.5 5.1 -2.7
v 3.6 5.1 -2.7
v 0.4 5.2 -1.5
v 0.5 5.2 -1.5
v 3.5 5.2 -1.5
v 3.6 5.2 -1.5
v 0.4 5.2 -1.6
v 0.5 5.2 -1.6
v 3.5 5.2 -1.6
v 3.6 5.2 -1.6
v 0.4 5.2 -1.7
v 0.5 5.2 -1.7
v 0.6 5.2 -1.7
v 3.4 5.2 -1.7
v 3.5 5.2 -1.7
v 3.6 5.2 -1.7
v 0.6 5.2 -1.8
v 3.4 5.2 -1.8
v 0.5 5.2 -1.9
v 0.6 5.2 -1.9
v 0.7 5.2 -1.9
v 3.3 5.2 -1.9
v 3.4 5.2 -1.9
v 3.5 5.2 -1.9
v 0.5 5.2 -2.1
v 0.6 5.2 -2.1
v 0.7 5.2 -2.1
v 3.3 5.2 -2.1
v 3.4 5.2 -2.1
v 3.5 5.2 -2.1
v 0.6 5.2 -2.2
v 3.4 5.2 -2.2
v 0.4 5.2 -2.3
v 0.5 5.2 -2.3
v 0.6 5.2 -2.3
v 3.4 5.2 -2.3
v 3.5 5.2 -2.3
v 3.6 5.2 -2.3
v 0.4 5.2 -2.4
v 0.5 5.2 -2.4
v 3.5 5.2 -2.4
v 3.6 5.2 -2.4
v 0.4 5.2 -2.5
v 0.5 5.2 -2.5
v 3.5 5.2 -2.5
v 3.6 5.2 -2.5
v 0.4 5.3 -1.7
v 0.5 5.3 -1.7
v 3.5 5.3 -1.7
v 3.6 5.3 -1.7
v 0.4 5.3 -1.9
v 0.5 5.3 -1.9
v 0.6 5.3 -1.9
v 3.4 5.3 -1.9
v 3.5 5.3 -1.9
v 3.6 5.3 -1.9
v 0.5 5.3 -2
v 0.6 5.3 -2
v 3.4 5.3 -2
v 3.5 5.3 -2
v 0.4 5.3 -2.1
v 0.5 5.3 -2.1
v 0.6 5.3 -2.1
v 3.4 5.3 -2.1
v 3.5 5.3 -2.1
v 3.6 5.3 -2.1
v 0.4 5.3 -2.3
v 0.5 5.3 -2.3
v 3.5 5.3 -2.3
v 3.6 5.3 -2.3
v 0.4 5.4 -1.9
v 0.5 5.4 -1.9
v 3.5 5.4 -1.9
v 3.6 5.4 -1.9
v 0.4 5.4 -2
v 0.5 5.4 -2
v 3.5 5.4 -2
v 3.6 5.4 -2
v 0.4 5.4 -2.1
v 0.5 5.4 -2.1
v 3.5 5.4 -2.1
v 3.6 5.4 -2.1
v 3.4 2.1 -0.6
v 3.5 2.1 -0.6
v 3.2 2.1 -0.7
v 3.3 2.1 -0.7
v 3.4 2.1 -0.7
v 3.5 2.1 -0.7
v 3.2 2.1 -0.8
v 3.3 2.1 -0.8
v 3.4 2.1 -0.8
v 3.5 2.2 -0.5
v 3.6 2.2 -0.5
v 3.3 2.2 -0.6
v 3.4 2.2 -0.6
v 3.5 2.2 -0.6
v 3.6 2.2 -0.6
v 3.3 2.2 -0.7
v 3.4 2.2 -0.7
v 0.4 2.3 -0.3
v 0.5 2.3 -0.3
v 0.6 2.3 -0.3
v 3.4 2.3 -0.3
v 3.5 2.3 -0.3
v 3.6 2.3 -0.3
v 0.3 2.3 -0.4
v 0.4 2.3 -0.4
v 0.5 2.3 -0.4
v 0.6 2.3 -0.4
v 0.7 2.3 -0.4
v 0.8 2.3 -0.4
v 0.9 2.3 -0.4
v 1 2.3 -0.4
v 1.1 2.3 -0.4
v 1.2 2.3 -0.4
v 1.3 2.3 -0.4
v 1.6 2.3 -0.4
v 2.3 2.3 -0.4
v 2.6 2.3 -0.4
v 2.8 2.3 -0.4
v 2.9 2.3 -0.4
v 3.1 2.3 -0.4
v 3.2 2.3 -0.4
v 3.4 2.3 -0.4
v 3.5 2.3 -0.4
v 3.6 2.3 -0.4
v 3.7 2.3 -0.4
v 0.3 2.3 -0.5
v 0.4 2.3 -0.5
v 0.5 2.3 -0.5
v 0.6 2.3 -0.5
v 0.7 2.3 -0.5
v 0.8 2.3 -0.5
v 0.9 2.3 -0.5
v 1 2.3 -0.5
v 1.1 2.3 -0.5
v 1.2 2.3 -0.5
v 1.3 2.3 -0.5
v 1.6 2.3 -0.5
v 2.3 2.3 -0.5
v 2.6 2.3 -0.5
v 2.8 2.3 -0.5
v 2.9 2.3 -0.5
v 3.1 2.3 -0.5
v 3.2 2.3 -0.5
v 3.4 2.3 -0.5
v 3.5 2.3 -0.5
v 3.7 2.3 -0.5
v 0.3 2.3 -0.6
v 0.4 2.3 -0.6
v 0.5 2.3 -0.8
v 0.6 2.3 -0.8
v 3.5 2.3 -0.8
v 3.6 2.3 -0.8
v 0.4 2.3 -0.9
v 0.5 2.3 -0.9
v 3.5 2.3 -0.9
v 3.6 2.3 -0.9
v 0.4 2.3 -1
v 0.5 2.3 -1
v 0.4 2.3 -1.1
v 0.5 2.3 -1.1
v 0.6 2.3 -1.1
v 3.5 2.3 -1.2
v 3.6 2.3 -1.2
v 0.4 2.3 -1.3
v 0.5 2.3 -1.3
v 3.5 2.3 -1.3
v 3.6 2.3 -1.3
v 0.4 2.3 -1.4
v 0.5 2.3 -1.4
v 3.5 2.3 -1.5
v 3.6 2.3 -1.5
v 3.5 2.3 -1.6
v 3.6 2.3 -1.6
v 0.4 2.3 -1.7
v 0.5 2.3 -1.7
v 3.5 2.3 -1.9
v 3.6 2.3 -1.9
v 0.5 2.3 -2
v 0.6 2.3 -2
v 0.5 2.3 -2.1
v 0.6 2.3 -2.1
v 0.4 2.3 -2.2
v 0.5 2.3 -2.2
v 3.5 2.3 -2.2
v 3.6 2.3 -2.2
v 3.5 2.3 -2.3
v 3.6 2.3 -2.3
v 0.4 2.3 -2.4
v 0.5 2.3 -2.4
v 3.5 2.3 -2.4
v 3.6 2.3 -2.4
v 0.4 2.3 -2.5
v 0.5 2.3 -2.5
v 3.5 2.3 -2.6
v 3.6 2.3 -2.6
v 0.4 2.3 -2.8
v 0.5 2.3 -2.8
v 0.4 2.3 -2.9
v 0.5 2.3 -2.9
v 3.4 2.3 -2.9
v 3.5 2.3 -2.9
v 3.6 2.3 -2.9
v 3.5 2.3 -3
v 3.6 2.3 -3
v 3.5 2.3 -3.1
v 3.6 2.3 -3.1
v 0.4 2.3 -3.2
v 0.5 2.3 -3.2
v 3.4 2.3 -3.2
v 3.5 2.3 -3.2
v 0.4 2.3 -3.3
v 0.5 2.3 -3.3
v 3.5 2.3 -3.3
v 3.6 2.3 -3.3
v 0.3 2.3 -3.4
v 0.4 2.3 -3.4
v 0.5 2.3 -3.4
v 3.5 2.3 -3.4
v 3.6 2.3 -3.4
v 3.7 2.3 -3.4
v 0.3 2.3 -3.5
v 0.4 2.3 -3.5
v 0.5 2.3 -3.5
v 0.6 2.3 -3.5
v 0.8 2.3 -3.5
v 0.9 2.3 -3.5
v 1.1 2.3 -3.5
v 1.2 2.3 -3.5
v 1.7 2.3 -3.5
v 1.8 2.3 -3.5
v 1.9 2.3 -3.5
v 2 2.3 -3.5
v 2.2 2.3 -3.5
v 2.3 2.3 -3.5
v 2.8 2.3 -3.5
v 2.9 2.3 -3.5
v 3 2.3 -3.5
v 3.1 2.3 -3.5
v 3.2 2.3 -3.5
v 3.3 2.3 -3.5
v 3.4 2.3 -3.5
v 3.5 2.3 -3.5
v 3.6 2.3 -3.5
v 3.7 2.3 -3.5
v 0.3 2.3 -3.6
v 0.4 2.3 -3.6
v 0.5 2.3 -3.6
v 0.6 2.3 -3.6
v 0.8 2.3 -3.6
v 0.9 2.3 -3.6
v 1.2 2.3 -3.6
v 1.7 2.3 -3.6
v 1.8 2.3 -3.6
v 1.9 2.3 -3.6
v 2 2.3 -3.6
v 2.2 2.3 -3.6
v 2.3 2.3 -3.6
v 2.8 2.3 -3.6
v 2.9 2.3 -3.6
v 3 2.3 -3.6
v 3.1 2.3 -3.6
v 3.2 2.3 -3.6
v 3.3 2.3 -3.6
v 3.4 2.3 -3.6
v 3.5 2.3 -3.6
v 3.6 2.3 -3.6
v 3.7 2.3 -3.6
v 0.4 2.3 -3.7
v 0.5 2.3 -3.7
v 0.6 2.3 -3.7
v 3.4 2.3 -3.7
v 3.5 2.3 -3.7
v 3.6 2.3 -3.7
v 2 2.5 -0.4
v 2.1 2.5 -0.4
v 2.2 2.5 -0.4
v 2 2.5 -0.5
v 2.1 2.5 -0.5
v 2.2 2.5 -0.5
v 0.4 2.5 -1.8
v 0.5 2.5 -1.8
v 0.4 2.5 -1.9
v 0.5 2.5 -1.9
v 0.6 2.5 -1.9
v 0.5 2.5 -2
v 0.6 2.5 -2
v 3.5 2.5 -2.1
v 3.6 2.5 -2.1
v 3.5 2.5 -2.2
v 3.6 2.5 -2.2
v 3.7 2.5 -2.2
v 3.5 2.5 -2.3
v 3.6 2.5 -2.3
v 3.7 2.5 -2.3
v 3.8 2.5 -2.3
v 3.6 2.5 -2.4
v 3.7 2.5 -2.4
v 3.8 2.5 -2.4
v 3.6 2.5 -2.5
v 3.7 2.5 -2.5
v 3.8 2.5 -2.5
v 3.7 2.5 -2.6
v 3.8 2.5 -2.6
v 3.6 2.5 -2.7
v 3.7 2.5 -2.7
v 3.8 2.5 -2.7
v 3.6 2.5 -2.8
v 3.7 2.5 -2.8
v 3.5 2.5 -2.9
v 3.6 2.5 -2.9
v 3.7 2.5 -2.9
v 3.8 2.5 -2.9
v 3.5 2.5 -3
v 3.6 2.5 -3
v 3.7 2.5 -3
v 2.4 2.5 -3.3
v 2.5 2.5 -3.3
v 2.3 2.5 -3.4
v 2.4 2.5 -3.4
v 2.3 2.5 -3.5
v 2.5 2.5 -3.5
v 2.3 2.5 -3.6
v 2.5 2.5 -3.6
v 0.4 2.6 -0.3
v 0.5 2.6 -0.3
v 0.6 2.6 -0.3
v 3.4 2.6 -0.3
v 3.5 2.6 -0.3
v 3.6 2.6 -0.3
v 0.3 2.6 -0.4
v 0.4 2.6 -0.4
v 0.5 2.6 -0.4
v 0.6 2.6 -0.4
v 0.7 2.6 -0.4
v 1.1 2.6 -0.4
v 1.7 2.6 -0.4
v 1.8 2.6 -0.4
v 2.2 2.6 -0.4
v 2.4 2.6 -0.4
v 2.7 2.6 -0.4
v 2.9 2.6 -0.4
v 3.1 2.6 -0.4
v 3.3 2.6 -0.4
v 3.4 2.6 -0.4
v 3.5 2.6 -0.4
v 3.6 2.6 -0.4
v 3.7 2.6 -0.4
v 0.3 2.6 -0.5
v 0.4 2.6 -0.5
v 0.5 2.6 -0.5
v 0.6 2.6 -0.5
v 0.7 2.6 -0.5
v 1.1 2.6 -0.5
v 1.6 2.6 -0.5
v 1.7 2.6 -0.5
v 1.8 2.6 -0.5
v 2.2 2.6 -0.5
v 2.4 2.6 -0.5
v 2.7 2.6 -0.5
v 2.9 2.6 -0.5
v 3 2.6 -0.5
v 3.1 2.6 -0.5
v 3.3 2.6 -0.5
v 3.4 2.6 -0.5
v 3.5 2.6 -0.5
v 3.6 2.6 -0.5
v 3.7 2.6 -0.5
v 0.3 2.6 -0.6
v 0.4 2.6 -0.6
v 0.5 2.6 -0.6
v 3.5 2.6 -0.6
v 3.6 2.6 -0.6
v 3.7 2.6 -0.6
v 0.5 2.6 -0.7
v 3.5 2.6 -0.7
v 3.6 2.6 -0.7
v 0.4 2.6 -0.9
v 0.5 2.6 -0.9
v 3.5 2.6 -1
v 3.6 2.6 -1
v 0.4 2.6 -1.5
v 0.5 2.6 -1.5
v 0.4 2.6 -1.6
v 0.5 2.6 -1.6
v 3.5 2.6 -1.6
v 3.6 2.6 -1.6
v 0.4 2.6 -1.7
v 0.5 2.6 -1.7
v 3.5 2.6 -1.8
v 3.6 2.6 -1.8
v 3.5 2.6 -2.1
v 3.6 2.6 -2.1
v 0.4 2.6 -2.2
v 0.5 2.6 -2.2
v 0.4 2.6 -2.3
v 0.5 2.6 -2.3
v 3.5 2.6 -2.3
v 3.6 2.6 -2.3
v 3.5 2.6 -2.4
v 3.6 2.6 -2.4
v 3.5 2.6 -2.5
v 3.6 2.6 -2.5
v 0.4 2.6 -2.6
v 0.5 2.6 -2.6
v 3.5 2.6 -2.6
v 0.4 2.6 -2.7
v 0.5 2.6 -2.7
v 3.5 2.6 -2.7
v 3.6 2.6 -2.7
v 3.5 2.6 -2.8
v 3.5 2.6 -2.9
v 3.6 2.6 -2.9
v 0.4 2.6 -3
v 0.5 2.6 -3
v 3.5 2.6 -3
v 3.6 2.6 -3
v 0.4 2.6 -3.3
v 0.5 2.6 -3.3
v 3.5 2.6 -3.3
v 3.6 2.6 -3.3
v 0.3 2.6 -3.4
v 0.4 2.6 -3.4
v 0.5 2.6 -3.4
v 3.5 2.6 -3.4
v 3.6 2.6 -3.4
v 3.7 2.6 -3.4
v 0.3 2.6 -3.5
v 0.4 2.6 -3.5
v 0.5 2.6 -3.5
v 0.6 2.6 -3.5
v 0.7 2.6 -3.5
v 0.9 2.6 -3.5
v 1 2.6 -3.5
v 1.1 2.6 -3.5
v 1.2 2.6 -3.5
v 1.3 2.6 -3.5
v 1.5 2.6 -3.5
v 1.8 2.6 -3.5
v 2.2 2.6 -3.5
v 2.3 2.6 -3.5
v 2.5 2.6 -3.5
v 2.6 2.6 -3.5
v 2.8 2.6 -3.5
v 2.9 2.6 -3.5
v 3 2.6 -3.5
v 3.1 2.6 -3.5
v 3.3 2.6 -3.5
v 3.4 2.6 -3.5
v 3.5 2.6 -3.5
v 3.6 2.6 -3.5
v 3.7 2.6 -3.5
v 0.3 2.6 -3.6
v 0.4 2.6 -3.6
v 0.5 2.6 -3.6
v 0.6 2.6 -3.6
v 0.7 2.6 -3.6
v 0.9 2.6 -3.6
v 1.1 2.6 -3.6
v 1.2 2.6 -3.6
v 1.3 2.6 -3.6
v 1.5 2.6 -3.6
v 1.8 2.6 -3.6
v 2.2 2.6 -3.6
v 2.3 2.6 -3.6
v 2.5 2.6 -3.6
v 2.6 2.6 -3.6
v 3 2.6 -3.6
v 3.3 2.6 -3.6
v 3.4 2.6 -3.6
v 3.5 2.6 -3.6
v 3.6 2.6 -3.6
v 3.7 2.6 -3.6
v 0.4 2.6 -3.7
v 0.5 2.6 -3.7
v 0.6 2.6 -3.7
v 3.4 2.6 -3.7
v 3.5 2.6 -3.7
v 3.6 2.6 -3.7
v 0.5 2.7 -1.8
v 0.6 2.7 -1.8
v 0.5 2.7 -1.9
v 0.6 2.7 -1.9
v 1.7 2.8 -0.4
v 2.3 2.8 -0.4
v 1.7 2.8 -0.5
v 2.3 2.8 -0.5
v 3.5 2.8 -0.8
v 3.6 2.8 -0.8
v 3.5 2.8 -0.9
v 3.6 2.8 -0.9
v 3.5 2.8 -1.3
v 3.6 2.8 -1.3
v 3.5 2.8 -1.5
v 3.6 2.8 -1.5
v 3.5 2.8 -1.8
v 3.6 2.8 -1.8
v 0.4 2.8 -3.1
v 0.5 2.8 -3.1
v 0.4 2.8 -3.2
v 0.5 2.8 -3.2
v 0.4 2.9 -0.3
v 0.5 2.9 -0.3
v 0.6 2.9 -0.3
v 3.4 2.9 -0.3
v 3.5 2.9 -0.3
v 3.6 2.9 -0.3
v 0.3 2.9 -0.4
v 0.4 2.9 -0.4
v 0.5 2.9 -0.4
v 0.6 2.9 -0.4
v 0.7 2.9 -0.4
v 1.3 2.9 -0.4
v 1.5 2.9 -0.4
v 1.7 2.9 -0.4
v 2.3 2.9 -0.4
v 2.4 2.9 -0.4
v 2.8 2.9 -0.4
v 3 2.9 -0.4
v 3.1 2.9 -0.4
v 3.3 2.9 -0.4
v 3.4 2.9 -0.4
v 3.5 2.9 -0.4
v 3.6 2.9 -0.4
v 3.7 2.9 -0.4
v 0.3 2.9 -0.5
v 0.4 2.9 -0.5
v 0.5 2.9 -0.5
v 0.6 2.9 -0.5
v 0.7 2.9 -0.5
v 1.3 2.9 -0.5
v 1.5 2.9 -0.5
v 1.7 2.9 -0.5
v 1.8 2.9 -0.5
v 2.1 2.9 -0.5
v 2.3 2.9 -0.5
v 2.4 2.9 -0.5
v 2.7 2.9 -0.5
v 2.8 2.9 -0.5
v 3 2.9 -0.5
v 3.1 2.9 -0.5
v 3.2 2.9 -0.5
v 3.3 2.9 -0.5
v 3.5 2.9 -0.5
v 3.6 2.9 -0.5
v 3.7 2.9 -0.5
v 0.3 2.9 -0.6
v 0.4 2.9 -0.6
v 0.5 2.9 -0.6
v 1.8 2.9 -0.6
v 1.9 2.9 -0.6
v 2 2.9 -0.6
v 2.1 2.9 -0.6
v 3.5 2.9 -0.6
v 3.6 2.9 -0.6
v 3.7 2.9 -0.6
v 3.5 2.9 -0.8
v 3.6 2.9 -0.8
v 3.5 2.9 -0.9
v 3.6 2.9 -0.9
v 3.5 2.9 -1.1
v 3.6 2.9 -1.1
v 0.4 2.9 -1.2
v 0.5 2.9 -1.2
v 3.5 2.9 -1.3
v 3.6 2.9 -1.3
v 3.4 2.9 -1.4
v 3.5 2.9 -1.4
v 0.4 2.9 -1.5
v 0.5 2.9 -1.5
v 0.4 2.9 -1.6
v 0.5 2.9 -1.6
v 0.4 2.9 -1.7
v 0.5 2.9 -1.7
v 3.4 2.9 -1.8
v 3.5 2.9 -1.8
v 3.6 2.9 -1.8
v 0.5 2.9 -2.1
v 0.6 2.9 -2.1
v 3.5 2.9 -2.1
v 3.6 2.9 -2.1
v 0.4 2.9 -2.2
v 0.5 2.9 -2.2
v 0.6 2.9 -2.2
v 3.5 2.9 -2.2
v 3.6 2.9 -2.2
v 0.4 2.9 -2.3
v 0.5 2.9 -2.3
v 0.4 2.9 -2.4
v 0.5 2.9 -2.4
v 0.4 2.9 -2.5
v 0.5 2.9 -2.5
v 0.4 2.9 -2.8
v 0.5 2.9 -2.8
v 3.5 2.9 -3
v 3.6 2.9 -3
v 0.4 2.9 -3.1
v 0.5 2.9 -3.1
v 3.5 2.9 -3.1
v 3.6 2.9 -3.1
v 0.4 2.9 -3.2
v 0.5 2.9 -3.2
v 0.3 2.9 -3.4
v 0.4 2.9 -3.4
v 0.5 2.9 -3.4
v 3.6 2.9 -3.4
v 3.7 2.9 -3.4
v 0.3 2.9 -3.5
v 0.4 2.9 -3.5
v 0.5 2.9 -3.5
v 0.7 2.9 -3.5
v 0.9 2.9 -3.5
v 1 2.9 -3.5
v 1.1 2.9 -3.5
v 1.3 2.9 -3.5
v 1.4 2.9 -3.5
v 1.7 2.9 -3.5
v 2 2.9 -3.5
v 2.6 2.9 -3.5
v 2.7 2.9 -3.5
v 2.8 2.9 -3.5
v 3.1 2.9 -3.5
v 3.3 2.9 -3.5
v 3.4 2.9 -3.5
v 3.5 2.9 -3.5
v 3.6 2.9 -3.5
v 3.7 2.9 -3.5
v 0.3 2.9 -3.6
v 0.4 2.9 -3.6
v 0.5 2.9 -3.6
v 0.6 2.9 -3.6
v 0.7 2.9 -3.6
v 0.9 2.9 -3.6
v 1 2.9 -3.6
v 1.1 2.9 -3.6
v 1.3 2.9 -3.6
v 1.4 2.9 -3.6
v 1.7 2.9 -3.6
v 2 2.9 -3.6
v 2.6 2.9 -3.6
v 2.7 2.9 -3.6
v 2.8 2.9 -3.6
v 3.3 2.9 -3.6
v 3.4 2.9 -3.6
v 3.5 2.9 -3.6
v 3.6 2.9 -3.6
v 3.7 2.9 -3.6
v 0.4 2.9 -3.7
v 0.5 2.9 -3.7
v 0.6 2.9 -3.7
v 3.4 2.9 -3.7
v 3.5 2.9 -3.7
v 3.6 2.9 -3.7
v 1.6 3 -0.5
v 1.8 3 -0.5
v 2.1 3 -0.5
v 2.2 3 -0.5
v 1.6 3 -0.6
v 1.8 3 -0.6
v 1.9 3 -0.6
v 2 3 -0.6
v 2.1 3 -0.6
v 2.2 3 -0.6
v 1.8 3 -0.7
v 1.9 3 -0.7
v 2 3 -0.7
v 2.1 3 -0.7
v 1.4 3.1 -0.4
v 1.5 3.1 -0.4
v 2.2 3.1 -0.4
v 2.3 3.1 -0.4
v 1.4 3.1 -0.5
v 1.5 3.1 -0.5
v 2.2 3.1 -0.5
v 2.3 3.1 -0.5
v 1.7 3.1 -0.6
v 1.8 3.1 -0.6
v 1.7 3.1 -0.7
v 1.8 3.1 -0.7
v 0.4 3.1 -2.5
v 0.5 3.1 -2.5
v 0.4 3.1 -2.7
v 0.5 3.1 -2.7
v 3.5 3.1 -3
v 3.6 3.1 -3
v 3.5 3.1 -3.1
v 3.6 3.1 -3.1
v 0.4 3.2 -0.3
v 0.5 3.2 -0.3
v 0.6 3.2 -0.3
v 3.4 3.2 -0.3
v 3.5 3.2 -0.3
v 3.6 3.2 -0.3
v 0.3 3.2 -0.4
v 0.4 3.2 -0.4
v 0.5 3.2 -0.4
v 0.6 3.2 -0.4
v 0.9 3.2 -0.4
v 1.4 3.2 -0.4
v 2.3 3.2 -0.4
v 2.4 3.2 -0.4
v 2.7 3.2 -0.4
v 2.9 3.2 -0.4
v 3.2 3.2 -0.4
v 3.4 3.2 -0.4
v 3.5 3.2 -0.4
v 3.6 3.2 -0.4
v 3.7 3.2 -0.4
v 0.3 3.2 -0.5
v 0.4 3.2 -0.5
v 0.5 3.2 -0.5
v 0.7 3.2 -0.5
v 0.9 3.2 -0.5
v 1.3 3.2 -0.5
v 1.4 3.2 -0.5
v 1.6 3.2 -0.5
v 2.3 3.2 -0.5
v 2.4 3.2 -0.5
v 2.5 3.2 -0.5
v 2.7 3.2 -0.5
v 2.9 3.2 -0.5
v 3.2 3.2 -0.5
v 3.5 3.2 -0.5
v 3.6 3.2 -0.5
v 3.7 3.2 -0.5
v 0.3 3.2 -0.6
v 0.4 3.2 -0.6
v 0.5 3.2 -0.6
v 1.4 3.2 -0.6
v 1.6 3.2 -0.6
v 3.5 3.2 -0.6
v 3.6 3.2 -0.6
v 3.7 3.2 -0.6
v 3.5 3.2 -0.8
v 3.6 3.2 -0.8
v 3.5 3.2 -1
v 3.6 3.2 -1
v 3.5 3.2 -1.5
v 3.6 3.2 -1.5
v 0.4 3.2 -1.6
v 0.5 3.2 -1.6
v 0.4 3.2 -1.9
v 0.5 3.2 -1.9
v 0.4 3.2 -2
v 0.5 3.2 -2
v 3.5 3.2 -2
v 3.6 3.2 -2
v 3.5 3.2 -2.1
v 3.6 3.2 -2.1
v 0.4 3.2 -2.2
v 0.5 3.2 -2.2
v 3.5 3.2 -2.2
v 3.6 3.2 -2.2
v 0.5 3.2 -2.3
v 0.6 3.2 -2.3
v 3.5 3.2 -2.3
v 3.6 3.2 -2.3
v 0.4 3.2 -2.4
v 0.5 3.2 -2.4
v 0.4 3.2 -2.5
v 0.5 3.2 -2.5
v 0.4 3.2 -2.7
v 0.5 3.2 -2.7
v 0.6 3.2 -2.7
v 3.5 3.2 -2.9
v 3.6 3.2 -2.9
v 0.4 3.2 -3
v 0.5 3.2 -3
v 3.5 3.2 -3
v 3.6 3.2 -3
v 3.5 3.2 -3.1
v 3.6 3.2 -3.1
v 0.4 3.2 -3.2
v 0.5 3.2 -3.2
v 3.5 3.2 -3.3
v 3.6 3.2 -3.3
v 0.3 3.2 -3.4
v 0.4 3.2 -3.4
v 0.5 3.2 -3.4
v 3.5 3.2 -3.4
v 3.6 3.2 -3.4
v 3.7 3.2 -3.4
v 0.3 3.2 -3.5
v 0.4 3.2 -3.5
v 0.5 3.2 -3.5
v 0.7 3.2 -3.5
v 0.8 3.2 -3.5
v 0.9 3.2 -3.5
v 1 3.2 -3.5
v 1.1 3.2 -3.5
v 1.6 3.2 -3.5
v 1.8 3.2 -3.5
v 1.9 3.2 -3.5
v 2 3.2 -3.5
v 2.1 3.2 -3.5
v 2.3 3.2 -3.5
v 2.4 3.2 -3.5
v 2.7 3.2 -3.5
v 2.8 3.2 -3.5
v 3.1 3.2 -3.5
v 3.2 3.2 -3.5
v 3.3 3.2 -3.5
v 3.5 3.2 -3.5
v 3.6 3.2 -3.5
v 3.7 3.2 -3.5
v 0.3 3.2 -3.6
v 0.4 3.2 -3.6
v 0.5 3.2 -3.6
v 0.6 3.2 -3.6
v 0.7 3.2 -3.6
v 0.9 3.2 -3.6
v 1 3.2 -3.6
v 1.1 3.2 -3.6
v 1.6 3.2 -3.6
v 1.9 3.2 -3.6
v 2 3.2 -3.6
v 2.1 3.2 -3.6
v 2.4 3.2 -3.6
v 2.7 3.2 -3.6
v 2.8 3.2 -3.6
v 3.1 3.2 -3.6
v 3.2 3.2 -3.6
v 3.3 3.2 -3.6
v 3.4 3.2 -3.6
v 3.5 3.2 -3.6
v 3.6 3.2 -3.6
v 3.7 3.2 -3.6
v 0.4 3.2 -3.7
v 0.5 3.2 -3.7
v 0.6 3.2 -3.7
v 3.4 3.2 -3.7
v 3.5 3.2 -3.7
v 3.6 3.2 -3.7
v 3.5 3.3 -2.3
v 3.6 3.3 -2.3
v 3.5 3.3 -2.6
v 3.5 3.3 -2.7
v 3.6 3.3 -2.7
v 3.5 3.3 -2.8
v 3.6 3.3 -2.8
v 3.5 3.3 -2.9
v 3.6 3.3 -2.9
v 2 3.4 -3.3
v 2.4 3.4 -3.3
v 1.9 3.4 -3.4
v 2 3.4 -3.4
v 2.4 3.4 -3.4
v 2.5 3.4 -3.4
v 1.9 3.4 -3.5
v 2 3.4 -3.5
v 2.4 3.4 -3.5
v 2.5 3.4 -3.5
v 1.9 3.4 -3.6
v 2 3.4 -3.6
v 2.4 3.4 -3.6
v 2.5 3.4 -3.6
v 0.4 3.5 -0.3
v 0.5 3.5 -0.3
v 0.6 3.5 -0.3
v 3.4 3.5 -0.3
v 3.5 3.5 -0.3
v 3.6 3.5 -0.3
v 0.3 3.5 -0.4
v 0.4 3.5 -0.4
v 0.5 3.5 -0.4
v 0.6 3.5 -0.4
v 0.7 3.5 -0.4
v 1.1 3.5 -0.4
v 1.5 3.5 -0.4
v 1.7 3.5 -0.4
v 1.8 3.5 -0.4
v 2.2 3.5 -0.4
v 2.5 3.5 -0.4
v 2.9 3.5 -0.4
v 3.3 3.5 -0.4
v 3.4 3.5 -0.4
v 3.5 3.5 -0.4
v 3.6 3.5 -0.4
v 3.7 3.5 -0.4
v 0.3 3.5 -0.5
v 0.4 3.5 -0.5
v 0.5 3.5 -0.5
v 0.6 3.5 -0.5
v 0.7 3.5 -0.5
v 1.1 3.5 -0.5
v 1.5 3.5 -0.5
v 1.7 3.5 -0.5
v 1.8 3.5 -0.5
v 2.1 3.5 -0.5
v 2.2 3.5 -0.5
v 2.4 3.5 -0.5
v 2.5 3.5 -0.5
v 2.9 3.5 -0.5
v 3.3 3.5 -0.5
v 3.4 3.5 -0.5
v 3.5 3.5 -0.5
v 3.6 3.5 -0.5
v 3.7 3.5 -0.5
v 0.3 3.5 -0.6
v 0.4 3.5 -0.6
v 3.5 3.5 -0.6
v 3.6 3.5 -0.6
v 3.7 3.5 -0.6
v 3.5 3.5 -0.7
v 3.6 3.5 -0.7
v 3.5 3.5 -0.8
v 3.5 3.5 -0.9
v 3.6 3.5 -0.9
v 3.5 3.5 -1.1
v 3.6 3.5 -1.1
v 0.4 3.5 -1.3
v 0.5 3.5 -1.3
v 3.5 3.5 -1.5
v 3.6 3.5 -1.5
v 0.4 3.5 -1.7
v 0.5 3.5 -1.7
v 3.5 3.5 -2
v 3.6 3.5 -2
v 0.4 3.5 -2.1
v 0.5 3.5 -2.1
v 3.5 3.5 -2.1
v 3.6 3.5 -2.1
v 3.5 3.5 -2.2
v 3.6 3.5 -2.2
v 0.4 3.5 -2.3
v 0.5 3.5 -2.3
v 3.5 3.5 -2.4
v 3.6 3.5 -2.4
v 3.5 3.5 -2.6
v 3.6 3.5 -2.6
v 3.5 3.5 -2.8
v 3.6 3.5 -2.8
v 0.4 3.5 -2.9
v 0.5 3.5 -2.9
v 3.5 3.5 -2.9
v 3.6 3.5 -2.9
v 0.4 3.5 -3.1
v 0.5 3.5 -3.1
v 3.5 3.5 -3.1
v 3.6 3.5 -3.1
v 0.5 3.5 -3.2
v 3.5 3.5 -3.2
v 3.6 3.5 -3.2
v 0.4 3.5 -3.3
v 0.5 3.5 -3.3
v 3.5 3.5 -3.3
v 3.6 3.5 -3.3
v 0.3 3.5 -3.4
v 0.4 3.5 -3.4
v 0.5 3.5 -3.4
v 3.5 3.5 -3.4
v 3.6 3.5 -3.4
v 3.7 3.5 -3.4
v 0.3 3.5 -3.5
v 0.4 3.5 -3.5
v 0.5 3.5 -3.5
v 0.6 3.5 -3.5
v 0.7 3.5 -3.5
v 1 3.5 -3.5
v 1.1 3.5 -3.5
v 1.5 3.5 -3.5
v 1.7 3.5 -3.5
v 1.9 3.5 -3.5
v 2.5 3.5 -3.5
v 3.3 3.5 -3.5
v 3.4 3.5 -3.5
v 3.5 3.5 -3.5
v 3.6 3.5 -3.5
v 3.7 3.5 -3.5
v 0.3 3.5 -3.6
v 0.4 3.5 -3.6
v 0.5 3.5 -3.6
v 0.6 3.5 -3.6
v 0.7 3.5 -3.6
v 1.1 3.5 -3.6
v 1.5 3.5 -3.6
v 1.7 3.5 -3.6
v 1.9 3.5 -3.6
v 2.5 3.5 -3.6
v 3.3 3.5 -3.6
v 3.4 3.5 -3.6
v 3.5 3.5 -3.6
v 3.6 3.5 -3.6
v 3.7 3.5 -3.6
v 0.4 3.5 -3.7
v 0.5 3.5 -3.7
v 0.6 3.5 -3.7
v 3.4 3.5 -3.7
v 3.5 3.5 -3.7
v 3.6 3.5 -3.7
v 2.2 3.6 -3.4
v 2.3 3.6 -3.4
v 2.2 3.6 -3.5
v 2.3 3.6 -3.5
v 0.4 3.8 -0.3
v 0.5 3.8 -0.3
v 0.7 3.8 -0.3
v 0.9 3.8 -0.3
v 1 3.8 -0.3
v 1.1 3.8 -0.3
v 1.2 3.8 -0.3
v 1.4 3.8 -0.3
v 1.5 3.8 -0.3
v 1.7 3.8 -0.3
v 1.8 3.8 -0.3
v 1.9 3.8 -0.3
v 2 3.8 -0.3
v 2.2 3.8 -0.3
v 2.4 3.8 -0.3
v 2.5 3.8 -0.3
v 2.6 3.8 -0.3
v 2.7 3.8 -0.3
v 2.8 3.8 -0.3
v 2.9 3.8 -0.3
v 3 3.8 -0.3
v 3.1 3.8 -0.3
v 3.2 3.8 -0.3
v 3.3 3.8 -0.3
v 3.4 3.8 -0.3
v 3.5 3.8 -0.3
v 3.6 3.8 -0.3
v 0.3 3.8 -0.4
v 0.4 3.8 -0.4
v 0.5 3.8 -0.4
v 0.6 3.8 -0.4
v 0.7 3.8 -0.4
v 0.8 3.8 -0.4
v 0.9 3.8 -0.4
v 1 3.8 -0.4
v 1.1 3.8 -0.4
v 1.2 3.8 -0.4
v 1.3 3.8 -0.4
v 1.4 3.8 -0.4
v 1.5 3.8 -0.4
v 1.6 3.8 -0.4
v 1.7 3.8 -0.4
v 1.8 3.8 -0.4
v 1.9 3.8 -0.4
v 2 3.8 -0.4
v 2.2 3.8 -0.4
v 2.3 3.8 -0.4
v 2.4 3.8 -0.4
v 2.5 3.8 -0.4
v 2.6 3.8 -0.4
v 2.7 3.8 -0.4
v 2.8 3.8 -0.4
v 2.9 3.8 -0.4
v 3 3.8 -0.4
v 3.1 3.8 -0.4
v 3.2 3.8 -0.4
v 3.3 3.8 -0.4
v 3.4 3.8 -0.4
v 3.5 3.8 -0.4
v 3.6 3.8 -0.4
v 3.7 3.8 -0.4
v 0.3 3.8 -0.5
v 0.4 3.8 -0.5
v 3.6 3.8 -0.5
v 3.7 3.8 -0.5
v 0.3 3.8 -0.6
v 0.4 3.8 -0.6
v 3.6 3.8 -0.6
v 3.7 3.8 -0.6
v 0.3 3.8 -3.4
v 0.4 3.8 -3.4
v 3.6 3.8 -3.4
v 3.7 3.8 -3.4
v 0.3 3.8 -3.5
v 0.4 3.8 -3.5
v 3.6 3.8 -3.5
v 3.7 3.8 -3.5
v 0.3 3.8 -3.6
v 0.4 3.8 -3.6
v 0.5 3.8 -3.6
v 0.6 3.8 -3.6
v 0.7 3.8 -3.6
v 0.8 3.8 -3.6
v 0.9 3.8 -3.6
v 1 3.8 -3.6
v 1.1 3.8 -3.6
v 1.2 3.8 -3.6
v 1.3 3.8 -3.6
v 1.4 3.8 -3.6
v 1.5 3.8 -3.6
v 1.6 3.8 -3.6
v 1.7 3.8 -3.6
v 1.8 3.8 -3.6
v 2 3.8 -3.6
v 2.1 3.8 -3.6
v 2.2 3.8 -3.6
v 2.3 3.8 -3.6
v 2.4 3.8 -3.6
v 2.5 3.8 -3.6
v 2.6 3.8 -3.6
v 2.7 3.8 -3.6
v 2.8 3.8 -3.6
v 2.9 3.8 -3.6
v 3 3.8 -3.6
v 3.1 3.8 -3.6
v 3.2 3.8 -3.6
v 3.3 3.8 -3.6
v 3.4 3.8 -3.6
v 3.5 3.8 -3.6
v 3.6 3.8 -3.6
v 3.7 3.8 -3.6
v 0.4 3.8 -3.7
v 0.5 3.8 -3.7
v 0.6 3.8 -3.7
v 0.7 3.8 -3.7
v 0.8 3.8 -3.7
v 0.9 3.8 -3.7
v 1 3.8 -3.7
v 1.1 3.8 -3.7
v 1.2 3.8 -3.7
v 1.3 3.8 -3.7
v 1.4 3.8 -3.7
v 1.5 3.8 -3.7
v 1.6 3.8 -3.7
v 1.7 3.8 -3.7
v 1.8 3.8 -3.7
v 2 3.8 -3.7
v 2.2 3.8 -3.7
v 2.3 3.8 -3.7
v 2.4 3.8 -3.7
v 2.5 3.8 -3.7
v 2.8 3.8 -3.7
v 2.9 3.8 -3.7
v 3 3.8 -3.7
v 3.1 3.8 -3.7
v 3.3 3.8 -3.7
v 3.5 3.8 -3.7
v 3.6 3.8 -3.7
v 0.4 3.9 -0.4
v 0.5 3.9 -0.4
v 0.6 3.9 -0.4
v 0.7 3.9 -0.4
v 0.8 3.9 -0.4
v 0.9 3.9 -0.4
v 1 3.9 -0.4
v 1.1 3.9 -0.4
v 1.2 3.9 -0.4
v 1.3 3.9 -0.4
v 1.5 3.9 -0.4
v 1.6 3.9 -0.4
v 1.8 3.9 -0.4
v 2 3.9 -0.4
v 2.3 3.9 -0.4
v 2.4 3.9 -0.4
v 2.5 3.9 -0.4
v 2.6 3.9 -0.4
v 2.7 3.9 -0.4
v 2.8 3.9 -0.4
v 2.9 3.9 -0.4
v 3 3.9 -0.4
v 3.1 3.9 -0.4
v 3.2 3.9 -0.4
v 3.3 3.9 -0.4
v 3.4 3.9 -0.4
v 3.5 3.9 -0.4
v 3.6 3.9 -0.4
v 0.4 3.9 -0.5
v 0.5 3.9 -0.5
v 0.6 3.9 -0.5
v 0.7 3.9 -0.5
v 0.8 3.9 -0.5
v 0.9 3.9 -0.5
v 1 3.9 -0.5
v 1.1 3.9 -0.5
v 1.2 3.9 -0.5
v 1.3 3.9 -0.5
v 1.4 3.9 -0.5
v 1.5 3.9 -0.5
v 1.6 3.9 -0.5
v 1.8 3.9 -0.5
v 2 3.9 -0.5
v 2.1 3.9 -0.5
v 2.3 3.9 -0.5
v 2.4 3.9 -0.5
v 2.5 3.9 -0.5
v 2.6 3.9 -0.5
v 2.7 3.9 -0.5
v 2.8 3.9 -0.5
v 2.9 3.9 -0.5
v 3 3.9 -0.5
v 3.1 3.9 -0.5
v 3.2 3.9 -0.5
v 3.3 3.9 -0.5
v 3.4 3.9 -0.5
v 3.5 3.9 -0.5
v 3.6 3.9 -0.5
v 0.3 3.9 -0.6
v 0.4 3.9 -0.6
v 0.5 3.9 -0.6
v 3.5 3.9 -0.6
v 3.6 3.9 -0.6
v 3.7 3.9 -0.6
v 0.3 3.9 -0.7
v 0.4 3.9 -0.7
v 0.5 3.9 -0.7
v 3.5 3.9 -0.7
v 3.6 3.9 -0.7
v 3.7 3.9 -0.7
v 0.3 3.9 -0.8
v 0.4 3.9 -0.8
v 0.5 3.9 -0.8
v 0.6 3.9 -0.8
v 3.4 3.9 -0.8
v 3.5 3.9 -0.8
v 3.6 3.9 -0.8
v 3.7 3.9 -0.8
v 0.3 3.9 -0.9
v 0.4 3.9 -0.9
v 0.5 3.9 -0.9
v 0.6 3.9 -0.9
v 3.4 3.9 -0.9
v 3.5 3.9 -0.9
v 3.6 3.9 -0.9
v 0.3 3.9 -1
v 0.4 3.9 -1
v 0.5 3.9 -1
v 0.6 3.9 -1
v 3.4 3.9 -1
v 3.5 3.9 -1
v 3.6 3.9 -1
v 3.7 3.9 -1
v 0.3 3.9 -1.1
v 0.4 3.9 -1.1
v 0.5 3.9 -1.1
v 0.6 3.9 -1.1
v 3.4 3.9 -1.1
v 3.5 3.9 -1.1
v 3.6 3.9 -1.1
v 0.5 3.9 -1.2
v 0.6 3.9 -1.2
v 3.4 3.9 -1.2
v 3.5 3.9 -1.2
v 3.6 3.9 -1.2
v 3.7 3.9 -1.2
v 0.6 3.9 -1.3
v 3.4 3.9 -1.3
v 3.5 3.9 -1.3
v 3.6 3.9 -1.3
v 3.7 3.9 -1.3
v 0.3 3.9 -1.4
v 0.4 3.9 -1.4
v 0.5 3.9 -1.4
v 0.6 3.9 -1.4
v 0.3 3.9 -1.5
v 0.4 3.9 -1.5
v 0.6 3.9 -1.5
v 3.4 3.9 -1.5
v 3.5 3.9 -1.5
v 3.6 3.9 -1.5
v 0.3 3.9 -1.6
v 0.4 3.9 -1.6
v 0.6 3.9 -1.6
v 3.4 3.9 -1.6
v 3.5 3.9 -1.6
v 3.6 3.9 -1.6
v 3.7 3.9 -1.6
v 3.6 3.9 -1.7
v 3.7 3.9 -1.7
v 0.3 3.9 -1.8
v 0.4 3.9 -1.8
v 3.4 3.9 -1.8
v 3.5 3.9 -1.8
v 3.6 3.9 -1.8
v 3.7 3.9 -1.8
v 0.4 3.9 -1.9
v 0.5 3.9 -1.9
v 0.6 3.9 -1.9
v 3.4 3.9 -1.9
v 3.5 3.9 -1.9
v 3.6 3.9 -1.9
v 0.3 3.9 -2
v 0.4 3.9 -2
v 0.5 3.9 -2
v 0.6 3.9 -2
v 3.4 3.9 -2
v 3.5 3.9 -2
v 3.6 3.9 -2
v 0.3 3.9 -2.1
v 0.4 3.9 -2.1
v 0.5 3.9 -2.1
v 0.6 3.9 -2.1
v 3.4 3.9 -2.1
v 3.5 3.9 -2.1
v 3.6 3.9 -2.1
v 0.3 3.9 -2.2
v 0.4 3.9 -2.2
v 0.5 3.9 -2.2
v 0.6 3.9 -2.2
v 3.6 3.9 -2.2
v 3.7 3.9 -2.2
v 0.3 3.9 -2.3
v 0.4 3.9 -2.3
v 0.6 3.9 -2.3
v 0.3 3.9 -2.4
v 0.4 3.9 -2.4
v 0.5 3.9 -2.4
v 0.6 3.9 -2.4
v 3.4 3.9 -2.4
v 3.6 3.9 -2.4
v 3.7 3.9 -2.4
v 0.4 3.9 -2.5
v 0.5 3.9 -2.5
v 0.6 3.9 -2.5
v 3.4 3.9 -2.5
v 3.6 3.9 -2.5
v 3.7 3.9 -2.5
v 0.3 3.9 -2.6
v 0.4 3.9 -2.6
v 0.6 3.9 -2.6
v 3.4 3.9 -2.6
v 3.5 3.9 -2.6
v 3.6 3.9 -2.6
v 3.7 3.9 -2.6
v 0.3 3.9 -2.7
v 0.4 3.9 -2.7
v 0.5 3.9 -2.7
v 0.6 3.9 -2.7
v 3.4 3.9 -2.7
v 0.5 3.9 -2.8
v 0.6 3.9 -2.8
v 3.4 3.9 -2.8
v 3.5 3.9 -2.8
v 0.4 3.9 -2.9
v 0.5 3.9 -2.9
v 0.6 3.9 -2.9
v 3.4 3.9 -2.9
v 3.5 3.9 -2.9
v 3.6 3.9 -2.9
v 3.7 3.9 -2.9
v 0.3 3.9 -3
v 0.4 3.9 -3
v 0.5 3.9 -3
v 0.6 3.9 -3
v 3.4 3.9 -3
v 3.5 3.9 -3
v 3.6 3.9 -3
v 3.7 3.9 -3
v 0.4 3.9 -3.1
v 0.5 3.9 -3.1
v 0.6 3.9 -3.1
v 3.4 3.9 -3.1
v 3.5 3.9 -3.1
v 3.6 3.9 -3.1
v 3.7 3.9 -3.1
v 0.3 3.9 -3.2
v 0.4 3.9 -3.2
v 0.5 3.9 -3.2
v 0.6 3.9 -3.2
v 3.4 3.9 -3.2
v 3.5 3.9 -3.2
v 3.6 3.9 -3.2
v 3.7 3.9 -3.2
v 0.3 3.9 -3.3
v 0.4 3.9 -3.3
v 0.5 3.9 -3.3
v 3.5 3.9 -3.3
v 3.6 3.9 -3.3
v 3.7 3.9 -3.3
v 0.3 3.9 -3.4
v 0.4 3.9 -3.4
v 0.5 3.9 -3.4
v 3.5 3.9 -3.4
v 3.6 3.9 -3.4
v 3.7 3.9 -3.4
v 0.4 3.9 -3.5
v 0.5 3.9 -3.5
v 0.6 3.9 -3.5
v 0.7 3.9 -3.5
v 0.8 3.9 -3.5
v 0.9 3.9 -3.5
v 1 3.9 -3.5
v 1.1 3.9 -3.5
v 1.2 3.9 -3.5
v 1.4 3.9 -3.5
v 1.6 3.9 -3.5
v 1.7 3.9 -3.5
v 1.8 3.9 -3.5
v 1.9 3.9 -3.5
v 2.1 3.9 -3.5
v 2.2 3.9 -3.5
v 2.3 3.9 -3.5
v 2.4 3.9 -3.5
v 2.5 3.9 -3.5
v 2.6 3.9 -3.5
v 2.7 3.9 -3.5
v 2.8 3.9 -3.5
v 2.9 3.9 -3.5
v 3 3.9 -3.5
v 3.1 3.9 -3.5
v 3.2 3.9 -3.5
v 3.3 3.9 -3.5
v 3.4 3.9 -3.5
v 3.5 3.9 -3.5
v 3.6 3.9 -3.5
v 0.4 3.9 -3.6
v 0.5 3.9 -3.6
v 0.6 3.9 -3.6
v 0.7 3.9 -3.6
v 0.8 3.9 -3.6
v 0.9 3.9 -3.6
v 1 3.9 -3.6
v 1.1 3.9 -3.6
v 1.2 3.9 -3.6
v 1.4 3.9 -3.6
v 1.6 3.9 -3.6
v 1.7 3.9 -3.6
v 1.8 3.9 -3.6
v 2.1 3.9 -3.6
v 2.2 3.9 -3.6
v 2.3 3.9 -3.6
v 2.4 3.9 -3.6
v 2.5 3.9 -3.6
v 2.6 3.9 -3.6
v 2.7 3.9 -3.6
v 2.9 3.9 -3.6
v 3 3.9 -3.6
v 3.1 3.9 -3.6
v 3.2 3.9 -3.6
v 3.3 3.9 -3.6
v 3.4 3.9 -3.6
v 3.5 3.9 -3.6
v 3.6 3.9 -3.6
v 3.3 4 -1
v 3.4 4 -1
v 3.3 4 -1.1
v 3.4 4 -1.1
v 0.6 4 -1.2
v 0.7 4 -1.2
v 0.6 4 -1.3
v 0.7 4 -1.3
v 0.6 4 -1.4
v 0.7 4 -1.4
v 3.3 4 -1.4
v 3.4 4 -1.4
v 0.6 4 -1.5
v 0.7 4 -1.5
v 3.3 4 -1.5
v 3.4 4 -1.5
v 3.3 4 -1.6
v 3.4 4 -1.6
v 0.6 4 -2.4
v 0.7 4 -2.4
v 0.6 4 -2.5
v 0.7 4 -2.5
v 3.3 4 -2.5
v 3.4 4 -2.5
v 0.6 4 -2.6
v 0.7 4 -2.6
v 3.3 4 -2.6
v 3.4 4 -2.6
v 3.3 4 -2.7
v 3.4 4 -2.7
v 3.3 4 -2.8
v 3.4 4 -2.8
v 0.6 4 -2.9
v 0.7 4 -2.9
v 0.6 4 -3
v 0.7 4 -3
v 0.6 4.1 -0.8
v 0.7 4.1 -0.8
v 3.3 4.1 -0.8
v 3.4 4.1 -0.8
v 0.6 4.1 -0.9
v 0.7 4.1 -0.9
v 3.3 4.1 -1
v 3.4 4.1 -1
v 3.3 4.1 -1.1
v 3.4 4.1 -1.1
v 0.6 4.1 -1.2
v 0.7 4.1 -1.2
v 0.7 4.1 -1.3
v 0.8 4.1 -1.3
v 3.3 4.1 -1.3
v 3.4 4.1 -1.3
v 3.3 4.1 -1.4
v 3.4 4.1 -1.4
v 0.6 4.1 -1.5
v 0.7 4.1 -1.5
v 0.8 4.1 -1.5
v 0.6 4.1 -1.6
v 0.7 4.1 -1.6
v 3.2 4.1 -1.6
v 3.3 4.1 -1.6
v 3.4 4.1 -1.6
v 0.6 4.1 -1.7
v 0.7 4.1 -1.7
v 3.2 4.1 -1.7
v 3.3 4.1 -1.7
v 3.3 4.1 -1.8
v 3.4 4.1 -1.8
v 3.3 4.1 -1.9
v 3.4 4.1 -1.9
v 3.3 4.1 -2.1
v 3.4 4.1 -2.1
v 3.3 4.1 -2.2
v 3.4 4.1 -2.2
v 0.6 4.1 -2.3
v 0.7 4.1 -2.3
v 3.3 4.1 -2.3
v 3.4 4.1 -2.3
v 0.6 4.1 -2.4
v 0.7 4.1 -2.4
v 3.3 4.1 -2.4
v 3.4 4.1 -2.4
v 0.7 4.1 -2.5
v 0.8 4.1 -2.5
v 3.3 4.1 -2.5
v 3.4 4.1 -2.5
v 0.6 4.1 -2.6
v 0.7 4.1 -2.6
v 0.8 4.1 -2.7
v 0.8 4.1 -2.8
v 3.3 4.1 -2.8
v 3.4 4.1 -2.8
v 0.6 4.1 -2.9
v 0.7 4.1 -2.9
v 3.3 4.1 -2.9
v 3.4 4.1 -2.9
v 0.6 4.1 -3
v 0.7 4.1 -3
v 0.8 4.1 -3
v 0.6 4.1 -3.2
v 0.7 4.1 -3.2
v 3.3 4.1 -3.2
v 3.4 4.1 -3.2
v 0.5 4.2 -0.5
v 0.6 4.2 -0.5
v 0.8 4.2 -0.5
v 0.9 4.2 -0.5
v 1 4.2 -0.5
v 1.1 4.2 -0.5
v 1.2 4.2 -0.5
v 1.4 4.2 -0.5
v 1.5 4.2 -0.5
v 1.6 4.2 -0.5
v 1.7 4.2 -0.5
v 1.9 4.2 -0.5
v 2 4.2 -0.5
v 2.3 4.2 -0.5
v 2.7 4.2 -0.5
v 2.8 4.2 -0.5
v 2.9 4.2 -0.5
v 3 4.2 -0.5
v 3.1 4.2 -0.5
v 3.2 4.2 -0.5
v 3.3 4.2 -0.5
v 3.4 4.2 -0.5
v 3.5 4.2 -0.5
v 0.4 4.2 -0.6
v 0.5 4.2 -0.6
v 0.6 4.2 -0.6
v 0.7 4.2 -0.6
v 0.8 4.2 -0.6
v 0.9 4.2 -0.6
v 1 4.2 -0.6
v 1.1 4.2 -0.6
v 1.2 4.2 -0.6
v 1.3 4.2 -0.6
v 1.4 4.2 -0.6
v 1.5 4.2 -0.6
v 1.6 4.2 -0.6
v 1.7 4.2 -0.6
v 1.9 4.2 -0.6
v 2 4.2 -0.6
v 2.1 4.2 -0.6
v 2.3 4.2 -0.6
v 2.5 4.2 -0.6
v 2.7 4.2 -0.6
v 2.8 4.2 -0.6
v 2.9 4.2 -0.6
v 3 4.2 -0.6
v 3.1 4.2 -0.6
v 3.2 4.2 -0.6
v 3.3 4.2 -0.6
v 3.4 4.2 -0.6
v 3.5 4.2 -0.6
v 3.6 4.2 -0.6
v 0.4 4.2 -0.7
v 0.5 4.2 -0.7
v 3.5 4.2 -0.7
v 3.6 4.2 -0.7
v 0.6 4.2 -1.7
v 0.7 4.2 -1.7
v 0.6 4.2 -1.9
v 0.7 4.2 -1.9
v 0.7 4.2 -2
v 0.6 4.2 -2.1
v 0.7 4.2 -2.1
v 0.6 4.2 -2.2
v 0.7 4.2 -2.2
v 0.6 4.2 -2.3
v 0.7 4.2 -2.3
v 0.4 4.2 -3.3
v 0.5 4.2 -3.3
v 3.5 4.2 -3.3
v 3.6 4.2 -3.3
v 0.4 4.2 -3.4
v 0.5 4.2 -3.4
v 0.7 4.2 -3.4
v 0.8 4.2 -3.4
v 0.9 4.2 -3.4
v 1 4.2 -3.4
v 1.1 4.2 -3.4
v 1.3 4.2 -3.4
v 1.4 4.2 -3.4
v 1.5 4.2 -3.4
v 1.6 4.2 -3.4
v 1.7 4.2 -3.4
v 1.9 4.2 -3.4
v 2 4.2 -3.4
v 2.1 4.2 -3.4
v 2.3 4.2 -3.4
v 2.4 4.2 -3.4
v 2.5 4.2 -3.4
v 2.6 4.2 -3.4
v 2.7 4.2 -3.4
v 2.8 4.2 -3.4
v 2.9 4.2 -3.4
v 3 4.2 -3.4
v 3.1 4.2 -3.4
v 3.2 4.2 -3.4
v 3.3 4.2 -3.4
v 3.4 4.2 -3.4
v 3.5 4.2 -3.4
v 3.6 4.2 -3.4
v 0.5 4.2 -3.5
v 0.7 4.2 -3.5
v 0.8 4.2 -3.5
v 0.9 4.2 -3.5
v 1 4.2 -3.5
v 1.1 4.2 -3.5
v 1.3 4.2 -3.5
v 1.4 4.2 -3.5
v 1.5 4.2 -3.5
v 1.6 4.2 -3.5
v 1.7 4.2 -3.5
v 1.9 4.2 -3.5
v 2 4.2 -3.5
v 2.3 4.2 -3.5
v 2.4 4.2 -3.5
v 2.5 4.2 -3.5
v 2.6 4.2 -3.5
v 2.9 4.2 -3.5
v 3 4.2 -3.5
v 3.1 4.2 -3.5
v 3.2 4.2 -3.5
v 3.4 4.2 -3.5
v 3.5 4.2 -3.5
v 3.3 4.3 -1.3
v 3.4 4.3 -1.3
v 3.3 4.3 -1.5
v 3.3 4.3 -1.6
v 3.4 4.3 -1.6
v 0.6 4.3 -2.4
v 0.7 4.3 -2.4
v 0.6 4.3 -2.5
v 0.7 4.3 -2.5
v 0.6 4.3 -2.6
v 0.7 4.3 -2.6
v 0.6 4.3 -2.7
v 0.7 4.3 -2.7
v 0.6 4.4 -0.9
v 0.7 4.4 -0.9
v 3.3 4.4 -0.9
v 3.4 4.4 -0.9
v 0.6 4.4 -1.1
v 0.7 4.4 -1.1
v 3.3 4.4 -1.1
v 3.4 4.4 -1.1
v 0.7 4.4 -1.2
v 3.3 4.4 -1.3
v 3.4 4.4 -1.3
v 0.7 4.4 -1.4
v 0.6 4.4 -1.5
v 0.7 4.4 -1.5
v 0.6 4.4 -1.6
v 0.7 4.4 -1.6
v 3.3 4.4 -1.6
v 3.4 4.4 -1.6
v 3.3 4.4 -1.8
v 3.4 4.4 -1.8
v 0.7 4.4 -2.4
v 0.8 4.4 -2.4
v 3.3 4.4 -2.4
v 3.4 4.4 -2.4
v 0.7 4.4 -2.5
v 0.8 4.4 -2.5
v 0.7 4.4 -2.6
v 0.8 4.4 -2.6
v 0.6 4.4 -2.7
v 0.7 4.4 -2.7
v 0.6 4.4 -2.8
v 0.7 4.4 -2.8
v 3.3 4.4 -2.8
v 3.4 4.4 -2.8
v 0.6 4.4 -3.1
v 0.7 4.4 -3.1
v 3.3 4.4 -3.1
v 3.4 4.4 -3.1
v 0.5 4.5 -0.6
v 0.6 4.5 -0.6
v 0.7 4.5 -0.6
v 0.9 4.5 -0.6
v 1 4.5 -0.6
v 1.1 4.5 -0.6
v 1.3 4.5 -0.6
v 1.6 4.5 -0.6
v 1.7 4.5 -0.6
v 1.9 4.5 -0.6
v 2.3 4.5 -0.6
v 2.4 4.5 -0.6
v 2.5 4.5 -0.6
v 2.6 4.5 -0.6
v 2.7 4.5 -0.6
v 2.8 4.5 -0.6
v 3 4.5 -0.6
v 3.2 4.5 -0.6
v 3.4 4.5 -0.6
v 3.5 4.5 -0.6
v 0.4 4.5 -0.7
v 0.5 4.5 -0.7
v 0.6 4.5 -0.7
v 0.7 4.5 -0.7
v 0.8 4.5 -0.7
v 0.9 4.5 -0.7
v 1 4.5 -0.7
v 1.1 4.5 -0.7
v 1.2 4.5 -0.7
v 1.3 4.5 -0.7
v 1.4 4.5 -0.7
v 1.6 4.5 -0.7
v 1.7 4.5 -0.7
v 1.9 4.5 -0.7
v 2.2 4.5 -0.7
v 2.3 4.5 -0.7
v 2.4 4.5 -0.7
v 2.5 4.5 -0.7
v 2.6 4.5 -0.7
v 2.7 4.5 -0.7
v 2.8 4.5 -0.7
v 3 4.5 -0.7
v 3.2 4.5 -0.7
v 3.3 4.5 -0.7
v 3.4 4.5 -0.7
v 3.5 4.5 -0.7
v 3.6 4.5 -0.7
v 0.4 4.5 -0.8
v 0.5 4.5 -0.8
v 3.5 4.5 -0.8
v 3.6 4.5 -0.8
v 0.4 4.5 -3.2
v 0.5 4.5 -3.2
v 3.5 4.5 -3.2
v 3.6 4.5 -3.2
v 0.4 4.5 -3.3
v 0.5 4.5 -3.3
v 0.6 4.5 -3.3
v 0.7 4.5 -3.3
v 0.8 4.5 -3.3
v 1 4.5 -3.3
v 1.2 4.5 -3.3
v 1.3 4.5 -3.3
v 1.4 4.5 -3.3
v 1.5 4.5 -3.3
v 1.6 4.5 -3.3
v 1.7 4.5 -3.3
v 1.8 4.5 -3.3
v 1.9 4.5 -3.3
v 2.1 4.5 -3.3
v 2.2 4.5 -3.3
v 2.4 4.5 -3.3
v 2.5 4.5 -3.3
v 2.6 4.5 -3.3
v 2.7 4.5 -3.3
v 2.8 4.5 -3.3
v 2.9 4.5 -3.3
v 3 4.5 -3.3
v 3.1 4.5 -3.3
v 3.2 4.5 -3.3
v 3.3 4.5 -3.3
v 3.4 4.5 -3.3
v 3.5 4.5 -3.3
v 3.6 4.5 -3.3
v 0.5 4.5 -3.4
v 0.6 4.5 -3.4
v 0.8 4.5 -3.4
v 1 4.5 -3.4
v 1.2 4.5 -3.4
v 1.3 4.5 -3.4
v 1.4 4.5 -3.4
v 1.5 4.5 -3.4
v 1.7 4.5 -3.4
v 1.9 4.5 -3.4
v 2.1 4.5 -3.4
v 2.4 4.5 -3.4
v 2.5 4.5 -3.4
v 2.6 4.5 -3.4
v 2.7 4.5 -3.4
v 3 4.5 -3.4
v 3.1 4.5 -3.4
v 3.3 4.5 -3.4
v 3.4 4.5 -3.4
v 3.5 4.5 -3.4
v 0.5 4.6 -0.7
v 0.6 4.6 -0.7
v 0.7 4.6 -0.7
v 0.8 4.6 -0.7
v 1.1 4.6 -0.7
v 1.2 4.6 -0.7
v 1.4 4.6 -0.7
v 1.6 4.6 -0.7
v 1.9 4.6 -0.7
v 2.2 4.6 -0.7
v 2.5 4.6 -0.7
v 2.7 4.6 -0.7
v 2.8 4.6 -0.7
v 3 4.6 -0.7
v 3.2 4.6 -0.7
v 3.3 4.6 -0.7
v 3.4 4.6 -0.7
v 3.5 4.6 -0.7
v 0.4 4.6 -0.8
v 0.5 4.6 -0.8
v 0.6 4.6 -0.8
v 0.7 4.6 -0.8
v 0.8 4.6 -0.8
v 1 4.6 -0.8
v 1.1 4.6 -0.8
v 1.2 4.6 -0.8
v 1.3 4.6 -0.8
v 1.4 4.6 -0.8
v 1.5 4.6 -0.8
v 1.6 4.6 -0.8
v 1.7 4.6 -0.8
v 1.8 4.6 -0.8
v 1.9 4.6 -0.8
v 2 4.6 -0.8
v 2.1 4.6 -0.8
v 2.2 4.6 -0.8
v 2.4 4.6 -0.8
v 2.5 4.6 -0.8
v 2.7 4.6 -0.8
v 2.8 4.6 -0.8
v 2.9 4.6 -0.8
v 3 4.6 -0.8
v 3.1 4.6 -0.8
v 3.2 4.6 -0.8
v 3.3 4.6 -0.8
v 3.4 4.6 -0.8
v 3.5 4.6 -0.8
v 3.6 4.6 -0.8
v 0.4 4.6 -0.9
v 0.5 4.6 -0.9
v 3.5 4.6 -0.9
v 3.6 4.6 -0.9
v 0.6 4.6 -1.3
v 0.7 4.6 -1.3
v 0.6 4.6 -1.4
v 0.7 4.6 -1.4
v 0.6 4.6 -1.6
v 0.7 4.6 -1.6
v 3.3 4.6 -2.4
v 3.4 4.6 -2.4
v 3.3 4.6 -2.6
v 3.4 4.6 -2.6
v 3.3 4.6 -2.7
v 3.4 4.6 -2.7
v 0.4 4.6 -3.1
v 0.5 4.6 -3.1
v 3.5 4.6 -3.1
v 3.6 4.6 -3.1
v 0.4 4.6 -3.2
v 0.5 4.6 -3.2
v 0.6 4.6 -3.2
v 0.7 4.6 -3.2
v 0.8 4.6 -3.2
v 1 4.6 -3.2
v 1.1 4.6 -3.2
v 1.2 4.6 -3.2
v 1.5 4.6 -3.2
v 1.6 4.6 -3.2
v 1.7 4.6 -3.2
v 1.8 4.6 -3.2
v 1.9 4.6 -3.2
v 2.1 4.6 -3.2
v 2.2 4.6 -3.2
v 2.3 4.6 -3.2
v 2.4 4.6 -3.2
v 2.5 4.6 -3.2
v 2.7 4.6 -3.2
v 2.8 4.6 -3.2
v 2.9 4.6 -3.2
v 3 4.6 -3.2
v 3.2 4.6 -3.2
v 3.3 4.6 -3.2
v 3.4 4.6 -3.2
v 3.5 4.6 -3.2
v 3.6 4.6 -3.2
v 0.5 4.6 -3.3
v 0.6 4.6 -3.3
v 0.7 4.6 -3.3
v 0.8 4.6 -3.3
v 1 4.6 -3.3
v 1.2 4.6 -3.3
v 1.5 4.6 -3.3
v 1.6 4.6 -3.3
v 1.7 4.6 -3.3
v 1.8 4.6 -3.3
v 2.2 4.6 -3.3
v 2.4 4.6 -3.3
v 2.8 4.6 -3.3
v 2.9 4.6 -3.3
v 3.2 4.6 -3.3
v 3.3 4.6 -3.3
v 3.4 4.6 -3.3
v 3.5 4.6 -3.3
v 0.5 4.7 -0.8
v 0.7 4.7 -0.8
v 1 4.7 -0.8
v 1.1 4.7 -0.8
v 1.3 4.7 -0.8
v 1.5 4.7 -0.8
v 1.7 4.7 -0.8
v 1.8 4.7 -0.8
v 2 4.7 -0.8
v 2.1 4.7 -0.8
v 2.4 4.7 -0.8
v 2.5 4.7 -0.8
v 2.7 4.7 -0.8
v 2.8 4.7 -0.8
v 2.9 4.7 -0.8
v 3.1 4.7 -0.8
v 3.2 4.7 -0.8
v 3.4 4.7 -0.8
v 3.5 4.7 -0.8
v 0.4 4.7 -0.9
v 0.5 4.7 -0.9
v 0.7 4.7 -0.9
v 0.8 4.7 -0.9
v 1 4.7 -0.9
v 1.1 4.7 -0.9
v 1.2 4.7 -0.9
v 1.3 4.7 -0.9
v 1.4 4.7 -0.9
v 1.5 4.7 -0.9
v 1.7 4.7 -0.9
v 1.8 4.7 -0.9
v 1.9 4.7 -0.9
v 2 4.7 -0.9
v 2.1 4.7 -0.9
v 2.3 4.7 -0.9
v 2.4 4.7 -0.9
v 2.5 4.7 -0.9
v 2.6 4.7 -0.9
v 2.7 4.7 -0.9
v 2.8 4.7 -0.9
v 2.9 4.7 -0.9
v 3 4.7 -0.9
v 3.1 4.7 -0.9
v 3.2 4.7 -0.9
v 3.3 4.7 -0.9
v 3.4 4.7 -0.9
v 3.5 4.7 -0.9
v 3.6 4.7 -0.9
v 0.4 4.7 -1
v 0.5 4.7 -1
v 3.5 4.7 -1
v 3.6 4.7 -1
v 0.6 4.7 -1.2
v 0.7 4.7 -1.2
v 3.3 4.7 -1.2
v 3.4 4.7 -1.2
v 0.6 4.7 -1.3
v 0.7 4.7 -1.3
v 0.8 4.7 -1.3
v 3.3 4.7 -1.3
v 0.7 4.7 -1.5
v 0.8 4.7 -1.5
v 3.3 4.7 -1.7
v 3.4 4.7 -1.7
v 3.3 4.7 -2
v 3.4 4.7 -2
v 3.3 4.7 -2.3
v 3.4 4.7 -2.3
v 0.6 4.7 -2.4
v 0.7 4.7 -2.4
v 3.3 4.7 -2.4
v 3.4 4.7 -2.4
v 0.7 4.7 -2.7
v 3.3 4.7 -2.7
v 3.4 4.7 -2.7
v 0.6 4.7 -2.8
v 0.7 4.7 -2.8
v 3.3 4.7 -2.8
v 3.4 4.7 -2.8
v 0.4 4.7 -3
v 0.5 4.7 -3
v 3.5 4.7 -3
v 3.6 4.7 -3
v 0.4 4.7 -3.1
v 0.5 4.7 -3.1
v 0.6 4.7 -3.1
v 0.7 4.7 -3.1
v 0.9 4.7 -3.1
v 1 4.7 -3.1
v 1.1 4.7 -3.1
v 1.2 4.7 -3.1
v 1.3 4.7 -3.1
v 1.4 4.7 -3.1
v 1.5 4.7 -3.1
v 1.6 4.7 -3.1
v 1.9 4.7 -3.1
v 2 4.7 -3.1
v 2.1 4.7 -3.1
v 2.2 4.7 -3.1
v 2.3 4.7 -3.1
v 2.4 4.7 -3.1
v 2.5 4.7 -3.1
v 2.7 4.7 -3.1
v 2.8 4.7 -3.1
v 2.9 4.7 -3.1
v 3 4.7 -3.1
v 3.2 4.7 -3.1
v 3.3 4.7 -3.1
v 3.5 4.7 -3.1
v 3.6 4.7 -3.1
v 0.5 4.7 -3.2
v 0.6 4.7 -3.2
v 1.1 4.7 -3.2
v 1.2 4.7 -3.2
v 1.6 4.7 -3.2
v 1.9 4.7 -3.2
v 2.1 4.7 -3.2
v 2.2 4.7 -3.2
v 2.3 4.7 -3.2
v 2.5 4.7 -3.2
v 2.7 4.7 -3.2
v 2.9 4.7 -3.2
v 3 4.7 -3.2
v 3.3 4.7 -3.2
v 3.5 4.7 -3.2
v 0.5 4.9 -0.9
v 0.6 4.9 -0.9
v 0.7 4.9 -0.9
v 0.8 4.9 -0.9
v 0.9 4.9 -0.9
v 1.1 4.9 -0.9
v 1.2 4.9 -0.9
v 1.3 4.9 -0.9
v 1.6 4.9 -0.9
v 1.7 4.9 -0.9
v 1.9 4.9 -0.9
v 2 4.9 -0.9
v 2.3 4.9 -0.9
v 2.4 4.9 -0.9
v 2.5 4.9 -0.9
v 2.7 4.9 -0.9
v 2.8 4.9 -0.9
v 3.1 4.9 -0.9
v 3.2 4.9 -0.9
v 3.3 4.9 -0.9
v 3.4 4.9 -0.9
v 3.5 4.9 -0.9
v 0.4 4.9 -1
v 0.5 4.9 -1
v 0.6 4.9 -1
v 0.7 4.9 -1
v 0.8 4.9 -1
v 0.9 4.9 -1
v 1.1 4.9 -1
v 1.2 4.9 -1
v 1.3 4.9 -1
v 1.4 4.9 -1
v 1.6 4.9 -1
v 1.7 4.9 -1
v 1.9 4.9 -1
v 2 4.9 -1
v 2.2 4.9 -1
v 2.3 4.9 -1
v 2.4 4.9 -1
v 2.5 4.9 -1
v 2.7 4.9 -1
v 2.8 4.9 -1
v 3.1 4.9 -1
v 3.2 4.9 -1
v 3.3 4.9 -1
v 3.4 4.9 -1
v 3.5 4.9 -1
v 3.6 4.9 -1
v 0.4 4.9 -1.1
v 0.5 4.9 -1.1
v 3.5 4.9 -1.1
v 3.6 4.9 -1.1
v 3.3 4.9 -1.6
v 3.4 4.9 -1.6
v 3.3 4.9 -1.9
v 3.4 4.9 -1.9
v 0.6 4.9 -2.1
v 0.7 4.9 -2.1
v 0.8 4.9 -2.1
v 0.6 4.9 -2.3
v 0.7 4.9 -2.3
v 0.8 4.9 -2.3
v 0.6 4.9 -2.4
v 0.7 4.9 -2.4
v 0.4 4.9 -2.9
v 0.5 4.9 -2.9
v 3.5 4.9 -2.9
v 3.6 4.9 -2.9
v 0.4 4.9 -3
v 0.5 4.9 -3
v 0.6 4.9 -3
v 0.7 4.9 -3
v 0.8 4.9 -3
v 0.9 4.9 -3
v 1.2 4.9 -3
v 1.3 4.9 -3
v 1.5 4.9 -3
v 1.6 4.9 -3
v 1.7 4.9 -3
v 1.8 4.9 -3
v 1.9 4.9 -3
v 2 4.9 -3
v 2.1 4.9 -3
v 2.2 4.9 -3
v 2.3 4.9 -3
v 2.5 4.9 -3
v 2.6 4.9 -3
v 2.7 4.9 -3
v 2.8 4.9 -3
v 2.9 4.9 -3
v 3.1 4.9 -3
v 3.2 4.9 -3
v 3.3 4.9 -3
v 3.4 4.9 -3
v 3.5 4.9 -3
v 3.6 4.9 -3
v 0.5 4.9 -3.1
v 0.6 4.9 -3.1
v 0.7 4.9 -3.1
v 0.8 4.9 -3.1
v 0.9 4.9 -3.1
v 1.2 4.9 -3.1
v 1.3 4.9 -3.1
v 1.5 4.9 -3.1
v 1.6 4.9 -3.1
v 1.7 4.9 -3.1
v 1.8 4.9 -3.1
v 2 4.9 -3.1
v 2.2 4.9 -3.1
v 2.3 4.9 -3.1
v 2.6 4.9 -3.1
v 2.7 4.9 -3.1
v 2.8 4.9 -3.1
v 2.9 4.9 -3.1
v 3.1 4.9 -3.1
v 3.2 4.9 -3.1
v 3.3 4.9 -3.1
v 3.4 4.9 -3.1
v 3.5 4.9 -3.1
v 0.5 5 -1
v 0.7 5 -1
v 0.8 5 -1
v 0.9 5 -1
v 1.1 5 -1
v 1.2 5 -1
v 1.4 5 -1
v 1.7 5 -1
v 2 5 -1
v 2.2 5 -1
v 2.4 5 -1
v 2.5 5 -1
v 3.1 5 -1
v 3.5 5 -1
v 0.4 5 -1.1
v 0.5 5 -1.1
v 0.6 5 -1.1
v 0.7 5 -1.1
v 0.8 5 -1.1
v 0.9 5 -1.1
v 1 5 -1.1
v 1.1 5 -1.1
v 1.2 5 -1.1
v 1.3 5 -1.1
v 1.4 5 -1.1
v 1.6 5 -1.1
v 1.7 5 -1.1
v 1.8 5 -1.1
v 1.9 5 -1.1
v 2 5 -1.1
v 2.2 5 -1.1
v 2.4 5 -1.1
v 2.5 5 -1.1
v 2.6 5 -1.1
v 2.7 5 -1.1
v 2.8 5 -1.1
v 2.9 5 -1.1
v 3 5 -1.1
v 3.1 5 -1.1
v 3.2 5 -1.1
v 3.4 5 -1.1
v 3.5 5 -1.1
v 3.6 5 -1.1
v 0.4 5 -1.2
v 0.5 5 -1.2
v 3.5 5 -1.2
v 3.6 5 -1.2
v 0.6 5 -1.5
v 0.7 5 -1.5
v 3.3 5 -1.5
v 3.4 5 -1.5
v 3.3 5 -1.6
v 3.4 5 -1.6
v 3.2 5 -1.7
v 3.3 5 -1.7
v 3.2 5 -1.9
v 3.3 5 -1.9
v 3.4 5 -1.9
v 0.6 5 -2
v 0.7 5 -2
v 0.6 5 -2.1
v 0.7 5 -2.1
v 0.8 5 -2.1
v 0.9 5 -2.1
v 0.9 5 -2.2
v 0.8 5 -2.3
v 0.9 5 -2.3
v 0.6 5 -2.4
v 0.7 5 -2.4
v 3.3 5 -2.4
v 3.4 5 -2.4
v 0.6 5 -2.5
v 0.7 5 -2.5
v 3.3 5 -2.5
v 3.4 5 -2.5
v 0.4 5 -2.8
v 0.5 5 -2.8
v 3.5 5 -2.8
v 3.6 5 -2.8
v 0.4 5 -2.9
v 0.5 5 -2.9
v 0.6 5 -2.9
v 0.8 5 -2.9
v 0.9 5 -2.9
v 1 5 -2.9
v 1.1 5 -2.9
v 1.2 5 -2.9
v 1.3 5 -2.9
v 1.4 5 -2.9
v 1.5 5 -2.9
v 1.7 5 -2.9
v 1.8 5 -2.9
v 1.9 5 -2.9
v 2.1 5 -2.9
v 2.3 5 -2.9
v 2.5 5 -2.9
v 2.7 5 -2.9
v 2.8 5 -2.9
v 2.9 5 -2.9
v 3 5 -2.9
v 3.1 5 -2.9
v 3.2 5 -2.9
v 3.3 5 -2.9
v 3.4 5 -2.9
v 3.5 5 -2.9
v 3.6 5 -2.9
v 0.5 5 -3
v 0.9 5 -3
v 1.3 5 -3
v 1.5 5 -3
v 1.7 5 -3
v 1.8 5 -3
v 1.9 5 -3
v 2.1 5 -3
v 2.5 5 -3
v 2.8 5 -3
v 2.9 5 -3
v 3.1 5 -3
v 3.2 5 -3
v 3.3 5 -3
v 3.5 5 -3
v 0.5 5.1 -1.1
v 0.6 5.1 -1.1
v 0.7 5.1 -1.1
v 0.8 5.1 -1.1
v 1 5.1 -1.1
v 1.1 5.1 -1.1
v 1.3 5.1 -1.1
v 1.6 5.1 -1.1
v 1.8 5.1 -1.1
v 1.9 5.1 -1.1
v 2 5.1 -1.1
v 2.2 5.1 -1.1
v 2.4 5.1 -1.1
v 2.5 5.1 -1.1
v 2.6 5.1 -1.1
v 2.7 5.1 -1.1
v 2.8 5.1 -1.1
v 2.9 5.1 -1.1
v 3 5.1 -1.1
v 3.2 5.1 -1.1
v 3.4 5.1 -1.1
v 3.5 5.1 -1.1
v 0.4 5.1 -1.2
v 0.5 5.1 -1.2
v 0.6 5.1 -1.2
v 0.7 5.1 -1.2
v 0.8 5.1 -1.2
v 0.9 5.1 -1.2
v 1 5.1 -1.2
v 1.1 5.1 -1.2
v 1.3 5.1 -1.2
v 1.4 5.1 -1.2
v 1.5 5.1 -1.2
v 1.6 5.1 -1.2
v 1.7 5.1 -1.2
v 1.8 5.1 -1.2
v 1.9 5.1 -1.2
v 2 5.1 -1.2
v 2.2 5.1 -1.2
v 2.3 5.1 -1.2
v 2.4 5.1 -1.2
v 2.5 5.1 -1.2
v 2.6 5.1 -1.2
v 2.7 5.1 -1.2
v 2.8 5.1 -1.2
v 2.9 5.1 -1.2
v 3 5.1 -1.2
v 3.1 5.1 -1.2
v 3.2 5.1 -1.2
v 3.4 5.1 -1.2
v 3.5 5.1 -1.2
v 3.6 5.1 -1.2
v 0.4 5.1 -1.3
v 0.5 5.1 -1.3
v 3.5 5.1 -1.3
v 3.6 5.1 -1.3
v 0.4 5.1 -2.7
v 0.5 5.1 -2.7
v 3.5 5.1 -2.7
v 3.6 5.1 -2.7
v 0.4 5.1 -2.8
v 0.5 5.1 -2.8
v 0.6 5.1 -2.8
v 0.8 5.1 -2.8
v 0.9 5.1 -2.8
v 1 5.1 -2.8
v 1.1 5.1 -2.8
v 1.2 5.1 -2.8
v 1.3 5.1 -2.8
v 1.4 5.1 -2.8
v 1.5 5.1 -2.8
v 1.6 5.1 -2.8
v 1.7 5.1 -2.8
v 1.9 5.1 -2.8
v 2.1 5.1 -2.8
v 2.3 5.1 -2.8
v 2.4 5.1 -2.8
v 2.5 5.1 -2.8
v 2.6 5.1 -2.8
v 2.7 5.1 -2.8
v 2.8 5.1 -2.8
v 2.9 5.1 -2.8
v 3 5.1 -2.8
v 3.1 5.1 -2.8
v 3.2 5.1 -2.8
v 3.3 5.1 -2.8
v 3.4 5.1 -2.8
v 3.5 5.1 -2.8
v 3.6 5.1 -2.8
v 0.5 5.1 -2.9
v 0.6 5.1 -2.9
v 0.8 5.1 -2.9
v 1 5.1 -2.9
v 1.1 5.1 -2.9
v 1.2 5.1 -2.9
v 1.3 5.1 -2.9
v 1.4 5.1 -2.9
v 1.7 5.1 -2.9
v 1.9 5.1 -2.9
v 2.1 5.1 -2.9
v 2.3 5.1 -2.9
v 2.5 5.1 -2.9
v 2.7 5.1 -2.9
v 2.9 5.1 -2.9
v 3 5.1 -2.9
v 3.2 5.1 -2.9
v 3.3 5.1 -2.9
v 3.4 5.1 -2.9
v 3.5 5.1 -2.9
v 0.5 5.2 -1.2
v 0.6 5.2 -1.2
v 0.8 5.2 -1.2
v 0.9 5.2 -1.2
v 1.1 5.2 -1.2
v 1.3 5.2 -1.2
v 1.4 5.2 -1.2
v 1.5 5.2 -1.2
v 1.6 5.2 -1.2
v 1.7 5.2 -1.2
v 2 5.2 -1.2
v 2.3 5.2 -1.2
v 2.5 5.2 -1.2
v 2.6 5.2 -1.2
v 2.8 5.2 -1.2
v 2.9 5.2 -1.2
v 3.1 5.2 -1.2
v 3.5 5.2 -1.2
v 0.4 5.2 -1.3
v 0.5 5.2 -1.3
v 0.6 5.2 -1.3
v 0.7 5.2 -1.3
v 0.8 5.2 -1.3
v 0.9 5.2 -1.3
v 1 5.2 -1.3
v 1.1 5.2 -1.3
v 1.2 5.2 -1.3
v 1.3 5.2 -1.3
v 1.4 5.2 -1.3
v 1.5 5.2 -1.3
v 1.6 5.2 -1.3
v 1.7 5.2 -1.3
v 1.8 5.2 -1.3
v 1.9 5.2 -1.3
v 2 5.2 -1.3
v 2.3 5.2 -1.3
v 2.4 5.2 -1.3
v 2.5 5.2 -1.3
v 2.6 5.2 -1.3
v 2.8 5.2 -1.3
v 2.9 5.2 -1.3
v 3 5.2 -1.3
v 3.1 5.2 -1.3
v 3.2 5.2 -1.3
v 3.3 5.2 -1.3
v 3.5 5.2 -1.3
v 3.6 5.2 -1.3
v 0.5 5.2 -1.4
v 3.5 5.2 -1.4
v 3.6 5.2 -1.4
v 0.4 5.2 -1.5
v 0.5 5.2 -1.5
v 3.5 5.2 -1.5
v 3.6 5.2 -1.5
v 0.4 5.2 -2.5
v 0.5 5.2 -2.5
v 3.5 5.2 -2.5
v 3.6 5.2 -2.5
v 0.4 5.2 -2.6
v 0.5 5.2 -2.6
v 3.5 5.2 -2.6
v 0.4 5.2 -2.7
v 0.5 5.2 -2.7
v 0.7 5.2 -2.7
v 0.8 5.2 -2.7
v 0.9 5.2 -2.7
v 1 5.2 -2.7
v 1.1 5.2 -2.7
v 1.4 5.2 -2.7
v 1.5 5.2 -2.7
v 1.6 5.2 -2.7
v 1.7 5.2 -2.7
v 1.9 5.2 -2.7
v 2 5.2 -2.7
v 2.1 5.2 -2.7
v 2.2 5.2 -2.7
v 2.3 5.2 -2.7
v 2.4 5.2 -2.7
v 2.5 5.2 -2.7
v 2.6 5.2 -2.7
v 2.8 5.2 -2.7
v 2.9 5.2 -2.7
v 3 5.2 -2.7
v 3.1 5.2 -2.7
v 3.2 5.2 -2.7
v 3.3 5.2 -2.7
v 3.4 5.2 -2.7
v 3.5 5.2 -2.7
v 3.6 5.2 -2.7
v 0.5 5.2 -2.8
v 0.9 5.2 -2.8
v 1.1 5.2 -2.8
v 1.4 5.2 -2.8
v 1.5 5.2 -2.8
v 1.6 5.2 -2.8
v 1.9 5.2 -2.8
v 2.1 5.2 -2.8
v 2.3 5.2 -2.8
v 2.4 5.2 -2.8
v 2.5 5.2 -2.8
v 2.6 5.2 -2.8
v 2.8 5.2 -2.8
v 3.1 5.2 -2.8
v 3.2 5.2 -2.8
v 3.4 5.2 -2.8
v 3.5 5.2 -2.8
v 0.5 5.3 -1.3
v 0.7 5.3 -1.3
v 0.9 5.3 -1.3
v 1 5.3 -1.3
v 1.1 5.3 -1.3
v 1.2 5.3 -1.3
v 1.4 5.3 -1.3
v 1.8 5.3 -1.3
v 1.9 5.3 -1.3
v 2 5.3 -1.3
v 2.3 5.3 -1.3
v 2.4 5.3 -1.3
v 2.5 5.3 -1.3
v 2.6 5.3 -1.3
v 2.8 5.3 -1.3
v 2.9 5.3 -1.3
v 3 5.3 -1.3
v 3.2 5.3 -1.3
v 3.3 5.3 -1.3
v 3.5 5.3 -1.3
v 0.5 5.3 -1.4
v 0.7 5.3 -1.4
v 0.8 5.3 -1.4
v 0.9 5.3 -1.4
v 1 5.3 -1.4
v 1.1 5.3 -1.4
v 1.2 5.3 -1.4
v 1.4 5.3 -1.4
v 1.6 5.3 -1.4
v 1.8 5.3 -1.4
v 1.9 5.3 -1.4
v 2 5.3 -1.4
v 2.2 5.3 -1.4
v 2.3 5.3 -1.4
v 2.4 5.3 -1.4
v 2.5 5.3 -1.4
v 2.6 5.3 -1.4
v 2.8 5.3 -1.4
v 2.9 5.3 -1.4
v 3 5.3 -1.4
v 3.1 5.3 -1.4
v 3.2 5.3 -1.4
v 3.3 5.3 -1.4
v 3.4 5.3 -1.4
v 0.4 5.3 -1.5
v 0.5 5.3 -1.5
v 0.6 5.3 -1.5
v 0.7 5.3 -1.5
v 0.8 5.3 -1.5
v 0.9 5.3 -1.5
v 1 5.3 -1.5
v 1.1 5.3 -1.5
v 1.2 5.3 -1.5
v 1.4 5.3 -1.5
v 1.5 5.3 -1.5
v 1.6 5.3 -1.5
v 1.7 5.3 -1.5
v 1.8 5.3 -1.5
v 1.9 5.3 -1.5
v 2 5.3 -1.5
v 2.1 5.3 -1.5
v 2.2 5.3 -1.5
v 2.3 5.3 -1.5
v 2.5 5.3 -1.5
v 2.6 5.3 -1.5
v 2.8 5.3 -1.5
v 2.9 5.3 -1.5
v 3 5.3 -1.5
v 3.1 5.3 -1.5
v 3.2 5.3 -1.5
v 3.4 5.3 -1.5
v 3.5 5.3 -1.5
v 3.6 5.3 -1.5
v 0.4 5.3 -1.6
v 0.5 5.3 -1.6
v 3.5 5.3 -1.6
v 3.6 5.3 -1.6
v 0.4 5.3 -1.7
v 0.5 5.3 -1.7
v 3.5 5.3 -1.7
v 3.6 5.3 -1.7
v 0.4 5.3 -2.3
v 0.5 5.3 -2.3
v 3.5 5.3 -2.3
v 3.6 5.3 -2.3
v 0.4 5.3 -2.4
v 0.5 5.3 -2.4
v 3.5 5.3 -2.4
v 3.6 5.3 -2.4
v 0.4 5.3 -2.5
v 0.5 5.3 -2.5
v 0.6 5.3 -2.5
v 0.8 5.3 -2.5
v 0.9 5.3 -2.5
v 1 5.3 -2.5
v 1.1 5.3 -2.5
v 1.2 5.3 -2.5
v 1.3 5.3 -2.5
v 1.5 5.3 -2.5
v 1.6 5.3 -2.5
v 1.7 5.3 -2.5
v 1.9 5.3 -2.5
v 2.1 5.3 -2.5
v 2.2 5.3 -2.5
v 2.3 5.3 -2.5
v 2.4 5.3 -2.5
v 2.5 5.3 -2.5
v 2.6 5.3 -2.5
v 2.7 5.3 -2.5
v 2.8 5.3 -2.5
v 2.9 5.3 -2.5
v 3 5.3 -2.5
v 3.1 5.3 -2.5
v 3.2 5.3 -2.5
v 3.3 5.3 -2.5
v 3.4 5.3 -2.5
v 3.5 5.3 -2.5
v 3.6 5.3 -2.5
v 0.6 5.3 -2.6
v 0.7 5.3 -2.6
v 0.8 5.3 -2.6
v 0.9 5.3 -2.6
v 1 5.3 -2.6
v 1.1 5.3 -2.6
v 1.2 5.3 -2.6
v 1.3 5.3 -2.6
v 1.4 5.3 -2.6
v 1.6 5.3 -2.6
v 1.7 5.3 -2.6
v 1.9 5.3 -2.6
v 2 5.3 -2.6
v 2.1 5.3 -2.6
v 2.2 5.3 -2.6
v 2.4 5.3 -2.6
v 2.5 5.3 -2.6
v 2.6 5.3 -2.6
v 2.7 5.3 -2.6
v 2.8 5.3 -2.6
v 2.9 5.3 -2.6
v 3 5.3 -2.6
v 3.1 5.3 -2.6
v 3.2 5.3 -2.6
v 3.3 5.3 -2.6
v 3.5 5.3 -2.6
v 0.5 5.3 -2.7
v 0.7 5.3 -2.7
v 0.8 5.3 -2.7
v 1 5.3 -2.7
v 1.1 5.3 -2.7
v 1.4 5.3 -2.7
v 1.6 5.3 -2.7
v 1.7 5.3 -2.7
v 1.9 5.3 -2.7
v 2 5.3 -2.7
v 2.2 5.3 -2.7
v 2.4 5.3 -2.7
v 2.5 5.3 -2.7
v 2.6 5.3 -2.7
v 2.8 5.3 -2.7
v 2.9 5.3 -2.7
v 3 5.3 -2.7
v 3.1 5.3 -2.7
v 3.3 5.3 -2.7
v 3.5 5.3 -2.7
v 0.5 5.4 -1.5
v 0.6 5.4 -1.5
v 0.7 5.4 -1.5
v 0.8 5.4 -1.5
v 0.9 5.4 -1.5
v 1 5.4 -1.5
v 1.1 5.4 -1.5
v 1.2 5.4 -1.5
v 1.4 5.4 -1.5
v 1.5 5.4 -1.5
v 1.7 5.4 -1.5
v 1.9 5.4 -1.5
v 2 5.4 -1.5
v 2.1 5.4 -1.5
v 2.3 5.4 -1.5
v 2.5 5.4 -1.5
v 2.6 5.4 -1.5
v 2.8 5.4 -1.5
v 2.9 5.4 -1.5
v 3 5.4 -1.5
v 3.1 5.4 -1.5
v 3.2 5.4 -1.5
v 3.4 5.4 -1.5
v 3.5 5.4 -1.5
v 0.5 5.4 -1.6
v 0.6 5.4 -1.6
v 0.7 5.4 -1.6
v 0.8 5.4 -1.6
v 0.9 5.4 -1.6
v 1 5.4 -1.6
v 1.1 5.4 -1.6
v 1.2 5.4 -1.6
v 1.3 5.4 -1.6
v 1.4 5.4 -1.6
v 1.5 5.4 -1.6
v 1.7 5.4 -1.6
v 1.9 5.4 -1.6
v 2 5.4 -1.6
v 2.2 5.4 -1.6
v 2.3 5.4 -1.6
v 2.5 5.4 -1.6
v 2.6 5.4 -1.6
v 2.7 5.4 -1.6
v 2.8 5.4 -1.6
v 2.9 5.4 -1.6
v 3 5.4 -1.6
v 3.1 5.4 -1.6
v 3.2 5.4 -1.6
v 3.3 5.4 -1.6
v 3.4 5.4 -1.6
v 3.5 5.4 -1.6
v 0.4 5.4 -1.7
v 0.5 5.4 -1.7
v 0.6 5.4 -1.7
v 0.7 5.4 -1.7
v 0.8 5.4 -1.7
v 0.9 5.4 -1.7
v 1 5.4 -1.7
v 1.1 5.4 -1.7
v 1.2 5.4 -1.7
v 1.3 5.4 -1.7
v 1.4 5.4 -1.7
v 1.5 5.4 -1.7
v 1.6 5.4 -1.7
v 1.7 5.4 -1.7
v 1.8 5.4 -1.7
v 1.9 5.4 -1.7
v 2 5.4 -1.7
v 2.1 5.4 -1.7
v 2.2 5.4 -1.7
v 2.3 5.4 -1.7
v 2.4 5.4 -1.7
v 2.5 5.4 -1.7
v 2.6 5.4 -1.7
v 2.7 5.4 -1.7
v 2.8 5.4 -1.7
v 2.9 5.4 -1.7
v 3 5.4 -1.7
v 3.1 5.4 -1.7
v 3.2 5.4 -1.7
v 3.3 5.4 -1.7
v 3.4 5.4 -1.7
v 3.5 5.4 -1.7
v 3.6 5.4 -1.7
v 0.5 5.4 -1.8
v 0.4 5.4 -1.9
v 0.5 5.4 -1.9
v 3.5 5.4 -1.9
v 3.6 5.4 -1.9
v 0.4 5.4 -2.1
v 0.5 5.4 -2.1
v 3.5 5.4 -2.1
v 3.6 5.4 -2.1
v 3.5 5.4 -2.2
v 0.4 5.4 -2.3
v 0.5 5.4 -2.3
v 0.6 5.4 -2.3
v 0.7 5.4 -2.3
v 0.8 5.4 -2.3
v 0.9 5.4 -2.3
v 1 5.4 -2.3
v 1.1 5.4 -2.3
v 1.2 5.4 -2.3
v 1.3 5.4 -2.3
v 1.4 5.4 -2.3
v 1.5 5.4 -2.3
v 1.6 5.4 -2.3
v 1.8 5.4 -2.3
v 1.9 5.4 -2.3
v 2.1 5.4 -2.3
v 2.3 5.4 -2.3
v 2.4 5.4 -2.3
v 2.5 5.4 -2.3
v 2.6 5.4 -2.3
v 2.7 5.4 -2.3
v 2.8 5.4 -2.3
v 3 5.4 -2.3
v 3.1 5.4 -2.3
v 3.2 5.4 -2.3
v 3.3 5.4 -2.3
v 3.4 5.4 -2.3
v 3.5 5.4 -2.3
v 3.6 5.4 -2.3
v 0.5 5.4 -2.4
v 0.6 5.4 -2.4
v 0.7 5.4 -2.4
v 0.8 5.4 -2.4
v 0.9 5.4 -2.4
v 1 5.4 -2.4
v 1.1 5.4 -2.4
v 1.2 5.4 -2.4
v 1.3 5.4 -2.4
v 1.5 5.4 -2.4
v 1.6 5.4 -2.4
v 1.7 5.4 -2.4
v 1.8 5.4 -2.4
v 1.9 5.4 -2.4
v 2.1 5.4 -2.4
v 2.2 5.4 -2.4
v 2.3 5.4 -2.4
v 2.4 5.4 -2.4
v 2.6 5.4 -2.4
v 2.7 5.4 -2.4
v 2.8 5.4 -2.4
v 2.9 5.4 -2.4
v 3 5.4 -2.4
v 3.1 5.4 -2.4
v 3.2 5.4 -2.4
v 3.3 5.4 -2.4
v 3.4 5.4 -2.4
v 3.5 5.4 -2.4
v 0.5 5.4 -2.5
v 0.6 5.4 -2.5
v 0.8 5.4 -2.5
v 0.9 5.4 -2.5
v 1 5.4 -2.5
v 1.1 5.4 -2.5
v 1.2 5.4 -2.5
v 1.3 5.4 -2.5
v 1.5 5.4 -2.5
v 1.7 5.4 -2.5
v 1.9 5.4 -2.5
v 2.1 5.4 -2.5
v 2.2 5.4 -2.5
v 2.3 5.4 -2.5
v 2.6 5.4 -2.5
v 2.7 5.4 -2.5
v 2.8 5.4 -2.5
v 2.9 5.4 -2.5
v 3 5.4 -2.5
v 3.1 5.4 -2.5
v 3.2 5.4 -2.5
v 3.3 5.4 -2.5
v 3.4 5.4 -2.5
v 3.5 5.4 -2.5
v 0.5 5.5 -1.7
v 0.6 5.5 -1.7
v 0.7 5.5 -1.7
v 0.8 5.5 -1.7
v 0.9 5.5 -1.7
v 1 5.5 -1.7
v 1.1 5.5 -1.7
v 1.3 5.5 -1.7
v 1.4 5.5 -1.7
v 1.5 5.5 -1.7
v 1.6 5.5 -1.7
v 1.7 5.5 -1.7
v 1.8 5.5 -1.7
v 2 5.5 -1.7
v 2.2 5.5 -1.7
v 2.4 5.5 -1.7
v 2.5 5.5 -1.7
v 2.6 5.5 -1.7
v 2.7 5.5 -1.7
v 2.8 5.5 -1.7
v 2.9 5.5 -1.7
v 3 5.5 -1.7
v 3.1 5.5 -1.7
v 3.2 5.5 -1.7
v 3.3 5.5 -1.7
v 3.4 5.5 -1.7
v 3.5 5.5 -1.7
v 0.5 5.5 -1.8
v 0.6 5.5 -1.8
v 0.7 5.5 -1.8
v 0.8 5.5 -1.8
v 0.9 5.5 -1.8
v 1 5.5 -1.8
v 1.1 5.5 -1.8
v 1.2 5.5 -1.8
v 1.3 5.5 -1.8
v 1.4 5.5 -1.8
v 1.5 5.5 -1.8
v 1.6 5.5 -1.8
v 1.7 5.5 -1.8
v 1.9 5.5 -1.8
v 2 5.5 -1.8
v 2.2 5.5 -1.8
v 2.4 5.5 -1.8
v 2.5 5.5 -1.8
v 2.6 5.5 -1.8
v 2.7 5.5 -1.8
v 2.8 5.5 -1.8
v 2.9 5.5 -1.8
v 3 5.5 -1.8
v 3.1 5.5 -1.8
v 3.2 5.5 -1.8
v 3.3 5.5 -1.8
v 3.4 5.5 -1.8
v 0.4 5.5 -1.9
v 0.5 5.5 -1.9
v 0.6 5.5 -1.9
v 0.7 5.5 -1.9
v 0.8 5.5 -1.9
v 0.9 5.5 -1.9
v 1 5.5 -1.9
v 1.1 5.5 -1.9
v 1.2 5.5 -1.9
v 1.3 5.5 -1.9
v 1.5 5.5 -1.9
v 1.6 5.5 -1.9
v 1.7 5.5 -1.9
v 1.8 5.5 -1.9
v 1.9 5.5 -1.9
v 2 5.5 -1.9
v 2.1 5.5 -1.9
v 2.2 5.5 -1.9
v 2.3 5.5 -1.9
v 2.4 5.5 -1.9
v 2.6 5.5 -1.9
v 2.7 5.5 -1.9
v 2.8 5.5 -1.9
v 2.9 5.5 -1.9
v 3 5.5 -1.9
v 3.1 5.5 -1.9
v 3.2 5.5 -1.9
v 3.3 5.5 -1.9
v 3.4 5.5 -1.9
v 3.5 5.5 -1.9
v 3.6 5.5 -1.9
v 0.4 5.5 -2
v 0.5 5.5 -2
v 3.5 5.5 -2
v 3.6 5.5 -2
v 0.4 5.5 -2.1
v 0.5 5.5 -2.1
v 0.6 5.5 -2.1
v 0.7 5.5 -2.1
v 0.8 5.5 -2.1
v 0.9 5.5 -2.1
v 1 5.5 -2.1
v 1.1 5.5 -2.1
v 1.2 5.5 -2.1
v 1.3 5.5 -2.1
v 1.4 5.5 -2.1
v 1.5 5.5 -2.1
v 1.6 5.5 -2.1
v 1.7 5.5 -2.1
v 1.8 5.5 -2.1
v 1.9 5.5 -2.1
v 2 5.5 -2.1
v 2.2 5.5 -2.1
v 2.3 5.5 -2.1
v 2.4 5.5 -2.1
v 2.5 5.5 -2.1
v 2.6 5.5 -2.1
v 2.7 5.5 -2.1
v 2.8 5.5 -2.1
v 2.9 5.5 -2.1
v 3 5.5 -2.1
v 3.1 5.5 -2.1
v 3.2 5.5 -2.1
v 3.3 5.5 -2.1
v 3.4 5.5 -2.1
v 3.5 5.5 -2.1
v 3.6 5.5 -2.1
v 0.6 5.5 -2.2
v 0.7 5.5 -2.2
v 0.8 5.5 -2.2
v 0.9 5.5 -2.2
v 1 5.5 -2.2
v 1.1 5.5 -2.2
v 1.2 5.5 -2.2
v 1.3 5.5 -2.2
v 1.4 5.5 -2.2
v 1.5 5.5 -2.2
v 1.6 5.5 -2.2
v 1.7 5.5 -2.2
v 1.8 5.5 -2.2
v 1.9 5.5 -2.2
v 2 5.5 -2.2
v 2.1 5.5 -2.2
v 2.2 5.5 -2.2
v 2.3 5.5 -2.2
v 2.4 5.5 -2.2
v 2.5 5.5 -2.2
v 2.6 5.5 -2.2
v 2.7 5.5 -2.2
v 2.8 5.5 -2.2
v 2.9 5.5 -2.2
v 3 5.5 -2.2
v 3.1 5.5 -2.2
v 3.2 5.5 -2.2
v 3.3 5.5 -2.2
v 3.4 5.5 -2.2
v 3.5 5.5 -2.2
v 0.5 5.5 -2.3
v 0.6 5.5 -2.3
v 0.7 5.5 -2.3
v 0.8 5.5 -2.3
v 0.9 5.5 -2.3
v 1 5.5 -2.3
v 1.1 5.5 -2.3
v 1.2 5.5 -2.3
v 1.4 5.5 -2.3
v 1.5 5.5 -2.3
v 1.6 5.5 -2.3
v 1.8 5.5 -2.3
v 1.9 5.5 -2.3
v 2.1 5.5 -2.3
v 2.3 5.5 -2.3
v 2.4 5.5 -2.3
v 2.5 5.5 -2.3
v 2.6 5.5 -2.3
v 2.8 5.5 -2.3
v 3 5.5 -2.3
v 3.1 5.5 -2.3
v 3.2 5.5 -2.3
v 3.3 5.5 -2.3
v 3.4 5.5 -2.3
v 3.5 5.5 -2.3
v 0.5 5.6 -1.9
v 0.6 5.6 -1.9
v 0.7 5.6 -1.9
v 0.8 5.6 -1.9
v 1.1 5.6 -1.9
v 1.2 5.6 -1.9
v 1.3 5.6 -1.9
v 1.5 5.6 -1.9
v 1.7 5.6 -1.9
v 1.8 5.6 -1.9
v 2 5.6 -1.9
v 2.1 5.6 -1.9
v 2.2 5.6 -1.9
v 2.3 5.6 -1.9
v 2.4 5.6 -1.9
v 2.6 5.6 -1.9
v 2.7 5.6 -1.9
v 2.9 5.6 -1.9
v 3 5.6 -1.9
v 3.1 5.6 -1.9
v 3.2 5.6 -1.9
v 3.3 5.6 -1.9
v 3.4 5.6 -1.9
v 3.5 5.6 -1.9
v 0.5 5.6 -2
v 0.6 5.6 -2
v 0.7 5.6 -2
v 0.8 5.6 -2
v 0.9 5.6 -2
v 1 5.6 -2
v 1.1 5.6 -2
v 1.2 5.6 -2
v 1.3 5.6 -2
v 1.4 5.6 -2
v 1.5 5.6 -2
v 1.6 5.6 -2
v 1.7 5.6 -2
v 1.8 5.6 -2
v 1.9 5.6 -2
v 2 5.6 -2
v 2.1 5.6 -2
v 2.2 5.6 -2
v 2.3 5.6 -2
v 2.4 5.6 -2
v 2.5 5.6 -2
v 2.6 5.6 -2
v 2.7 5.6 -2
v 2.8 5.6 -2
v 2.9 5.6 -2
v 3 5.6 -2
v 3.1 5.6 -2
v 3.2 5.6 -2
v 3.3 5.6 -2
v 3.4 5.6 -2
v 3.5 5.6 -2
v 0.5 5.6 -2.1
v 0.6 5.6 -2.1
v 0.7 5.6 -2.1
v 0.8 5.6 -2.1
v 0.9 5.6 -2.1
v 1 5.6 -2.1
v 1.1 5.6 -2.1
v 1.2 5.6 -2.1
v 1.3 5.6 -2.1
v 1.4 5.6 -2.1
v 1.5 5.6 -2.1
v 1.6 5.6 -2.1
v 1.7 5.6 -2.1
v 1.8 5.6 -2.1
v 1.9 5.6 -2.1
v 2.3 5.6 -2.1
v 2.5 5.6 -2.1
v 2.6 5.6 -2.1
v 2.7 5.6 -2.1
v 2.8 5.6 -2.1
v 2.9 5.6 -2.1
v 3.2 5.6 -2.1
v 3.3 5.6 -2.1
v 3.4 5.6 -2.1
v 3.5 5.6 -2.1

# faces
f 7/9/1 2/9/1 1/9/1
f 8/7/1 3/7/1 2/7/1
f 8/9/1 2/9/1 7/9/1
f 9/7/1 3/7/1 8/7/1
f 10/7/1 5/7/1 4/7/1
f 11/13/1 6/13/1 5/13/1
f 11/7/1 5/7/1 10/7/1
f 12/13/1 6/13/1 11/13/1
f 13/13/1 8/13/1 7/13/1
f 14/9/1 9/9/1 8/9/1
f 14/13/1 8/13/1 13/13/1
f 15/9/1 9/9/1 14/9/1
f 16/9/1 11/9/1 10/9/1
f 17/7/1 12/7/1 11/7/1
f 17/9/1 11/9/1 16/9/1
f 18/7/1 12/7/1 17/7/1
f 25/7/1 20/7/1 19/7/1
f 26/9/1 21/9/1 20/9/1
f 26/7/1 20/7/1 25/7/1
f 27/9/1 21/9/1 26/9/1
f 28/9/1 23/9/1 22/9/1
f 29/13/1 24/13/1 23/13/1
f 29/9/1 23/9/1 28/9/1
f 30/13/1 24/13/1 29/13/1
f 31/9/1 26/9/1 25/9/1
f 32/7/1 27/7/1 26/7/1
f 32/9/1 26/9/1 31/9/1
f 33/7/1 27/7/1 32/7/1
f 34/7/1 29/7/1 28/7/1
f 35/9/1 30/9/1 29/9/1
f 35/7/1 29/7/1 34/7/1
f 36/9/1 30/9/1 35/9/1
f 43/14/1 38/14/1 37/14/1
f 44/7/1 39/7/1 38/7/1
f 44/14/1 38/14/1 43/14/1
f 45/7/1 39/7/1 44/7/1
f 46/14/1 41/14/1 40/14/1
f 47/7/1 42/7/1 41/7/1
f 47/14/1 41/14/1 46/14/1
f 48/7/1 42/7/1 47/7/1
f 49/7/1 44/7/1 43/7/1
f 50/14/1 45/14/1 44/14/1
f 50/7/1 44/7/1 49/7/1
f 51/14/1 45/14/1 50/14/1
f 52/7/1 47/7/1 46/7/1
f 53/14/1 48/14/1 47/14/1
f 53/7/1 47/7/1 52/7/1
f 54/14/1 48/14/1 53/14/1
f 61/9/1 56/9/1 55/9/1
f 62/7/1 57/7/1 56/7/1
f 62/9/1 56/9/1 61/9/1
f 63/7/1 57/7/1 62/7/1
f 64/9/1 59/9/1 58/9/1
f 65/7/1 60/7/1 59/7/1
f 65/9/1 59/9/1 64/9/1
f 66/7/1 60/7/1 65/7/1
f 67/7/1 62/7/1 61/7/1
f 68/9/1 63/9/1 62/9/1
f 68/7/1 62/7/1 67/7/1
f 69/9/1 63/9/1 68/9/1
f 70/7/1 65/7/1 64/7/1
f 71/9/1 66/9/1 65/9/1
f 71/7/1 65/7/1 70/7/1
f 72/9/1 66/9/1 71/9/1
f 79/9/1 74/9/1 73/9/1
f 80/7/1 75/7/1 74/7/1
f 80/9/1 74/9/1 79/9/1
f 81/7/1 75/7/1 80/7/1
f 82/9/1 77/9/1 76/9/1
f 83/7/1 78/7/1 77/7/1
f 83/9/1 77/9/1 82/9/1
f 84/7/1 78/7/1 83/7/1
f 85/7/1 80/7/1 79/7/1
f 86/14/1 81/14/1 80/14/1
f 86/7/1 80/7/1 85/7/1
f 87/14/1 81/14/1 86/14/1
f 88/7/1 83/7/1 82/7/1
f 89/9/1 84/9/1 83/9/1
f 89/7/1 83/7/1 88/7/1
f 90/9/1 84/9/1 89/9/1
f 97/9/1 92/9/1 91/9/1
f 98/7/1 93/7/1 92/7/1
f 98/9/1 92/9/1 97/9/1
f 99/7/1 93/7/1 98/7/1
f 100/9/1 95/9/1 94/9/1
f 101/7/1 96/7/1 95/7/1
f 101/9/1 95/9/1 100/9/1
f 102/7/1 96/7/1 101/7/1
f 103/14/1 98/14/1 97/14/1
f 104/16/1 99/16/1 98/16/1
f 104/14/1 98/14/1 103/14/1
f 105/16/1 99/16/1 104/16/1
f 125/14/1 101/14/1 100/14/1
f 126/13/1 102/13/1 101/13/1
f 126/14/1 101/14/1 125/14/1
f 127/13/1 102/13/1 126/13/1
f 128/14/1 106/14/1 105/14/1
f 129/15/1 107/15/1 106/15/1
f 129/14/1 106/14/1 128/14/1
f 130/16/1 108/16/1 107/16/1
f 130/15/1 107/15/1 129/15/1
f 131/15/1 109/15/1 108/15/1
f 131/16/1 108/16/1 130/16/1
f 132/13/1 110/13/1 109/13/1
f 132/15/1 109/15/1 131/15/1
f 133/16/1 111/16/1 110/16/1
f 133/13/1 110/13/1 132/13/1
f 134/14/1 112/14/1 111/14/1
f 134/16/1 111/16/1 133/16/1
f 135/15/1 113/15/1 112/15/1
f 135/14/1 112/14/1 134/14/1
f 136/16/1 114/16/1 113/16/1
f 136/15/1 113/15/1 135/15/1
f 137/15/1 115/15/1 114/15/1
f 137/16/1 114/16/1 136/16/1
f 138/14/1 116/14/1 115/14/1
f 138/15/1 115/15/1 137/15/1
f 139/15/1 117/15/1 116/15/1
f 139/14/1 116/14/1 138/14/1
f 140/16/1 118/16/1 117/16/1
f 140/15/1 117/15/1 139/15/1
f 141/14/1 119/14/1 118/14/1
f 141/16/1 118/16/1 140/16/1
f 142/15/1 120/15/1 119/15/1
f 142/14/1 119/14/1 141/14/1
f 143/14/1 121/14/1 120/14/1
f 143/15/1 120/15/1 142/15/1
f 144/15/1 122/15/1 121/15/1
f 144/14/1 121/14/1 143/14/1
f 145/16/1 123/16/1 122/16/1
f 145/15/1 122/15/1 144/15/1
f 146/13/1 124/13/1 123/13/1
f 146/16/1 123/16/1 145/16/1
f 147/15/1 125/15/1 124/15/1
f 147/13/1 124/13/1 146/13/1
f 148/15/1 125/15/1 147/15/1
f 173/13/1 150/13/1 149/13/1
f 174/13/1 150/13/1 173/13/1
f 175/1/1 152/1/1 151/1/1
f 176/5/1 153/5/1 152/5/1
f 176/1/1 152/1/1 175/1/1
f 177/5/1 153/5/1 176/5/1
f 178/14/1 154/14/1 153/14/1
f 178/5/1 153/5/1 177/5/1
f 179/13/1 155/13/1 154/13/1
f 179/14/1 154/14/1 178/14/1
f 180/5/1 156/5/1 155/5/1
f 180/13/1 155/13/1 179/13/1
f 181/5/1 156/5/1 180/5/1
f 182/1/1 157/1/1 156/1/1
f 182/5/1 156/5/1 181/5/1
f 183/5/1 158/5/1 157/5/1
f 183/1/1 157/1/1 182/1/1
f 184/5/1 160/5/1 159/5/1
f 184/13/1 161/13/1 160/13/1
f 185/14/1 162/14/1 161/14/1
f 185/13/1 161/13/1 184/13/1
f 186/5/1 163/5/1 162/5/1
f 186/14/1 162/14/1 185/14/1
f 187/1/1 164/1/1 163/1/1
f 187/5/1 163/5/1 186/5/1
f 188/5/1 165/5/1 164/5/1
f 188/1/1 164/1/1 187/1/1
f 189/14/1 166/14/1 165/14/1
f 189/5/1 165/5/1 188/5/1
f 190/13/1 167/13/1 166/13/1
f 190/14/1 166/14/1 189/14/1
f 191/1/1 168/1/1 167/1/1
f 191/13/1 167/13/1 190/13/1
f 192/14/1 169/14/1 168/14/1
f 192/1/1 168/1/1 191/1/1
f 193/1/1 170/1/1 169/1/1
f 193/14/1 169/14/1 192/14/1
f 194/1/1 170/1/1 193/1/1
f 195/9/1 172/9/1 171/9/1
f 196/9/1 172/9/1 195/9/1
f 197/9/1 174/9/1 173/9/1
f 198/9/1 174/9/1 197/9/1
f 199/5/1 177/5/1 176/5/1
f 199/5/1 176/5/1 175/5/1
f 200/14/1 178/14/1 177/14/1
f 200/5/1 177/5/1 199/5/1
f 201/13/1 179/13/1 178/13/1
f 201/14/1 178/14/1 200/14/1
f 202/5/1 181/5/1 180/5/1
f 202/13/1 179/13/1 201/13/1
f 202/5/1 180/5/1 179/5/1
f 203/1/1 182/1/1 181/1/1
f 203/5/1 181/5/1 202/5/1
f 204/5/1 183/5/1 182/5/1
f 204/1/1 182/1/1 203/1/1
f 205/5/1 158/5/1 183/5/1
f 205/5/1 183/5/1 204/5/1
f 206/5/1 184/5/1 159/5/1
f 206/5/1 185/5/1 184/5/1
f 207/13/1 186/13/1 185/13/1
f 207/5/1 185/5/1 206/5/1
f 208/5/1 187/5/1 186/5/1
f 208/13/1 186/13/1 207/13/1
f 208/5/1 188/5/1 187/5/1
f 209/1/1 189/1/1 188/1/1
f 209/5/1 188/5/1 208/5/1
f 210/5/1 190/5/1 189/5/1
f 210/1/1 189/1/1 209/1/1
f 210/5/1 191/5/1 190/5/1
f 210/5/1 192/5/1 191/5/1
f 211/1/1 193/1/1 192/1/1
f 211/5/1 192/5/1 210/5/1
f 212/5/1 194/5/1 193/5/1
f 212/1/1 193/1/1 211/1/1
f 213/5/1 194/5/1 212/5/1
f 214/7/1 196/7/1 195/7/1
f 215/7/1 196/7/1 214/7/1
f 233/14/1 217/14/1 216/14/1
f 234/14/1 217/14/1 233/14/1
f 235/5/1 219/5/1 218/5/1
f 236/1/1 220/1/1 219/1/1
f 236/5/1 219/5/1 235/5/1
f 237/1/1 220/1/1 236/1/1
f 239/5/1 222/5/1 221/5/1
f 240/13/1 223/13/1 222/13/1
f 240/5/1 222/5/1 239/5/1
f 241/14/1 224/14/1 223/14/1
f 241/13/1 223/13/1 240/13/1
f 242/14/1 224/14/1 241/14/1
f 243/17/1 226/17/1 225/17/1
f 244/17/1 226/17/1 243/17/1
f 245/5/1 228/5/1 227/5/1
f 246/5/1 228/5/1 245/5/1
f 247/5/1 228/5/1 246/5/1
f 248/1/1 229/1/1 228/1/1
f 248/5/1 228/5/1 247/5/1
f 249/5/1 230/5/1 229/5/1
f 249/1/1 229/1/1 248/1/1
f 250/5/1 230/5/1 249/5/1
f 251/9/1 232/9/1 231/9/1
f 252/9/1 232/9/1 251/9/1
f 253/9/1 234/9/1 233/9/1
f 254/9/1 234/9/1 253/9/1
f 255/5/1 238/5/1 237/5/1
f 255/5/1 236/5/1 235/5/1
f 255/5/1 237/5/1 236/5/1
f 256/1/1 239/1/1 238/1/1
f 256/5/1 238/5/1 255/5/1
f 256/1/1 240/1/1 239/1/1
f 257/5/1 241/5/1 240/5/1
f 257/1/1 240/1/1 256/1/1
f 258/13/1 242/13/1 241/13/1
f 258/5/1 241/5/1 257/5/1
f 259/13/1 242/13/1 258/13/1
f 260/5/1 245/5/1 227/5/1
f 261/1/1 246/1/1 245/1/1
f 261/5/1 245/5/1 260/5/1
f 262/5/1 247/5/1 246/5/1
f 262/1/1 246/1/1 261/1/1
f 263/1/1 248/1/1 247/1/1
f 263/5/1 247/5/1 262/5/1
f 264/5/1 249/5/1 248/5/1
f 264/1/1 248/1/1 263/1/1
f 265/1/1 250/1/1 249/1/1
f 265/5/1 249/5/1 264/5/1
f 266/1/1 250/1/1 265/1/1
f 267/7/1 252/7/1 251/7/1
f 268/7/1 252/7/1 267/7/1
f 288/9/1 270/9/1 269/9/1
f 289/9/1 270/9/1 288/9/1
f 290/5/1 272/5/1 271/5/1
f 291/1/1 273/1/1 272/1/1
f 291/5/1 272/5/1 290/5/1
f 292/5/1 274/5/1 273/5/1
f 292/1/1 273/1/1 291/1/1
f 293/1/1 275/1/1 274/1/1
f 293/5/1 274/5/1 292/5/1
f 294/5/1 276/5/1 275/5/1
f 294/1/1 275/1/1 293/1/1
f 295/1/1 277/1/1 276/1/1
f 295/5/1 276/5/1 294/5/1
f 296/5/1 278/5/1 277/5/1
f 296/1/1 277/1/1 295/1/1
f 297/5/1 278/5/1 296/5/1
f 298/14/1 280/14/1 279/14/1
f 299/5/1 281/5/1 280/5/1
f 299/14/1 280/14/1 298/14/1
f 300/1/1 282/1/1 281/1/1
f 300/5/1 281/5/1 299/5/1
f 301/5/1 283/5/1 282/5/1
f 301/1/1 282/1/1 300/1/1
f 302/5/1 283/5/1 301/5/1
f 303/1/1 284/1/1 283/1/1
f 303/5/1 283/5/1 302/5/1
f 304/1/1 284/1/1 303/1/1
f 305/1/1 284/1/1 304/1/1
f 306/5/1 285/5/1 284/5/1
f 306/1/1 284/1/1 305/1/1
f 307/5/1 285/5/1 306/5/1
f 308/9/1 287/9/1 286/9/1
f 309/9/1 287/9/1 308/9/1
f 310/7/1 289/7/1 288/7/1
f 311/7/1 289/7/1 310/7/1
f 312/5/1 291/5/1 290/5/1
f 312/5/1 292/5/1 291/5/1
f 312/5/1 293/5/1 292/5/1
f 312/5/1 294/5/1 293/5/1
f 313/1/1 295/1/1 294/1/1
f 313/5/1 294/5/1 312/5/1
f 314/5/1 296/5/1 295/5/1
f 314/1/1 295/1/1 313/1/1
f 315/14/1 297/14/1 296/14/1
f 315/5/1 296/5/1 314/5/1
f 316/14/1 297/14/1 315/14/1
f 317/5/1 299/5/1 298/5/1
f 318/14/1 300/14/1 299/14/1
f 318/5/1 299/5/1 317/5/1
f 319/5/1 301/5/1 300/5/1
f 319/14/1 300/14/1 318/14/1
f 320/1/1 302/1/1 301/1/1
f 320/5/1 301/5/1 319/5/1
f 321/5/1 303/5/1 302/5/1
f 321/1/1 302/1/1 320/1/1
f 321/5/1 304/5/1 303/5/1
f 322/5/1 304/5/1 321/5/1
f 323/5/1 307/5/1 306/5/1
f 323/5/1 306/5/1 305/5/1
f 324/5/1 307/5/1 323/5/1
f 325/7/1 309/7/1 308/7/1
f 326/7/1 309/7/1 325/7/1
f 344/7/1 328/7/1 327/7/1
f 345/7/1 328/7/1 344/7/1
f 346/5/1 330/5/1 329/5/1
f 347/1/1 331/1/1 330/1/1
f 347/5/1 330/5/1 346/5/1
f 348/5/1 332/5/1 331/5/1
f 348/1/1 331/1/1 347/1/1
f 349/1/1 333/1/1 332/1/1
f 349/5/1 332/5/1 348/5/1
f 350/5/1 334/5/1 333/5/1
f 350/1/1 333/1/1 349/1/1
f 351/13/1 335/13/1 334/13/1
f 351/5/1 334/5/1 350/5/1
f 352/14/1 336/14/1 335/14/1
f 352/13/1 335/13/1 351/13/1
f 353/13/1 337/13/1 336/13/1
f 353/14/1 336/14/1 352/14/1
f 354/1/1 338/1/1 337/1/1
f 354/13/1 337/13/1 353/13/1
f 355/5/1 339/5/1 338/5/1
f 355/1/1 338/1/1 354/1/1
f 356/5/1 339/5/1 355/5/1
f 357/1/1 340/1/1 339/1/1
f 357/5/1 339/5/1 356/5/1
f 358/1/1 340/1/1 357/1/1
f 359/5/1 341/5/1 340/5/1
f 359/1/1 340/1/1 358/1/1
f 360/5/1 341/5/1 359/5/1
f 361/5/1 341/5/1 360/5/1
f 362/7/1 343/7/1 342/7/1
f 363/7/1 343/7/1 362/7/1
f 364/14/1 345/14/1 344/14/1
f 365/14/1 345/14/1 364/14/1
f 366/5/1 347/5/1 346/5/1
f 366/5/1 348/5/1 347/5/1
f 366/5/1 349/5/1 348/5/1
f 366/5/1 350/5/1 349/5/1
f 367/1/1 351/1/1 350/1/1
f 367/5/1 350/5/1 366/5/1
f 367/1/1 352/1/1 351/1/1
f 368/13/1 353/13/1 352/13/1
f 368/1/1 352/1/1 367/1/1
f 369/5/1 354/5/1 353/5/1
f 369/13/1 353/13/1 368/13/1
f 369/5/1 355/5/1 354/5/1
f 370/1/1 356/1/1 355/1/1
f 370/5/1 355/5/1 369/5/1
f 371/5/1 357/5/1 356/5/1
f 371/1/1 356/1/1 370/1/1
f 372/5/1 357/5/1 371/5/1
f 373/5/1 359/5/1 358/5/1
f 374/1/1 360/1/1 359/1/1
f 374/5/1 359/5/1 373/5/1
f 375/5/1 361/5/1 360/5/1
f 375/1/1 360/1/1 374/1/1
f 376/5/1 361/5/1 375/5/1
f 377/13/1 363/13/1 362/13/1
f 378/13/1 363/13/1 377/13/1
f 395/9/1 380/9/1 379/9/1
f 396/9/1 380/9/1 395/9/1
f 397/5/1 382/5/1 381/5/1
f 398/1/1 383/1/1 382/1/1
f 398/5/1 382/5/1 397/5/1
f 399/5/1 384/5/1 383/5/1
f 399/1/1 383/1/1 398/1/1
f 400/5/1 384/5/1 399/5/1
f 401/5/1 384/5/1 400/5/1
f 402/14/1 385/14/1 384/14/1
f 402/5/1 384/5/1 401/5/1
f 403/5/1 386/5/1 385/5/1
f 403/14/1 385/14/1 402/14/1
f 404/5/1 386/5/1 403/5/1
f 405/5/1 386/5/1 404/5/1
f 406/5/1 388/5/1 387/5/1
f 407/1/1 389/1/1 388/1/1
f 407/5/1 388/5/1 406/5/1
f 408/5/1 390/5/1 389/5/1
f 408/1/1 389/1/1 407/1/1
f 409/5/1 390/5/1 408/5/1
f 410/5/1 390/5/1 409/5/1
f 411/1/1 391/1/1 390/1/1
f 411/5/1 390/5/1 410/5/1
f 412/5/1 392/5/1 391/5/1
f 412/1/1 391/1/1 411/1/1
f 413/5/1 392/5/1 412/5/1
f 414/7/1 394/7/1 393/7/1
f 415/7/1 394/7/1 414/7/1
f 416/7/1 396/7/1 395/7/1
f 417/7/1 396/7/1 416/7/1
f 418/5/1 398/5/1 397/5/1
f 418/5/1 399/5/1 398/5/1
f 418/5/1 400/5/1 399/5/1
f 419/1/1 401/1/1 400/1/1
f 419/5/1 400/5/1 418/5/1
f 420/5/1 402/5/1 401/5/1
f 420/1/1 401/1/1 419/1/1
f 420/5/1 403/5/1 402/5/1
f 420/5/1 404/5/1 403/5/1
f 421/1/1 405/1/1 404/1/1
f 421/5/1 404/5/1 420/5/1
f 422/5/1 406/5/1 405/5/1
f 422/1/1 405/1/1 421/1/1
f 422/5/1 407/5/1 406/5/1
f 422/5/1 409/5/1 408/5/1
f 422/5/1 408/5/1 407/5/1
f 423/1/1 410/1/1 409/1/1
f 423/5/1 409/5/1 422/5/1
f 424/5/1 411/5/1 410/5/1
f 424/1/1 410/1/1 423/1/1
f 424/5/1 412/5/1 411/5/1
f 425/13/1 413/13/1 412/13/1
f 425/5/1 412/5/1 424/5/1
f 426/13/1 413/13/1 425/13/1
f 427/9/1 415/9/1 414/9/1
f 428/9/1 415/9/1 427/9/1
f 443/9/1 430/9/1 429/9/1
f 444/9/1 430/9/1 443/9/1
f 445/5/1 432/5/1 431/5/1
f 446/1/1 433/1/1 432/1/1
f 446/5/1 432/5/1 445/5/1
f 447/1/1 433/1/1 446/1/1
f 448/1/1 433/1/1 447/1/1
f 449/5/1 434/5/1 433/5/1
f 449/1/1 433/1/1 448/1/1
f 450/1/1 435/1/1 434/1/1
f 450/5/1 434/5/1 449/5/1
f 451/5/1 436/5/1 435/5/1
f 451/1/1 435/1/1 450/1/1
f 452/5/1 436/5/1 451/5/1
f 453/1/1 437/1/1 436/1/1
f 453/5/1 436/5/1 452/5/1
f 454/5/1 438/5/1 437/5/1
f 454/1/1 437/1/1 453/1/1
f 455/5/1 438/5/1 454/5/1
f 456/5/1 438/5/1 455/5/1
f 457/1/1 439/1/1 438/1/1
f 457/5/1 438/5/1 456/5/1
f 458/1/1 439/1/1 457/1/1
f 459/1/1 439/1/1 458/1/1
f 460/5/1 440/5/1 439/5/1
f 460/1/1 439/1/1 459/1/1
f 461/5/1 440/5/1 460/5/1
f 462/7/1 442/7/1 441/7/1
f 463/7/1 442/7/1 462/7/1
f 464/16/1 444/16/1 443/16/1
f 465/16/1 444/16/1 464/16/1
f 467/1/1 446/1/1 445/1/1
f 468/1/1 446/1/1 467/1/1
f 469/5/1 447/5/1 446/5/1
f 469/1/1 446/1/1 468/1/1
f 470/14/1 448/14/1 447/14/1
f 470/5/1 447/5/1 469/5/1
f 471/14/1 448/14/1 470/14/1
f 472/5/1 449/5/1 448/5/1
f 472/14/1 448/14/1 471/14/1
f 473/1/1 450/1/1 449/1/1
f 473/5/1 449/5/1 472/5/1
f 474/1/1 450/1/1 473/1/1
f 475/14/1 451/14/1 450/14/1
f 475/1/1 450/1/1 474/1/1
f 476/14/1 451/14/1 475/14/1
f 477/5/1 452/5/1 451/5/1
f 477/14/1 451/14/1 476/14/1
f 478/5/1 452/5/1 477/5/1
f 479/1/1 453/1/1 452/1/1
f 479/5/1 452/5/1 478/5/1
f 480/1/1 453/1/1 479/1/1
f 481/1/1 453/1/1 480/1/1
f 482/1/1 453/1/1 481/1/1
f 483/5/1 454/5/1 453/5/1
f 483/1/1 453/1/1 482/1/1
f 483/5/1 455/5/1 454/5/1
f 484/5/1 455/5/1 483/5/1
f 485/5/1 455/5/1 484/5/1
f 486/5/1 455/5/1 485/5/1
f 487/14/1 456/14/1 455/14/1
f 487/5/1 455/5/1 486/5/1
f 488/1/1 457/1/1 456/1/1
f 488/14/1 456/14/1 487/14/1
f 489/5/1 458/5/1 457/5/1
f 489/1/1 457/1/1 488/1/1
f 490/14/1 459/14/1 458/14/1
f 490/5/1 458/5/1 489/5/1
f 491/5/1 461/5/1 460/5/1
f 491/14/1 459/14/1 490/14/1
f 491/5/1 460/5/1 459/5/1
f 492/5/1 461/5/1 491/5/1
f 493/5/1 461/5/1 492/5/1
f 495/15/1 463/15/1 462/15/1
f 496/15/1 463/15/1 495/15/1
f 497/14/1 466/14/1 465/14/1
f 498/16/1 467/16/1 466/16/1
f 498/14/1 466/14/1 497/14/1
f 499/16/1 467/16/1 498/16/1
f 502/15/1 494/15/1 493/15/1
f 503/14/1 495/14/1 494/14/1
f 503/15/1 494/15/1 502/15/1
f 504/14/1 495/14/1 503/14/1
f 505/15/1 500/15/1 499/15/1
f 506/15/1 500/15/1 505/15/1
f 507/14/1 502/14/1 501/14/1
f 508/14/1 502/14/1 507/14/1
f 509/15/1 508/15/1 507/15/1
f 510/15/1 508/15/1 509/15/1
f 511/16/1 506/16/1 505/16/1
f 512/16/1 506/16/1 511/16/1
f 515/16/1 510/16/1 509/16/1
f 516/16/1 510/16/1 515/16/1
f 517/15/1 515/15/1 514/15/1
f 518/15/1 515/15/1 517/15/1
f 519/15/1 513/15/1 512/15/1
f 520/15/1 513/15/1 519/15/1
f 523/16/1 518/16/1 517/16/1
f 524/16/1 518/16/1 523/16/1
f 525/15/1 521/15/1 520/15/1
f 526/15/1 521/15/1 525/15/1
f 529/16/1 523/16/1 522/16/1
f 530/16/1 523/16/1 529/16/1
f 531/16/1 527/16/1 526/16/1
f 532/16/1 527/16/1 531/16/1
f 535/15/1 529/15/1 528/15/1
f 536/15/1 529/15/1 535/15/1
f 537/16/1 533/16/1 532/16/1
f 538/16/1 533/16/1 537/16/1
f 539/14/1 538/14/1 537/14/1
f 540/14/1 538/14/1 539/14/1
f 543/15/1 535/15/1 534/15/1
f 544/15/1 535/15/1 543/15/1
f 545/14/1 541/14/1 540/14/1
f 546/14/1 541/14/1 545/14/1
f 549/14/1 543/14/1 542/14/1
f 550/14/1 543/14/1 549/14/1
f 551/16/1 547/16/1 546/16/1
f 552/16/1 547/16/1 551/16/1
f 556/14/1 549/14/1 548/14/1
f 557/14/1 549/14/1 556/14/1
f 558/16/1 553/16/1 552/16/1
f 559/16/1 553/16/1 558/16/1
f 564/14/1 555/14/1 554/14/1
f 565/16/1 556/16/1 555/16/1
f 565/14/1 555/14/1 564/14/1
f 566/16/1 556/16/1 565/16/1
f 567/16/1 560/16/1 559/16/1
f 568/14/1 561/14/1 560/14/1
f 568/16/1 560/16/1 567/16/1
f 569/14/1 561/14/1 568/14/1
f 572/14/1 563/14/1 562/14/1
f 573/13/1 564/13/1 563/13/1
f 573/14/1 563/14/1 572/14/1
f 574/13/1 564/13/1 573/13/1
f 575/14/1 570/14/1 569/14/1
f 576/14/1 570/14/1 575/14/1
f 578/15/1 572/15/1 571/15/1
f 579/15/1 572/15/1 578/15/1
f 580/16/1 577/16/1 576/16/1
f 581/14/1 578/14/1 577/14/1
f 581/16/1 577/16/1 580/16/1
f 582/14/1 578/14/1 581/14/1
f 606/14/1 584/14/1 583/14/1
f 607/6/1 585/6/1 584/6/1
f 607/14/1 584/14/1 606/14/1
f 608/14/1 586/14/1 585/14/1
f 608/6/1 585/6/1 607/6/1
f 609/6/1 587/6/1 586/6/1
f 609/14/1 586/14/1 608/14/1
f 610/14/1 588/14/1 587/14/1
f 610/6/1 587/6/1 609/6/1
f 611/14/1 588/14/1 610/14/1
f 612/14/1 588/14/1 611/14/1
f 613/6/1 589/6/1 588/6/1
f 613/14/1 588/14/1 612/14/1
f 614/14/1 590/14/1 589/14/1
f 614/6/1 589/6/1 613/6/1
f 615/6/1 591/6/1 590/6/1
f 615/14/1 590/14/1 614/14/1
f 616/1/1 592/1/1 591/1/1
f 616/6/1 591/6/1 615/6/1
f 617/6/1 593/6/1 592/6/1
f 617/1/1 592/1/1 616/1/1
f 618/8/1 594/8/1 593/8/1
f 618/6/1 593/6/1 617/6/1
f 619/2/1 595/2/1 594/2/1
f 619/8/1 594/8/1 618/8/1
f 620/2/1 595/2/1 619/2/1
f 621/8/1 597/8/1 596/8/1
f 622/14/1 598/14/1 597/14/1
f 622/8/1 597/8/1 621/8/1
f 623/6/1 599/6/1 598/6/1
f 623/14/1 598/14/1 622/14/1
f 624/14/1 600/14/1 599/14/1
f 624/6/1 599/6/1 623/6/1
f 625/14/1 600/14/1 624/14/1
f 626/6/1 601/6/1 600/6/1
f 626/14/1 600/14/1 625/14/1
f 627/6/1 601/6/1 626/6/1
f 628/6/1 601/6/1 627/6/1
f 629/6/1 601/6/1 628/6/1
f 630/14/1 602/14/1 601/14/1
f 630/6/1 601/6/1 629/6/1
f 631/6/1 603/6/1 602/6/1
f 631/14/1 602/14/1 630/14/1
f 632/13/1 604/13/1 603/13/1
f 632/6/1 603/6/1 631/6/1
f 633/14/1 605/14/1 604/14/1
f 633/13/1 604/13/1 632/13/1
f 634/14/1 605/14/1 633/14/1
f 635/8/1 619/8/1 618/8/1
f 635/8/1 620/8/1 619/8/1
f 636/2/1 621/2/1 620/2/1
f 636/8/1 620/8/1 635/8/1
f 637/4/1 622/4/1 621/4/1
f 637/2/1 621/2/1 636/2/1
f 638/4/1 622/4/1 637/4/1
f 644/8/1 635/8/1 618/8/1
f 645/4/1 636/4/1 635/4/1
f 645/4/1 637/4/1 636/4/1
f 645/8/1 635/8/1 644/8/1
f 646/4/1 637/4/1 645/4/1
f 647/4/1 637/4/1 646/4/1
f 648/8/1 638/8/1 637/8/1
f 648/4/1 637/4/1 647/4/1
f 649/8/1 638/8/1 648/8/1
f 658/6/1 640/6/1 639/6/1
f 659/6/1 640/6/1 658/6/1
f 660/6/1 640/6/1 659/6/1
f 661/6/1 644/6/1 643/6/1
f 661/6/1 643/6/1 642/6/1
f 661/6/1 642/6/1 641/6/1
f 662/6/1 644/6/1 661/6/1
f 663/6/1 644/6/1 662/6/1
f 664/4/1 645/4/1 644/4/1
f 664/6/1 644/6/1 663/6/1
f 665/2/1 646/2/1 645/2/1
f 665/4/1 645/4/1 664/4/1
f 666/4/1 647/4/1 646/4/1
f 666/2/1 646/2/1 665/2/1
f 667/4/1 647/4/1 666/4/1
f 668/2/1 649/2/1 648/2/1
f 669/6/1 656/6/1 655/6/1
f 669/2/1 649/2/1 668/2/1
f 669/6/1 650/6/1 649/6/1
f 669/6/1 651/6/1 650/6/1
f 669/6/1 652/6/1 651/6/1
f 669/6/1 653/6/1 652/6/1
f 669/6/1 654/6/1 653/6/1
f 669/6/1 655/6/1 654/6/1
f 670/6/1 656/6/1 669/6/1
f 671/6/1 656/6/1 670/6/1
f 672/13/1 657/13/1 656/13/1
f 672/6/1 656/6/1 671/6/1
f 673/13/1 657/13/1 672/13/1
f 674/6/1 661/6/1 660/6/1
f 675/6/1 661/6/1 674/6/1
f 676/6/1 661/6/1 675/6/1
f 677/2/1 665/2/1 664/2/1
f 678/2/1 665/2/1 677/2/1
f 679/2/1 667/2/1 666/2/1
f 680/2/1 667/2/1 679/2/1
f 681/4/1 669/4/1 668/4/1
f 688/4/1 678/4/1 677/4/1
f 689/2/1 679/2/1 678/2/1
f 689/4/1 678/4/1 688/4/1
f 690/2/1 679/2/1 689/2/1
f 691/4/1 681/4/1 680/4/1
f 691/4/1 669/4/1 681/4/1
f 692/4/1 669/4/1 691/4/1
f 700/1/1 683/1/1 682/1/1
f 701/13/1 684/13/1 683/13/1
f 701/1/1 683/1/1 700/1/1
f 702/6/1 687/6/1 686/6/1
f 702/13/1 684/13/1 701/13/1
f 702/6/1 688/6/1 687/6/1
f 702/6/1 685/6/1 684/6/1
f 702/6/1 686/6/1 685/6/1
f 703/6/1 688/6/1 702/6/1
f 704/6/1 688/6/1 703/6/1
f 705/6/1 688/6/1 704/6/1
f 706/6/1 688/6/1 705/6/1
f 707/6/1 688/6/1 706/6/1
f 708/4/1 690/4/1 689/4/1
f 708/6/1 688/6/1 707/6/1
f 708/4/1 689/4/1 688/4/1
f 709/4/1 690/4/1 708/4/1
f 710/4/1 690/4/1 709/4/1
f 711/4/1 691/4/1 680/4/1
f 712/6/1 698/6/1 697/6/1
f 712/6/1 697/6/1 696/6/1
f 712/6/1 696/6/1 695/6/1
f 712/2/1 692/2/1 691/2/1
f 712/6/1 693/6/1 692/6/1
f 712/6/1 694/6/1 693/6/1
f 712/6/1 695/6/1 694/6/1
f 713/6/1 698/6/1 712/6/1
f 714/6/1 698/6/1 713/6/1
f 715/6/1 698/6/1 714/6/1
f 716/6/1 698/6/1 715/6/1
f 717/6/1 698/6/1 716/6/1
f 718/1/1 699/1/1 698/1/1
f 718/6/1 698/6/1 717/6/1
f 719/1/1 699/1/1 718/1/1
f 720/2/1 709/2/1 708/2/1
f 721/2/1 709/2/1 720/2/1
f 722/4/1 711/4/1 710/4/1
f 723/4/1 691/4/1 711/4/1
f 723/4/1 711/4/1 722/4/1
f 724/2/1 712/2/1 691/2/1
f 724/4/1 691/4/1 723/4/1
f 725/2/1 712/2/1 724/2/1
f 733/4/1 721/4/1 720/4/1
f 734/2/1 723/2/1 722/2/1
f 734/2/1 722/2/1 721/2/1
f 734/4/1 721/4/1 733/4/1
f 735/2/1 723/2/1 734/2/1
f 736/4/1 724/4/1 723/4/1
f 736/2/1 723/2/1 735/2/1
f 737/8/1 725/8/1 724/8/1
f 737/4/1 724/4/1 736/4/1
f 738/8/1 725/8/1 737/8/1
f 743/6/1 727/6/1 726/6/1
f 744/6/1 727/6/1 743/6/1
f 747/1/1 729/1/1 728/1/1
f 748/6/1 733/6/1 732/6/1
f 748/1/1 729/1/1 747/1/1
f 748/6/1 732/6/1 731/6/1
f 748/6/1 730/6/1 729/6/1
f 748/6/1 731/6/1 730/6/1
f 749/6/1 733/6/1 748/6/1
f 750/6/1 733/6/1 749/6/1
f 751/6/1 733/6/1 750/6/1
f 752/6/1 733/6/1 751/6/1
f 753/8/1 734/8/1 733/8/1
f 753/6/1 733/6/1 752/6/1
f 754/2/1 735/2/1 734/2/1
f 754/8/1 734/8/1 753/8/1
f 755/4/1 736/4/1 735/4/1
f 755/2/1 735/2/1 754/2/1
f 755/4/1 737/4/1 736/4/1
f 756/4/1 737/4/1 755/4/1
f 757/4/1 737/4/1 756/4/1
f 758/6/1 744/6/1 743/6/1
f 758/6/1 742/6/1 741/6/1
f 758/6/1 743/6/1 742/6/1
f 758/6/1 745/6/1 744/6/1
f 758/6/1 739/6/1 738/6/1
f 758/6/1 740/6/1 739/6/1
f 758/6/1 741/6/1 740/6/1
f 759/6/1 745/6/1 758/6/1
f 760/6/1 745/6/1 759/6/1
f 761/1/1 746/1/1 745/1/1
f 761/6/1 745/6/1 760/6/1
f 762/1/1 746/1/1 761/1/1
f 772/6/1 764/6/1 763/6/1
f 773/6/1 764/6/1 772/6/1
f 778/1/1 766/1/1 765/1/1
f 779/6/1 771/6/1 770/6/1
f 779/1/1 766/1/1 778/1/1
f 779/6/1 767/6/1 766/6/1
f 779/6/1 768/6/1 767/6/1
f 779/6/1 769/6/1 768/6/1
f 779/6/1 770/6/1 769/6/1
f 780/6/1 771/6/1 779/6/1
f 781/6/1 771/6/1 780/6/1
f 782/6/1 771/6/1 781/6/1
f 783/6/1 771/6/1 782/6/1
f 784/6/1 771/6/1 783/6/1
f 786/6/1 775/6/1 774/6/1
f 786/6/1 774/6/1 773/6/1
f 786/6/1 776/6/1 775/6/1
f 787/6/1 776/6/1 786/6/1
f 788/6/1 776/6/1 787/6/1
f 789/6/1 776/6/1 788/6/1
f 790/1/1 777/1/1 776/1/1
f 790/6/1 776/6/1 789/6/1
f 791/1/1 777/1/1 790/1/1
f 792/6/1 785/6/1 784/6/1
f 793/6/1 785/6/1 792/6/1
f 805/6/1 798/6/1 797/6/1
f 805/6/1 795/6/1 794/6/1
f 805/6/1 796/6/1 795/6/1
f 805/6/1 797/6/1 796/6/1
f 805/6/1 801/6/1 800/6/1
f 805/6/1 800/6/1 799/6/1
f 805/6/1 799/6/1 798/6/1
f 806/6/1 801/6/1 805/6/1
f 807/6/1 801/6/1 806/6/1
f 808/6/1 801/6/1 807/6/1
f 809/6/1 801/6/1 808/6/1
f 810/6/1 801/6/1 809/6/1
f 811/6/1 801/6/1 810/6/1
f 812/6/1 801/6/1 811/6/1
f 813/13/1 802/13/1 801/13/1
f 813/6/1 801/6/1 812/6/1
f 814/14/1 803/14/1 802/14/1
f 814/13/1 802/13/1 813/13/1
f 815/6/1 804/6/1 803/6/1
f 815/14/1 803/14/1 814/14/1
f 816/6/1 804/6/1 815/6/1
f 825/15/1 818/15/1 817/15/1
f 826/15/1 818/15/1 825/15/1
f 827/15/1 820/15/1 819/15/1
f 828/15/1 822/15/1 821/15/1
f 829/15/1 824/15/1 823/15/1
f 830/15/1 824/15/1 829/15/1
f 831/15/1 828/15/1 821/15/1
f 832/16/1 830/16/1 829/16/1
f 833/16/1 826/16/1 825/16/1
f 834/16/1 826/16/1 833/16/1
f 835/15/1 820/15/1 827/15/1
f 836/15/1 820/15/1 835/15/1
f 839/15/1 831/15/1 821/15/1
f 840/15/1 831/15/1 839/15/1
f 841/16/1 830/16/1 832/16/1
f 842/16/1 830/16/1 841/16/1
f 843/16/1 835/16/1 834/16/1
f 844/16/1 835/16/1 843/16/1
f 845/15/1 844/15/1 843/15/1
f 846/15/1 844/15/1 845/15/1
f 847/15/1 839/15/1 838/15/1
f 848/16/1 841/16/1 840/16/1
f 849/16/1 841/16/1 848/16/1
f 850/16/1 846/16/1 845/16/1
f 851/16/1 846/16/1 850/16/1
f 852/15/1 837/15/1 836/15/1
f 853/15/1 837/15/1 852/15/1
f 856/15/1 847/15/1 838/15/1
f 857/15/1 847/15/1 856/15/1
f 858/15/1 849/15/1 848/15/1
f 859/15/1 849/15/1 858/15/1
f 860/16/1 852/16/1 851/16/1
f 861/16/1 852/16/1 860/16/1
f 862/15/1 854/15/1 853/15/1
f 863/15/1 854/15/1 862/15/1
f 866/15/1 856/15/1 855/15/1
f 867/15/1 856/15/1 866/15/1
f 868/16/1 858/16/1 857/16/1
f 869/16/1 858/16/1 868/16/1
f 870/16/1 862/16/1 861/16/1
f 871/16/1 862/16/1 870/16/1
f 872/15/1 864/15/1 863/15/1
f 873/15/1 864/15/1 872/15/1
f 876/15/1 866/15/1 865/15/1
f 877/15/1 866/15/1 876/15/1
f 878/16/1 868/16/1 867/16/1
f 879/16/1 868/16/1 878/16/1
f 880/16/1 872/16/1 871/16/1
f 881/15/1 874/15/1 873/15/1
f 882/16/1 880/16/1 871/16/1
f 883/16/1 880/16/1 882/16/1
f 884/15/1 874/15/1 881/15/1
f 885/15/1 874/15/1 884/15/1
f 888/15/1 876/15/1 875/15/1
f 889/15/1 876/15/1 888/15/1
f 890/15/1 878/15/1 877/15/1
f 891/15/1 878/15/1 890/15/1
f 892/16/1 884/16/1 883/16/1
f 893/16/1 884/16/1 892/16/1
f 894/15/1 886/15/1 885/15/1
f 895/15/1 886/15/1 894/15/1
f 898/15/1 888/15/1 887/15/1
f 899/15/1 888/15/1 898/15/1
f 900/15/1 890/15/1 889/15/1
f 901/15/1 890/15/1 900/15/1
f 902/16/1 894/16/1 893/16/1
f 903/16/1 894/16/1 902/16/1
f 904/15/1 896/15/1 895/15/1
f 905/15/1 896/15/1 904/15/1
f 908/15/1 898/15/1 897/15/1
f 909/15/1 898/15/1 908/15/1
f 910/15/1 898/15/1 909/15/1
f 911/15/1 900/15/1 899/15/1
f 912/15/1 900/15/1 911/15/1
f 913/16/1 904/16/1 903/16/1
f 914/16/1 904/16/1 913/16/1
f 916/15/1 906/15/1 905/15/1
f 917/15/1 906/15/1 916/15/1
f 918/15/1 906/15/1 917/15/1
f 921/15/1 908/15/1 907/15/1
f 922/15/1 908/15/1 921/15/1
f 923/15/1 908/15/1 922/15/1
f 925/16/1 911/16/1 910/16/1
f 926/16/1 911/16/1 925/16/1
f 927/16/1 915/16/1 914/16/1
f 928/15/1 916/15/1 915/15/1
f 928/16/1 915/16/1 927/16/1
f 929/15/1 916/15/1 928/15/1
f 931/15/1 919/15/1 918/15/1
f 932/15/1 919/15/1 931/15/1
f 934/16/1 921/16/1 920/16/1
f 935/16/1 921/16/1 934/16/1
f 937/15/1 924/15/1 923/15/1
f 937/15/1 925/15/1 924/15/1
f 938/15/1 925/15/1 937/15/1
f 939/14/1 930/14/1 929/14/1
f 940/13/1 931/13/1 930/13/1
f 940/14/1 930/14/1 939/14/1
f 941/13/1 931/13/1 940/13/1
f 943/16/1 933/16/1 932/16/1
f 944/15/1 934/15/1 933/15/1
f 944/16/1 933/16/1 943/16/1
f 945/15/1 934/15/1 944/15/1
f 946/15/1 936/15/1 935/15/1
f 947/14/1 937/14/1 936/14/1
f 947/15/1 936/15/1 946/15/1
f 948/14/1 937/14/1 947/14/1
f 949/15/1 942/15/1 941/15/1
f 950/16/1 943/16/1 942/16/1
f 950/15/1 942/15/1 949/15/1
f 951/16/1 943/16/1 950/16/1
f 953/16/1 946/16/1 945/16/1
f 954/16/1 946/16/1 953/16/1
f 955/14/1 952/14/1 951/14/1
f 956/15/1 953/15/1 952/15/1
f 956/14/1 952/14/1 955/14/1
f 957/15/1 953/15/1 956/15/1
f 961/8/1 959/8/1 958/8/1
f 962/2/1 960/2/1 959/2/1
f 962/8/1 959/8/1 961/8/1
f 963/2/1 960/2/1 962/2/1
f 968/6/1 965/6/1 964/6/1
f 969/6/1 965/6/1 968/6/1
f 970/2/1 967/2/1 966/2/1
f 971/2/1 967/2/1 970/2/1
f 973/2/1 971/2/1 970/2/1
f 974/2/1 971/2/1 973/2/1
f 975/2/1 973/2/1 972/2/1
f 977/2/1 973/2/1 975/2/1
f 978/2/1 973/2/1 977/2/1
f 979/2/1 977/2/1 976/2/1
f 980/2/1 977/2/1 979/2/1
f 983/8/1 982/8/1 981/8/1
f 984/8/1 982/8/1 983/8/1
f 987/6/1 986/6/1 985/6/1
f 988/6/1 986/6/1 987/6/1
f 989/6/1 986/6/1 988/6/1
f 1013/5/1 991/5/1 990/5/1
f 1013/5/1 992/5/1 991/5/1
f 1014/14/1 993/14/1 992/14/1
f 1014/5/1 992/5/1 1013/5/1
f 1015/13/1 994/13/1 993/13/1
f 1015/14/1 993/14/1 1014/14/1
f 1016/5/1 995/5/1 994/5/1
f 1016/13/1 994/13/1 1015/13/1
f 1017/1/1 996/1/1 995/1/1
f 1017/5/1 995/5/1 1016/5/1
f 1018/14/1 997/14/1 996/14/1
f 1018/1/1 996/1/1 1017/1/1
f 1019/5/1 998/5/1 997/5/1
f 1019/14/1 997/14/1 1018/14/1
f 1020/1/1 999/1/1 998/1/1
f 1020/5/1 998/5/1 1019/5/1
f 1020/1/1 1000/1/1 999/1/1
f 1021/1/1 1000/1/1 1020/1/1
f 1022/1/1 1000/1/1 1021/1/1
f 1023/1/1 1000/1/1 1022/1/1
f 1024/14/1 1001/14/1 1000/14/1
f 1024/1/1 1000/1/1 1023/1/1
f 1025/1/1 1002/1/1 1001/1/1
f 1025/14/1 1001/14/1 1024/14/1
f 1025/1/1 1003/1/1 1002/1/1
f 1026/1/1 1003/1/1 1025/1/1
f 1027/5/1 1004/5/1 1003/5/1
f 1027/1/1 1003/1/1 1026/1/1
f 1028/14/1 1005/14/1 1004/14/1
f 1028/5/1 1004/5/1 1027/5/1
f 1029/5/1 1006/5/1 1005/5/1
f 1029/14/1 1005/14/1 1028/14/1
f 1030/1/1 1007/1/1 1006/1/1
f 1030/5/1 1006/5/1 1029/5/1
f 1030/1/1 1010/1/1 1009/1/1
f 1030/1/1 1008/1/1 1007/1/1
f 1030/1/1 1009/1/1 1008/1/1
f 1031/1/1 1010/1/1 1030/1/1
f 1032/5/1 1011/5/1 1010/5/1
f 1032/1/1 1010/1/1 1031/1/1
f 1033/1/1 1012/1/1 1011/1/1
f 1033/5/1 1011/5/1 1032/5/1
f 1034/1/1 1012/1/1 1033/1/1
f 1035/5/1 1013/5/1 990/5/1
f 1036/1/1 1014/1/1 1013/1/1
f 1036/5/1 1013/5/1 1035/5/1
f 1036/1/1 1015/1/1 1014/1/1
f 1036/1/1 1016/1/1 1015/1/1
f 1037/1/1 1016/1/1 1036/1/1
f 1038/13/1 1020/13/1 1019/13/1
f 1039/5/1 1021/5/1 1020/5/1
f 1039/13/1 1020/13/1 1038/13/1
f 1040/13/1 1022/13/1 1021/13/1
f 1040/5/1 1021/5/1 1039/5/1
f 1041/14/1 1023/14/1 1022/14/1
f 1041/13/1 1022/13/1 1040/13/1
f 1042/5/1 1025/5/1 1024/5/1
f 1042/14/1 1023/14/1 1041/14/1
f 1042/5/1 1024/5/1 1023/5/1
f 1043/13/1 1026/13/1 1025/13/1
f 1043/5/1 1025/5/1 1042/5/1
f 1044/5/1 1027/5/1 1026/5/1
f 1044/13/1 1026/13/1 1043/13/1
f 1044/5/1 1028/5/1 1027/5/1
f 1045/5/1 1028/5/1 1044/5/1
f 1046/5/1 1028/5/1 1045/5/1
f 1047/5/1 1031/5/1 1030/5/1
f 1048/5/1 1031/5/1 1047/5/1
f 1049/5/1 1034/5/1 1033/5/1
f 1049/5/1 1033/5/1 1032/5/1
f 1050/5/1 1034/5/1 1049/5/1
f 1054/15/1 1042/15/1 1041/15/1
f 1054/15/1 1041/15/1 1040/15/1
f 1055/16/1 1043/16/1 1042/16/1
f 1055/15/1 1042/15/1 1054/15/1
f 1056/15/1 1044/15/1 1043/15/1
f 1056/16/1 1043/16/1 1055/16/1
f 1057/16/1 1045/16/1 1044/16/1
f 1057/15/1 1044/15/1 1056/15/1
f 1058/16/1 1045/16/1 1057/16/1
f 1064/1/1 1052/1/1 1051/1/1
f 1065/5/1 1053/5/1 1052/5/1
f 1065/1/1 1052/1/1 1064/1/1
f 1066/5/1 1053/5/1 1065/5/1
f 1067/5/1 1060/5/1 1059/5/1
f 1067/16/1 1059/16/1 1058/16/1
f 1068/1/1 1061/1/1 1060/1/1
f 1068/5/1 1060/5/1 1067/5/1
f 1069/5/1 1062/5/1 1061/5/1
f 1069/1/1 1061/1/1 1068/1/1
f 1070/5/1 1062/5/1 1069/5/1
f 1071/1/1 1063/1/1 1062/1/1
f 1071/5/1 1062/5/1 1070/5/1
f 1072/1/1 1063/1/1 1071/1/1
f 1073/5/1 1065/5/1 1064/5/1
f 1074/1/1 1066/1/1 1065/1/1
f 1074/5/1 1065/5/1 1073/5/1
f 1075/5/1 1053/5/1 1066/5/1
f 1075/1/1 1066/1/1 1074/1/1
f 1076/16/1 1054/16/1 1053/16/1
f 1076/5/1 1053/5/1 1075/5/1
f 1077/16/1 1054/16/1 1076/16/1
f 1078/1/1 1071/1/1 1070/1/1
f 1079/5/1 1072/5/1 1071/5/1
f 1079/1/1 1071/1/1 1078/1/1
f 1080/5/1 1072/5/1 1079/5/1
f 1086/15/1 1077/15/1 1076/15/1
f 1087/16/1 1067/16/1 1058/16/1
f 1092/14/1 1082/14/1 1081/14/1
f 1093/5/1 1083/5/1 1082/5/1
f 1093/14/1 1082/14/1 1092/14/1
f 1094/13/1 1084/13/1 1083/13/1
f 1094/5/1 1083/5/1 1093/5/1
f 1095/1/1 1085/1/1 1084/1/1
f 1095/13/1 1084/13/1 1094/13/1
f 1096/5/1 1086/5/1 1085/5/1
f 1096/1/1 1085/1/1 1095/1/1
f 1097/15/1 1077/15/1 1086/15/1
f 1097/5/1 1086/5/1 1096/5/1
f 1098/15/1 1077/15/1 1097/15/1
f 1099/16/1 1087/16/1 1058/16/1
f 1099/1/1 1088/1/1 1087/1/1
f 1100/13/1 1089/13/1 1088/13/1
f 1100/1/1 1088/1/1 1099/1/1
f 1101/1/1 1090/1/1 1089/1/1
f 1101/13/1 1089/13/1 1100/13/1
f 1102/1/1 1090/1/1 1101/1/1
f 1103/5/1 1091/5/1 1090/5/1
f 1103/1/1 1090/1/1 1102/1/1
f 1104/5/1 1091/5/1 1103/5/1
f 1105/13/1 1094/13/1 1093/13/1
f 1106/1/1 1095/1/1 1094/1/1
f 1106/13/1 1094/13/1 1105/13/1
f 1107/1/1 1095/1/1 1106/1/1
f 1108/5/1 1102/5/1 1101/5/1
f 1108/5/1 1101/5/1 1100/5/1
f 1108/5/1 1100/5/1 1099/5/1
f 1108/16/1 1099/16/1 1058/16/1
f 1109/14/1 1103/14/1 1102/14/1
f 1109/5/1 1102/5/1 1108/5/1
f 1110/14/1 1103/14/1 1109/14/1
f 1114/16/1 1098/16/1 1097/16/1
f 1115/16/1 1098/16/1 1114/16/1
f 1118/16/1 1108/16/1 1058/16/1
f 1119/16/1 1108/16/1 1118/16/1
f 1122/14/1 1112/14/1 1111/14/1
f 1123/13/1 1113/13/1 1112/13/1
f 1123/14/1 1112/14/1 1122/14/1
f 1124/13/1 1113/13/1 1123/13/1
f 1126/5/1 1115/5/1 1114/5/1
f 1127/16/1 1116/16/1 1115/16/1
f 1127/5/1 1115/5/1 1126/5/1
f 1128/15/1 1117/15/1 1116/15/1
f 1128/16/1 1116/16/1 1127/16/1
f 1129/16/1 1118/16/1 1117/16/1
f 1129/15/1 1117/15/1 1128/15/1
f 1130/16/1 1118/16/1 1129/16/1
f 1131/16/1 1118/16/1 1130/16/1
f 1132/5/1 1119/5/1 1118/5/1
f 1132/16/1 1118/16/1 1131/16/1
f 1133/1/1 1120/1/1 1119/1/1
f 1133/5/1 1119/5/1 1132/5/1
f 1134/1/1 1120/1/1 1133/1/1
f 1135/1/1 1120/1/1 1134/1/1
f 1136/13/1 1121/13/1 1120/13/1
f 1136/1/1 1120/1/1 1135/1/1
f 1137/13/1 1121/13/1 1136/13/1
f 1138/14/1 1124/14/1 1123/14/1
f 1139/5/1 1125/5/1 1124/5/1
f 1139/14/1 1124/14/1 1138/14/1
f 1140/1/1 1127/1/1 1126/1/1
f 1140/5/1 1125/5/1 1139/5/1
f 1140/1/1 1126/1/1 1125/1/1
f 1140/1/1 1130/1/1 1129/1/1
f 1140/1/1 1129/1/1 1128/1/1
f 1140/1/1 1128/1/1 1127/1/1
f 1141/5/1 1131/5/1 1130/5/1
f 1141/1/1 1130/1/1 1140/1/1
f 1142/5/1 1131/5/1 1141/5/1
f 1143/13/1 1134/13/1 1133/13/1
f 1144/5/1 1135/5/1 1134/5/1
f 1144/13/1 1134/13/1 1143/13/1
f 1145/14/1 1136/14/1 1135/14/1
f 1145/5/1 1135/5/1 1144/5/1
f 1146/14/1 1136/14/1 1145/14/1
f 1153/14/1 1148/14/1 1147/14/1
f 1154/13/1 1149/13/1 1148/13/1
f 1154/14/1 1148/14/1 1153/14/1
f 1155/13/1 1149/13/1 1154/13/1
f 1156/1/1 1151/1/1 1150/1/1
f 1157/5/1 1152/5/1 1151/5/1
f 1157/1/1 1151/1/1 1156/1/1
f 1158/5/1 1152/5/1 1157/5/1
f 1159/14/1 1156/14/1 1155/14/1
f 1160/14/1 1156/14/1 1159/14/1
f 1161/14/1 1156/14/1 1160/14/1
f 1173/6/1 1163/6/1 1162/6/1
f 1173/6/1 1164/6/1 1163/6/1
f 1173/6/1 1165/6/1 1164/6/1
f 1174/6/1 1165/6/1 1173/6/1
f 1175/6/1 1165/6/1 1174/6/1
f 1179/6/1 1168/6/1 1167/6/1
f 1179/6/1 1167/6/1 1166/6/1
f 1180/6/1 1168/6/1 1179/6/1
f 1181/6/1 1168/6/1 1180/6/1
f 1182/6/1 1170/6/1 1169/6/1
f 1183/6/1 1170/6/1 1182/6/1
f 1185/6/1 1172/6/1 1171/6/1
f 1185/6/1 1173/6/1 1172/6/1
f 1185/6/1 1174/6/1 1173/6/1
f 1186/6/1 1174/6/1 1185/6/1
f 1187/6/1 1174/6/1 1186/6/1
f 1188/6/1 1174/6/1 1187/6/1
f 1189/6/1 1176/6/1 1175/6/1
f 1190/14/1 1177/14/1 1176/14/1
f 1190/6/1 1176/6/1 1189/6/1
f 1191/14/1 1177/14/1 1190/14/1
f 1196/14/1 1179/14/1 1178/14/1
f 1197/6/1 1180/6/1 1179/6/1
f 1197/14/1 1179/14/1 1196/14/1
f 1198/6/1 1180/6/1 1197/6/1
f 1199/6/1 1184/6/1 1183/6/1
f 1200/6/1 1184/6/1 1199/6/1
f 1201/6/1 1184/6/1 1200/6/1
f 1202/10/1 1193/10/1 1192/10/1
f 1202/10/1 1192/10/1 1191/10/1
f 1203/10/1 1193/10/1 1202/10/1
f 1204/10/1 1193/10/1 1203/10/1
f 1205/12/1 1194/12/1 1193/12/1
f 1205/10/1 1193/10/1 1204/10/1
f 1206/11/1 1195/11/1 1194/11/1
f 1206/12/1 1194/12/1 1205/12/1
f 1207/12/1 1196/12/1 1195/12/1
f 1207/11/1 1195/11/1 1206/11/1
f 1208/12/1 1196/12/1 1207/12/1
f 1219/11/1 1203/11/1 1202/11/1
f 1220/10/1 1204/10/1 1203/10/1
f 1220/11/1 1203/11/1 1219/11/1
f 1221/12/1 1205/12/1 1204/12/1
f 1221/10/1 1204/10/1 1220/10/1
f 1222/10/1 1206/10/1 1205/10/1
f 1222/12/1 1205/12/1 1221/12/1
f 1223/12/1 1207/12/1 1206/12/1
f 1223/10/1 1206/10/1 1222/10/1
f 1224/10/1 1208/10/1 1207/10/1
f 1224/12/1 1207/12/1 1223/12/1
f 1225/10/1 1208/10/1 1224/10/1
f 1226/1/1 1210/1/1 1209/1/1
f 1227/5/1 1211/5/1 1210/5/1
f 1227/1/1 1210/1/1 1226/1/1
f 1227/5/1 1212/5/1 1211/5/1
f 1228/5/1 1212/5/1 1227/5/1
f 1229/5/1 1212/5/1 1228/5/1
f 1232/6/1 1214/6/1 1213/6/1
f 1232/6/1 1215/6/1 1214/6/1
f 1233/6/1 1215/6/1 1232/6/1
f 1234/6/1 1215/6/1 1233/6/1
f 1235/17/1 1216/17/1 1215/17/1
f 1235/6/1 1215/6/1 1234/6/1
f 1236/17/1 1216/17/1 1235/17/1
f 1237/6/1 1218/6/1 1217/6/1
f 1237/17/1 1216/17/1 1236/17/1
f 1237/6/1 1217/6/1 1216/6/1
f 1238/6/1 1218/6/1 1237/6/1
f 1239/16/1 1221/16/1 1220/16/1
f 1239/16/1 1220/16/1 1219/16/1
f 1239/16/1 1222/16/1 1221/16/1
f 1240/16/1 1222/16/1 1239/16/1
f 1241/15/1 1223/15/1 1222/15/1
f 1241/16/1 1222/16/1 1240/16/1
f 1241/15/1 1224/15/1 1223/15/1
f 1242/15/1 1224/15/1 1241/15/1
f 1243/16/1 1225/16/1 1224/16/1
f 1243/15/1 1224/15/1 1242/15/1
f 1244/16/1 1225/16/1 1243/16/1
f 1245/6/1 1231/6/1 1230/6/1
f 1245/6/1 1230/6/1 1229/6/1
f 1245/6/1 1229/6/1 1228/6/1
f 1246/6/1 1231/6/1 1245/6/1
f 1247/6/1 1231/6/1 1246/6/1
f 1248/6/1 1231/6/1 1247/6/1
f 1249/6/1 1231/6/1 1248/6/1
f 1253/12/1 1240/12/1 1239/12/1
f 1254/12/1 1240/12/1 1253/12/1
f 1255/11/1 1241/11/1 1240/11/1
f 1255/12/1 1240/12/1 1254/12/1
f 1255/11/1 1242/11/1 1241/11/1
f 1256/11/1 1242/11/1 1255/11/1
f 1257/10/1 1244/10/1 1243/10/1
f 1257/11/1 1242/11/1 1256/11/1
f 1257/10/1 1243/10/1 1242/10/1
f 1258/10/1 1244/10/1 1257/10/1
f 1260/6/1 1252/6/1 1251/6/1
f 1260/6/1 1251/6/1 1250/6/1
f 1261/6/1 1252/6/1 1260/6/1
f 1262/11/1 1254/11/1 1253/11/1
f 1263/12/1 1256/12/1 1255/12/1
f 1263/11/1 1254/11/1 1262/11/1
f 1263/12/1 1255/12/1 1254/12/1
f 1264/10/1 1257/10/1 1256/10/1
f 1264/12/1 1256/12/1 1263/12/1
f 1265/12/1 1258/12/1 1257/12/1
f 1265/10/1 1257/10/1 1264/10/1
f 1266/12/1 1258/12/1 1265/12/1
f 1267/12/1 1258/12/1 1266/12/1
f 1271/14/1 1260/14/1 1259/14/1
f 1272/14/1 1260/14/1 1271/14/1
f 1274/6/1 1252/6/1 1261/6/1
f 1275/6/1 1252/6/1 1274/6/1
f 1276/12/1 1263/12/1 1262/12/1
f 1277/10/1 1264/10/1 1263/10/1
f 1277/12/1 1263/12/1 1276/12/1
f 1277/10/1 1265/10/1 1264/10/1
f 1277/10/1 1266/10/1 1265/10/1
f 1278/10/1 1266/10/1 1277/10/1
f 1279/11/1 1267/11/1 1266/11/1
f 1279/10/1 1266/10/1 1278/10/1
f 1280/11/1 1267/11/1 1279/11/1
f 1281/6/1 1269/6/1 1268/6/1
f 1282/14/1 1270/14/1 1269/14/1
f 1282/6/1 1269/6/1 1281/6/1
f 1283/14/1 1270/14/1 1282/14/1
f 1284/6/1 1275/6/1 1274/6/1
f 1284/6/1 1274/6/1 1273/6/1
f 1285/6/1 1275/6/1 1284/6/1
f 1286/6/1 1275/6/1 1285/6/1
f 1292/6/1 1288/6/1 1287/6/1
f 1294/6/1 1291/6/1 1290/6/1
f 1294/6/1 1290/6/1 1289/6/1
f 1295/6/1 1291/6/1 1294/6/1
f 1296/6/1 1291/6/1 1295/6/1
f 1297/6/1 1291/6/1 1296/6/1
f 1298/6/1 1291/6/1 1297/6/1
f 1299/6/1 1292/6/1 1287/6/1
f 1300/14/1 1293/14/1 1292/14/1
f 1300/6/1 1292/6/1 1299/6/1
f 1301/14/1 1293/14/1 1300/14/1
f 1302/6/1 1298/6/1 1297/6/1
f 1303/6/1 1298/6/1 1302/6/1
f 1310/6/1 1305/6/1 1304/6/1
f 1311/6/1 1305/6/1 1310/6/1
f 1312/6/1 1307/6/1 1306/6/1
f 1313/17/1 1308/17/1 1307/17/1
f 1313/6/1 1307/6/1 1312/6/1
f 1314/6/1 1309/6/1 1308/6/1
f 1314/17/1 1308/17/1 1313/17/1
f 1315/6/1 1309/6/1 1314/6/1
f 1319/6/1 1317/6/1 1316/6/1
f 1319/6/1 1318/6/1 1317/6/1
f 1320/6/1 1318/6/1 1319/6/1
f 1323/6/1 1322/6/1 1321/6/1
f 1324/6/1 1322/6/1 1323/6/1
f 1325/6/1 1322/6/1 1324/6/1
f 1328/6/1 1327/6/1 1326/6/1
f 1329/6/1 1327/6/1 1328/6/1
f 1333/17/1 1331/17/1 1330/17/1
f 1334/6/1 1332/6/1 1331/6/1
f 1334/17/1 1331/17/1 1333/17/1
f 1335/6/1 1332/6/1 1334/6/1
f 1338/1/1 1337/1/1 1336/1/1
f 1339/1/1 1337/1/1 1338/1/1
f 1342/3/1 1341/3/1 1340/3/1
f 1343/3/1 1341/3/1 1342/3/1
f 1346/1/1 1345/1/1 1344/1/1
f 1347/1/1 1345/1/1 1346/1/1
f 1350/1/1 1349/1/1 1348/1/1
f 1351/1/1 1349/1/1 1350/1/1
f 1353/3/1 1352/3/1 1351/3/1
f 1354/3/1 1352/3/1 1353/3/1
f 1357/1/1 1356/1/1 1355/1/1
f 1358/1/1 1356/1/1 1357/1/1
f 1361/1/1 1360/1/1 1359/1/1
f 1362/1/1 1360/1/1 1361/1/1
f 1366/1/1 1364/1/1 1363/1/1
f 1367/5/1 1365/5/1 1364/5/1
f 1367/1/1 1364/1/1 1366/1/1
f 1368/5/1 1365/5/1 1367/5/1
f 1369/5/1 1365/5/1 1368/5/1
f 1372/1/1 1371/1/1 1370/1/1
f 1373/1/1 1371/1/1 1372/1/1
f 1376/5/1 1375/5/1 1374/5/1
f 1377/5/1 1375/5/1 1376/5/1
f 1380/6/1 1379/6/1 1378/6/1
f 1381/6/1 1379/6/1 1380/6/1
f 1384/5/1 1383/5/1 1382/5/1
f 1384/5/1 1382/5/1 1381/5/1
f 1385/5/1 1383/5/1 1384/5/1
f 1388/6/1 1387/6/1 1386/6/1
f 1389/6/1 1387/6/1 1388/6/1
f 1393/6/1 1391/6/1 1390/6/1
f 1394/6/1 1391/6/1 1393/6/1
f 1395/5/1 1392/5/1 1391/5/1
f 1395/6/1 1391/6/1 1394/6/1
f 1396/5/1 1392/5/1 1395/5/1
f 1400/5/1 1398/5/1 1397/5/1
f 1400/5/1 1399/5/1 1398/5/1
f 1401/5/1 1399/5/1 1400/5/1
f 1402/5/1 1399/5/1 1401/5/1
f 1407/7/1 1404/7/1 1403/7/1
f 1408/7/1 1404/7/1 1407/7/1
f 1409/9/1 1406/9/1 1405/9/1
f 1410/9/1 1406/9/1 1409/9/1
f 1411/9/1 1408/9/1 1407/9/1
f 1412/9/1 1408/9/1 1411/9/1
f 1413/7/1 1410/7/1 1409/7/1
f 1414/7/1 1410/7/1 1413/7/1
f 1419/7/1 1416/7/1 1415/7/1
f 1420/7/1 1416/7/1 1419/7/1
f 1421/9/1 1418/9/1 1417/9/1
f 1422/9/1 1418/9/1 1421/9/1
f 1423/9/1 1420/9/1 1419/9/1
f 1424/9/1 1420/9/1 1423/9/1
f 1425/7/1 1422/7/1 1421/7/1
f 1426/7/1 1422/7/1 1425/7/1
f 1431/7/1 1428/7/1 1427/7/1
f 1432/7/1 1428/7/1 1431/7/1
f 1433/7/1 1430/7/1 1429/7/1
f 1434/7/1 1430/7/1 1433/7/1
f 1435/9/1 1432/9/1 1431/9/1
f 1436/9/1 1432/9/1 1435/9/1
f 1437/9/1 1434/9/1 1433/9/1
f 1438/9/1 1434/9/1 1437/9/1
f 1443/9/1 1440/9/1 1439/9/1
f 1444/9/1 1440/9/1 1443/9/1
f 1445/9/1 1442/9/1 1441/9/1
f 1446/9/1 1442/9/1 1445/9/1
f 1447/7/1 1444/7/1 1443/7/1
f 1448/7/1 1444/7/1 1447/7/1
f 1449/7/1 1446/7/1 1445/7/1
f 1450/7/1 1446/7/1 1449/7/1
f 1455/9/1 1452/9/1 1451/9/1
f 1456/9/1 1452/9/1 1455/9/1
f 1457/7/1 1454/7/1 1453/7/1
f 1458/7/1 1454/7/1 1457/7/1
f 1459/7/1 1456/7/1 1455/7/1
f 1460/7/1 1456/7/1 1459/7/1
f 1461/9/1 1458/9/1 1457/9/1
f 1462/9/1 1458/9/1 1461/9/1
f 1467/9/1 1464/9/1 1463/9/1
f 1468/9/1 1464/9/1 1467/9/1
f 1469/7/1 1466/7/1 1465/7/1
f 1470/7/1 1466/7/1 1469/7/1
f 1471/9/2 1472/9/2 1475/9/2
f 1475/9/2 1472/9/2 1476/9/2
f 1473/7/2 1474/7/2 1477/7/2
f 1477/7/2 1474/7/2 1478/7/2
f 1475/7/2 1476/7/2 1479/7/2
f 1479/7/2 1476/7/2 1480/7/2
f 1477/9/2 1478/9/2 1481/9/2
f 1481/9/2 1478/9/2 1482/9/2
f 1483/9/2 1484/9/2 1487/9/2
f 1487/9/2 1484/9/2 1488/9/2
f 1485/7/2 1486/7/2 1489/7/2
f 1489/7/2 1486/7/2 1490/7/2
f 1487/7/2 1488/7/2 1491/7/2
f 1491/7/2 1488/7/2 1492/7/2
f 1489/9/2 1490/9/2 1493/9/2
f 1493/9/2 1490/9/2 1494/9/2
f 1495/7/2 1496/7/2 1499/7/2
f 1499/7/2 1496/7/2 1500/7/2
f 1497/7/2 1498/7/2 1501/7/2
f 1501/7/2 1498/7/2 1502/7/2
f 1499/9/2 1500/9/2 1503/9/2
f 1503/9/2 1500/9/2 1504/9/2
f 1501/9/2 1502/9/2 1505/9/2
f 1505/9/2 1502/9/2 1506/9/2
f 1507/9/2 1508/9/2 1511/9/2
f 1511/9/2 1508/9/2 1512/9/2
f 1509/9/2 1510/9/2 1513/9/2
f 1513/9/2 1510/9/2 1514/9/2
f 1511/7/2 1512/7/2 1515/7/2
f 1515/7/2 1512/7/2 1516/7/2
f 1513/7/2 1514/7/2 1517/7/2
f 1517/7/2 1514/7/2 1518/7/2
f 1519/7/2 1520/7/2 1523/7/2
f 1523/7/2 1520/7/2 1524/7/2
f 1521/9/2 1522/9/2 1525/9/2
f 1525/9/2 1522/9/2 1526/9/2
f 1523/9/2 1524/9/2 1527/9/2
f 1527/9/2 1524/9/2 1528/9/2
f 1525/7/2 1526/7/2 1529/7/2
f 1529/7/2 1526/7/2 1530/7/2
f 1531/7/2 1532/7/2 1535/7/2
f 1535/7/2 1532/7/2 1536/7/2
f 1533/9/2 1534/9/2 1537/9/2
f 1537/9/2 1534/9/2 1538/9/2
f 1539/1/2 1540/1/2 1541/1/2
f 1541/1/2 1540/1/2 1542/1/2
f 1542/1/2 1543/1/2 1544/1/2
f 1544/1/2 1543/1/2 1545/1/2
f 1546/5/2 1547/5/2 1548/5/2
f 1548/5/2 1547/5/2 1549/5/2
f 1550/5/2 1551/5/2 1552/5/2
f 1552/5/2 1551/5/2 1553/5/2
f 1554/1/2 1555/1/2 1556/1/2
f 1556/1/2 1555/1/2 1557/1/2
f 1558/1/2 1559/1/2 1560/1/2
f 1560/1/2 1559/1/2 1561/1/2
f 1562/1/2 1563/1/2 1564/1/2
f 1564/1/2 1563/1/2 1565/1/2
f 1566/3/2 1567/3/2 1568/3/2
f 1568/3/2 1567/3/2 1569/3/2
f 1570/5/2 1571/5/2 1572/5/2
f 1572/5/2 1571/5/2 1573/5/2
f 1574/1/2 1575/1/2 1576/1/2
f 1576/1/2 1575/1/2 1577/1/2
f 1577/3/2 1578/3/2 1579/3/2
f 1579/3/2 1578/3/2 1580/3/2
f 1581/5/2 1582/5/2 1584/5/2
f 1582/5/2 1583/5/2 1584/5/2
f 1584/5/2 1583/5/2 1585/5/2
f 1585/5/2 1583/5/2 1586/5/2
f 1587/6/2 1588/6/2 1589/6/2
f 1589/6/2 1588/6/2 1590/6/2
f 1591/6/2 1592/6/2 1593/6/2
f 1593/6/2 1592/6/2 1594/6/2
f 1595/5/2 1596/5/2 1598/5/2
f 1596/5/2 1597/5/2 1598/5/2
f 1598/5/2 1597/5/2 1599/5/2
f 1600/6/2 1601/6/2 1603/6/2
f 1601/5/2 1602/5/2 1604/5/2
f 1603/6/2 1601/6/2 1604/6/2
f 1604/5/2 1602/5/2 1605/5/2
f 1606/6/2 1607/6/2 1608/6/2
f 1608/6/2 1607/6/2 1609/6/2
f 1610/17/2 1611/17/2 1612/17/2
f 1612/17/2 1611/17/2 1613/17/2
f 1614/5/2 1615/5/2 1616/5/2
f 1616/5/2 1615/5/2 1617/5/2
f 1618/6/2 1619/6/2 1620/6/2
f 1620/6/2 1619/6/2 1621/6/2
f 1622/1/2 1623/1/2 1624/1/2
f 1624/1/2 1623/1/2 1625/1/2
f 1626/6/2 1627/6/2 1636/6/2
f 1636/6/2 1627/6/2 1637/6/2
f 1628/6/2 1629/6/2 1639/6/2
f 1629/6/2 1630/6/2 1639/6/2
f 1639/6/2 1630/6/2 1640/6/2
f 1633/6/2 1634/6/2 1648/6/2
f 1631/6/2 1632/6/2 1648/6/2
f 1632/6/2 1633/6/2 1648/6/2
f 1648/6/2 1634/6/2 1649/6/2
f 1637/6/2 1638/6/2 1652/6/2
f 1636/6/2 1637/6/2 1652/6/2
f 1635/6/2 1636/6/2 1652/6/2
f 1638/6/2 1639/6/2 1652/6/2
f 1639/6/2 1640/6/2 1652/6/2
f 1652/6/2 1640/6/2 1653/6/2
f 1653/6/2 1640/6/2 1654/6/2
f 1654/6/2 1640/6/2 1655/6/2
f 1655/6/2 1640/6/2 1656/6/2
f 1646/6/2 1647/6/2 1657/6/2
f 1650/6/2 1651/6/2 1657/6/2
f 1649/6/2 1650/6/2 1657/6/2
f 1645/6/2 1646/6/2 1657/6/2
f 1644/6/2 1645/6/2 1657/6/2
f 1648/6/2 1649/6/2 1657/6/2
f 1643/6/2 1644/6/2 1657/6/2
f 1642/6/2 1643/6/2 1657/6/2
f 1641/6/2 1642/6/2 1657/6/2
f 1647/6/2 1648/6/2 1657/6/2
f 1657/6/2 1651/6/2 1658/6/2
f 1658/6/2 1651/6/2 1659/6/2
f 1659/6/2 1651/6/2 1660/6/2
f 1660/6/2 1651/6/2 1661/6/2
f 1662/5/2 1663/5/2 1667/5/2
f 1663/1/2 1664/1/2 1668/1/2
f 1667/5/2 1663/5/2 1668/5/2
f 1668/1/2 1664/1/2 1669/1/2
f 1665/6/2 1666/6/2 1674/6/2
f 1672/6/2 1673/6/2 1674/6/2
f 1671/6/2 1672/6/2 1674/6/2
f 1670/6/2 1671/6/2 1674/6/2
f 1669/6/2 1670/6/2 1674/6/2
f 1668/6/2 1669/6/2 1674/6/2
f 1667/6/2 1668/6/2 1674/6/2
f 1666/6/2 1667/6/2 1674/6/2
f 1674/6/2 1673/6/2 1675/6/2
f 1675/6/2 1673/6/2 1676/6/2
f 1676/6/2 1673/6/2 1677/6/2
f 1677/6/2 1673/6/2 1678/6/2
f 1678/6/2 1673/6/2 1679/6/2
f 1679/6/2 1673/6/2 1680/6/2
f 1680/6/2 1673/6/2 1681/6/2
f 1681/6/2 1673/6/2 1682/6/2
f 1682/6/2 1673/6/2 1683/6/2
f 1683/6/2 1673/6/2 1684/6/2
f 1684/6/2 1673/6/2 1685/6/2
f 1685/6/2 1673/6/2 1686/6/2
f 1686/6/2 1673/6/2 1687/6/2
f 1688/6/2 1689/6/2 1696/6/2
f 1689/6/2 1690/6/2 1696/6/2
f 1696/6/2 1690/6/2 1697/6/2
f 1697/6/2 1690/6/2 1698/6/2
f 1691/14/2 1692/14/2 1700/14/2
f 1694/6/2 1695/6/2 1701/6/2
f 1700/14/2 1692/14/2 1701/14/2
f 1693/6/2 1694/6/2 1701/6/2
f 1692/6/2 1693/6/2 1701/6/2
f 1695/6/2 1696/6/2 1701/6/2
f 1701/6/2 1696/6/2 1702/6/2
f 1696/1/2 1697/1/2 1703/1/2
f 1702/6/2 1696/6/2 1703/6/2
f 1697/6/2 1698/6/2 1704/6/2
f 1703/1/2 1697/1/2 1704/1/2
f 1698/14/2 1699/14/2 1705/14/2
f 1704/6/2 1698/6/2 1705/6/2
f 1705/14/2 1699/14/2 1706/14/2
f 1703/6/2 1704/6/2 1709/6/2
f 1709/6/2 1704/6/2 1710/6/2
f 1707/6/2 1708/6/2 1712/6/2
f 1712/6/2 1708/6/2 1713/6/2
f 1713/6/2 1708/6/2 1714/6/2
f 1711/14/2 1712/14/2 1717/14/2
f 1712/6/2 1713/6/2 1718/6/2
f 1717/14/2 1712/14/2 1718/14/2
f 1718/6/2 1713/6/2 1719/6/2
f 1715/6/2 1716/6/2 1720/6/2
f 1714/6/2 1715/6/2 1720/6/2
f 1720/6/2 1716/6/2 1721/6/2
f 1721/6/2 1716/6/2 1722/6/2
f 1722/6/2 1716/6/2 1723/6/2
f 1723/6/2 1716/6/2 1724/6/2
f 1720/6/2 1721/6/2 1725/6/2
f 1725/6/2 1721/6/2 1726/6/2
f 1727/1/2 1728/1/2 1732/1/2
f 1732/1/2 1728/1/2 1733/1/2
f 1729/5/2 1730/5/2 1734/5/2
f 1734/5/2 1730/5/2 1735/5/2
f 1731/1/2 1732/1/2 1736/1/2
f 1736/1/2 1732/1/2 1737/1/2
f 1738/5/2 1739/5/2 1742/5/2
f 1742/5/2 1739/5/2 1743/5/2
f 1740/6/2 1741/6/2 1744/6/2
f 1744/6/2 1741/6/2 1745/6/2
f 1746/5/2 1747/5/2 1748/5/2
f 1748/5/2 1747/5/2 1749/5/2
f 1749/5/2 1747/5/2 1750/5/2
f 1751/5/2 1752/5/2 1772/5/2
f 1752/5/2 1753/5/2 1772/5/2
f 1753/5/2 1754/5/2 1772/5/2
f 1754/5/2 1755/5/2 1772/5/2
f 1755/5/2 1756/5/2 1772/5/2
f 1772/5/2 1756/5/2 1773/5/2
f 1773/5/2 1756/5/2 1774/5/2
f 1756/1/2 1757/1/2 1775/1/2
f 1774/5/2 1756/5/2 1775/5/2
f 1775/1/2 1757/1/2 1776/1/2
f 1757/14/2 1758/14/2 1777/14/2
f 1776/1/2 1757/1/2 1777/1/2
f 1758/1/2 1759/1/2 1778/1/2
f 1777/14/2 1758/14/2 1778/14/2
f 1759/1/2 1760/1/2 1778/1/2
f 1778/1/2 1760/1/2 1779/1/2
f 1760/14/2 1761/14/2 1780/14/2
f 1779/1/2 1760/1/2 1780/1/2
f 1761/5/2 1762/5/2 1781/5/2
f 1780/14/2 1761/14/2 1781/14/2
f 1762/1/2 1763/1/2 1782/1/2
f 1781/5/2 1762/5/2 1782/5/2
f 1782/1/2 1763/1/2 1783/1/2
f 1783/1/2 1763/1/2 1784/1/2
f 1763/5/2 1764/5/2 1785/5/2
f 1784/1/2 1763/1/2 1785/1/2
f 1764/14/2 1765/14/2 1786/14/2
f 1785/5/2 1764/5/2 1786/5/2
f 1765/1/2 1766/1/2 1787/1/2
f 1786/14/2 1765/14/2 1787/14/2
f 1766/5/2 1767/5/2 1788/5/2
f 1787/1/2 1766/1/2 1788/1/2
f 1767/13/2 1768/13/2 1789/13/2
f 1788/5/2 1767/5/2 1789/5/2
f 1768/14/2 1769/14/2 1790/14/2
f 1789/13/2 1768/13/2 1790/13/2
f 1770/5/2 1771/5/2 1791/5/2
f 1790/14/2 1769/14/2 1791/14/2
f 1769/5/2 1770/5/2 1791/5/2
f 1791/5/2 1771/5/2 1792/5/2
f 1772/1/2 1773/1/2 1793/1/2
f 1793/1/2 1773/1/2 1794/1/2
f 1774/1/2 1775/1/2 1795/1/2
f 1775/5/2 1776/5/2 1796/5/2
f 1795/1/2 1775/1/2 1796/1/2
f 1796/5/2 1776/5/2 1797/5/2
f 1778/5/2 1779/5/2 1798/5/2
f 1779/13/2 1780/13/2 1799/13/2
f 1798/5/2 1779/5/2 1799/5/2
f 1781/5/2 1782/5/2 1800/5/2
f 1799/13/2 1780/13/2 1800/13/2
f 1780/5/2 1781/5/2 1800/5/2
f 1782/14/2 1783/14/2 1801/14/2
f 1800/5/2 1782/5/2 1801/5/2
f 1783/13/2 1784/13/2 1802/13/2
f 1801/14/2 1783/14/2 1802/14/2
f 1784/5/2 1785/5/2 1803/5/2
f 1802/13/2 1784/13/2 1803/13/2
f 1785/13/2 1786/13/2 1804/13/2
f 1803/5/2 1785/5/2 1804/5/2
f 1804/13/2 1786/13/2 1805/13/2
f 1789/1/2 1790/1/2 1806/1/2
f 1791/5/2 1792/5/2 1807/5/2
f 1806/1/2 1790/1/2 1807/1/2
f 1790/5/2 1791/5/2 1807/5/2
f 1807/5/2 1792/5/2 1808/5/2
f 1809/1/2 1810/1/2 1816/1/2
f 1810/5/2 1811/5/2 1817/5/2
f 1816/1/2 1810/1/2 1817/1/2
f 1811/1/2 1812/1/2 1818/1/2
f 1817/5/2 1811/5/2 1818/5/2
f 1818/1/2 1812/1/2 1819/1/2
f 1812/5/2 1813/5/2 1820/5/2
f 1819/1/2 1812/1/2 1820/1/2
f 1813/1/2 1814/1/2 1821/1/2
f 1820/5/2 1813/5/2 1821/5/2
f 1814/5/2 1815/5/2 1822/5/2
f 1821/1/2 1814/1/2 1822/1/2
f 1822/5/2 1815/5/2 1823/5/2
f 1816/5/2 1817/5/2 1824/5/2
f 1817/1/2 1818/1/2 1825/1/2
f 1824/5/2 1817/5/2 1825/5/2
f 1825/1/2 1818/1/2 1826/1/2
f 1819/5/2 1820/5/2 1827/5/2
f 1820/1/2 1821/1/2 1828/1/2
f 1827/5/2 1820/5/2 1828/5/2
f 1821/5/2 1822/5/2 1829/5/2
f 1828/1/2 1821/1/2 1829/1/2
f 1822/1/2 1823/1/2 1830/1/2
f 1829/5/2 1822/5/2 1830/5/2
f 1830/1/2 1823/1/2 1831/1/2
f 1832/5/2 1833/5/2 1844/5/2
f 1833/1/2 1834/1/2 1845/1/2
f 1844/5/2 1833/5/2 1845/5/2
f 1845/1/2 1834/1/2 1846/1/2
f 1834/13/2 1835/13/2 1847/13/2
f 1846/1/2 1834/1/2 1847/1/2
f 1835/1/2 1836/1/2 1848/1/2
f 1847/13/2 1835/13/2 1848/13/2
f 1836/5/2 1837/5/2 1849/5/2
f 1848/1/2 1836/1/2 1849/1/2
f 1837/1/2 1838/1/2 1850/1/2
f 1849/5/2 1837/5/2 1850/5/2
f 1838/5/2 1839/5/2 1851/5/2
f 1850/1/2 1838/1/2 1851/1/2
f 1851/5/2 1839/5/2 1852/5/2
f 1839/1/2 1840/1/2 1853/1/2
f 1852/5/2 1839/5/2 1853/5/2
f 1840/13/2 1841/13/2 1854/13/2
f 1853/1/2 1840/1/2 1854/1/2
f 1841/5/2 1842/5/2 1855/5/2
f 1854/13/2 1841/13/2 1855/13/2
f 1842/14/2 1843/14/2 1856/14/2
f 1855/5/2 1842/5/2 1856/5/2
f 1856/14/2 1843/14/2 1857/14/2
f 1845/14/2 1846/14/2 1858/14/2
f 1846/5/2 1847/5/2 1859/5/2
f 1858/14/2 1846/14/2 1859/14/2
f 1847/5/2 1848/5/2 1859/5/2
f 1848/5/2 1849/5/2 1859/5/2
f 1849/1/2 1850/1/2 1860/1/2
f 1859/5/2 1849/5/2 1860/5/2
f 1850/5/2 1851/5/2 1861/5/2
f 1860/1/2 1850/1/2 1861/1/2
f 1851/1/2 1852/1/2 1862/1/2
f 1861/5/2 1851/5/2 1862/5/2
f 1862/1/2 1852/1/2 1863/1/2
f 1854/1/2 1855/1/2 1864/1/2
f 1855/13/2 1856/13/2 1865/13/2
f 1864/1/2 1855/1/2 1865/1/2
f 1865/13/2 1856/13/2 1866/13/2
f 1867/13/2 1868/13/2 1874/13/2
f 1868/1/2 1869/1/2 1875/1/2
f 1874/13/2 1868/13/2 1875/13/2
f 1875/1/2 1869/1/2 1876/1/2
f 1876/1/2 1869/1/2 1877/1/2
f 1877/1/2 1869/1/2 1878/1/2
f 1878/1/2 1869/1/2 1879/1/2
f 1869/5/2 1870/5/2 1880/5/2
f 1879/1/2 1869/1/2 1880/1/2
f 1880/5/2 1870/5/2 1881/5/2
f 1871/13/2 1872/13/2 1882/13/2
f 1872/14/2 1873/14/2 1883/14/2
f 1882/13/2 1872/13/2 1883/13/2
f 1883/14/2 1873/14/2 1884/14/2
f 1875/14/2 1876/14/2 1885/14/2
f 1876/5/2 1877/5/2 1886/5/2
f 1885/14/2 1876/14/2 1886/14/2
f 1877/13/2 1878/13/2 1887/13/2
f 1886/5/2 1877/5/2 1887/5/2
f 1887/13/2 1878/13/2 1888/13/2
f 1880/5/2 1881/5/2 1889/5/2
f 1879/5/2 1880/5/2 1889/5/2
f 1881/1/2 1882/1/2 1890/1/2
f 1889/5/2 1881/5/2 1890/5/2
f 1890/1/2 1882/1/2 1891/1/2
f 1882/14/2 1883/14/2 1892/14/2
f 1891/1/2 1882/1/2 1892/1/2
f 1892/14/2 1883/14/2 1893/14/2
f 1894/5/2 1895/5/2 1900/5/2
f 1895/1/2 1896/1/2 1901/1/2
f 1900/5/2 1895/5/2 1901/5/2
f 1901/1/2 1896/1/2 1902/1/2
f 1897/13/2 1898/13/2 1903/13/2
f 1898/14/2 1899/14/2 1904/14/2
f 1903/13/2 1898/13/2 1904/13/2
f 1904/14/2 1899/14/2 1905/14/2
f 1902/14/2 1903/14/2 1906/14/2
f 1906/14/2 1903/14/2 1907/14/2
f 1907/14/2 1903/14/2 1908/14/2
f 1909/14/2 1910/14/2 1932/14/2
f 1910/13/2 1911/13/2 1933/13/2
f 1932/14/2 1910/14/2 1933/14/2
f 1933/13/2 1911/13/2 1934/13/2
f 1912/14/2 1913/14/2 1935/14/2
f 1913/6/2 1914/6/2 1936/6/2
f 1935/14/2 1913/14/2 1936/14/2
f 1936/6/2 1914/6/2 1937/6/2
f 1937/6/2 1914/6/2 1938/6/2
f 1914/14/2 1915/14/2 1939/14/2
f 1938/6/2 1914/6/2 1939/6/2
f 1939/14/2 1915/14/2 1940/14/2
f 1915/6/2 1916/6/2 1941/6/2
f 1940/14/2 1915/14/2 1941/14/2
f 1916/14/2 1917/14/2 1942/14/2
f 1941/6/2 1916/6/2 1942/6/2
f 1917/5/2 1918/5/2 1943/5/2
f 1942/14/2 1917/14/2 1943/14/2
f 1943/5/2 1918/5/2 1944/5/2
f 1919/14/2 1920/14/2 1945/14/2
f 1920/5/2 1921/5/2 1946/5/2
f 1945/14/2 1920/14/2 1946/14/2
f 1921/6/2 1922/6/2 1947/6/2
f 1946/5/2 1921/5/2 1947/5/2
f 1922/1/2 1923/1/2 1948/1/2
f 1947/6/2 1922/6/2 1948/6/2
f 1923/6/2 1924/6/2 1949/6/2
f 1948/1/2 1923/1/2 1949/1/2
f 1924/14/2 1925/14/2 1950/14/2
f 1949/6/2 1924/6/2 1950/6/2
f 1925/6/2 1926/6/2 1951/6/2
f 1950/14/2 1925/14/2 1951/14/2
f 1926/14/2 1927/14/2 1952/14/2
f 1951/6/2 1926/6/2 1952/6/2
f 1952/14/2 1927/14/2 1953/14/2
f 1953/14/2 1927/14/2 1954/14/2
f 1927/6/2 1928/6/2 1955/6/2
f 1954/14/2 1927/14/2 1955/14/2
f 1928/14/2 1929/14/2 1956/14/2
f 1955/6/2 1928/6/2 1956/6/2
f 1929/6/2 1930/6/2 1957/6/2
f 1956/14/2 1929/14/2 1957/14/2
f 1930/14/2 1931/14/2 1958/14/2
f 1957/6/2 1930/6/2 1958/6/2
f 1958/14/2 1931/14/2 1959/14/2
f 1960/1/2 1961/1/2 1964/1/2
f 1964/1/2 1961/1/2 1965/1/2
f 1962/1/2 1963/1/2 1966/1/2
f 1966/1/2 1963/1/2 1967/1/2
f 1964/13/2 1965/13/2 1983/13/2
f 1983/13/2 1965/13/2 1984/13/2
f 1966/6/2 1967/6/2 1985/6/2
f 1967/6/2 1968/6/2 1985/6/2
f 1968/6/2 1969/6/2 1985/6/2
f 1969/6/2 1970/6/2 1985/6/2
f 1970/6/2 1971/6/2 1985/6/2
f 1977/6/2 1978/6/2 1985/6/2
f 1976/6/2 1977/6/2 1985/6/2
f 1975/6/2 1976/6/2 1985/6/2
f 1974/6/2 1975/6/2 1985/6/2
f 1973/6/2 1974/6/2 1985/6/2
f 1972/6/2 1973/6/2 1985/6/2
f 1971/6/2 1972/6/2 1985/6/2
f 1985/6/2 1978/6/2 1986/6/2
f 1986/6/2 1978/6/2 1987/6/2
f 1987/6/2 1978/6/2 1988/6/2
f 1988/6/2 1978/6/2 1989/6/2
f 1989/6/2 1978/6/2 1990/6/2
f 1990/6/2 1978/6/2 1991/6/2
f 1991/6/2 1978/6/2 1992/6/2
f 1992/6/2 1978/6/2 1993/6/2
f 1980/6/2 1981/6/2 1994/6/2
f 1979/6/2 1980/6/2 1994/6/2
f 1994/6/2 1981/6/2 1995/6/2
f 1981/1/2 1982/1/2 1996/1/2
f 1995/6/2 1981/6/2 1996/6/2
f 1996/1/2 1982/1/2 1997/1/2
f 1998/5/2 1999/5/2 2009/5/2
f 1999/14/2 2000/14/2 2010/14/2
f 2009/5/2 1999/5/2 2010/5/2
f 2010/14/2 2000/14/2 2011/14/2
f 2001/14/2 2002/14/2 2017/14/2
f 2017/14/2 2002/14/2 2018/14/2
f 2003/1/2 2004/1/2 2022/1/2
f 2007/6/2 2008/6/2 2023/6/2
f 2022/1/2 2004/1/2 2023/1/2
f 2008/6/2 2009/6/2 2023/6/2
f 2004/6/2 2005/6/2 2023/6/2
f 2005/6/2 2006/6/2 2023/6/2
f 2006/6/2 2007/6/2 2023/6/2
f 2009/6/2 2010/6/2 2023/6/2
f 2023/6/2 2010/6/2 2024/6/2
f 2024/6/2 2010/6/2 2025/6/2
f 2025/6/2 2010/6/2 2026/6/2
f 2026/6/2 2010/6/2 2027/6/2
f 2027/6/2 2010/6/2 2028/6/2
f 2011/11/2 2012/11/2 2029/11/2
f 2012/10/2 2013/10/2 2029/10/2
f 2013/12/2 2014/12/2 2030/12/2
f 2029/10/2 2013/10/2 2030/10/2
f 2015/11/2 2016/11/2 2031/11/2
f 2030/12/2 2014/12/2 2031/12/2
f 2014/11/2 2015/11/2 2031/11/2
f 2031/11/2 2016/11/2 2032/11/2
f 2016/10/2 2017/10/2 2033/10/2
f 2032/11/2 2016/11/2 2033/11/2
f 2018/6/2 2019/6/2 2034/6/2
f 2034/6/2 2019/6/2 2035/6/2
f 2019/13/2 2020/13/2 2036/13/2
f 2035/6/2 2019/6/2 2036/6/2
f 2020/6/2 2021/6/2 2037/6/2
f 2036/13/2 2020/13/2 2037/13/2
f 2037/6/2 2021/6/2 2038/6/2
f 2011/11/2 2029/11/2 2044/11/2
f 2029/12/2 2030/12/2 2045/12/2
f 2044/11/2 2029/11/2 2045/11/2
f 2030/10/2 2031/10/2 2046/10/2
f 2045/12/2 2030/12/2 2046/12/2
f 2031/12/2 2032/12/2 2047/12/2
f 2046/10/2 2031/10/2 2047/10/2
f 2032/10/2 2033/10/2 2048/10/2
f 2047/12/2 2032/12/2 2048/12/2
f 2033/10/2 2017/10/2 2049/10/2
f 2048/10/2 2033/10/2 2049/10/2
f 2039/6/2 2040/6/2 2052/6/2
f 2052/6/2 2040/6/2 2053/6/2
f 2042/6/2 2043/6/2 2055/6/2
f 2041/6/2 2042/6/2 2055/6/2
f 2055/6/2 2043/6/2 2056/6/2
f 2056/6/2 2043/6/2 2057/6/2
f 2044/16/2 2045/16/2 2060/16/2
f 2045/15/2 2046/15/2 2061/15/2
f 2060/16/2 2045/16/2 2061/16/2
f 2046/15/2 2047/15/2 2061/15/2
f 2061/15/2 2047/15/2 2062/15/2
f 2047/16/2 2048/16/2 2063/16/2
f 2062/15/2 2047/15/2 2063/15/2
f 2048/16/2 2049/16/2 2063/16/2
f 2063/16/2 2049/16/2 2064/16/2
f 2064/16/2 2049/16/2 2065/16/2
f 2065/16/2 2049/16/2 2066/16/2
f 2050/1/2 2051/1/2 2070/1/2
f 2053/6/2 2054/6/2 2071/6/2
f 2070/1/2 2051/1/2 2071/1/2
f 2052/6/2 2053/6/2 2071/6/2
f 2051/6/2 2052/6/2 2071/6/2
f 2054/6/2 2055/6/2 2071/6/2
f 2055/6/2 2056/6/2 2071/6/2
f 2071/6/2 2056/6/2 2072/6/2
f 2072/6/2 2056/6/2 2073/6/2
f 2057/6/2 2058/6/2 2075/6/2
f 2058/6/2 2059/6/2 2075/6/2
f 2075/6/2 2059/6/2 2076/6/2
f 2076/6/2 2059/6/2 2077/6/2
f 2077/6/2 2059/6/2 2078/6/2
f 2061/10/2 2062/10/2 2079/10/2
f 2060/10/2 2061/10/2 2079/10/2
f 2062/12/2 2063/12/2 2080/12/2
f 2079/10/2 2062/10/2 2080/10/2
f 2063/10/2 2064/10/2 2081/10/2
f 2080/12/2 2063/12/2 2081/12/2
f 2064/11/2 2065/11/2 2082/11/2
f 2081/10/2 2064/10/2 2082/10/2
f 2065/12/2 2066/12/2 2083/12/2
f 2082/11/2 2065/11/2 2083/11/2
f 2083/12/2 2066/12/2 2084/12/2
f 2068/6/2 2069/6/2 2085/6/2
f 2067/6/2 2068/6/2 2085/6/2
f 2085/6/2 2069/6/2 2086/6/2
f 2086/6/2 2069/6/2 2087/6/2
f 2087/6/2 2069/6/2 2088/6/2
f 2073/6/2 2074/6/2 2089/6/2
f 2089/6/2 2074/6/2 2090/6/2
f 2090/6/2 2074/6/2 2091/6/2
f 2077/5/2 2078/5/2 2092/5/2
f 2092/5/2 2078/5/2 2093/5/2
f 2079/12/2 2080/12/2 2094/12/2
f 2094/12/2 2080/12/2 2095/12/2
f 2080/10/2 2081/10/2 2096/10/2
f 2095/12/2 2080/12/2 2096/12/2
f 2081/12/2 2082/12/2 2097/12/2
f 2096/10/2 2081/10/2 2097/10/2
f 2082/12/2 2083/12/2 2097/12/2
f 2083/11/2 2084/11/2 2098/11/2
f 2097/12/2 2083/12/2 2098/12/2
f 2098/11/2 2084/11/2 2099/11/2
f 2094/11/2 2095/11/2 2110/11/2
f 2095/10/2 2096/10/2 2111/10/2
f 2110/11/2 2095/11/2 2111/11/2
f 2096/11/2 2097/11/2 2112/11/2
f 2111/10/2 2096/10/2 2112/10/2
f 2097/10/2 2098/10/2 2113/10/2
f 2112/11/2 2097/11/2 2113/11/2
f 2113/10/2 2098/10/2 2114/10/2
f 2098/12/2 2099/12/2 2115/12/2
f 2114/10/2 2098/10/2 2115/10/2
f 2115/12/2 2099/12/2 2116/12/2
f 2100/5/2 2101/5/2 2117/5/2
f 2117/5/2 2101/5/2 2118/5/2
f 2102/1/2 2103/1/2 2122/1/2
f 2108/6/2 2109/6/2 2123/6/2
f 2122/1/2 2103/1/2 2123/1/2
f 2103/6/2 2104/6/2 2123/6/2
f 2104/6/2 2105/6/2 2123/6/2
f 2105/6/2 2106/6/2 2123/6/2
f 2107/6/2 2108/6/2 2123/6/2
f 2106/6/2 2107/6/2 2123/6/2
f 2123/6/2 2109/6/2 2124/6/2
f 2124/6/2 2109/6/2 2125/6/2
f 2125/6/2 2109/6/2 2126/6/2
f 2126/6/2 2109/6/2 2127/6/2
f 2127/6/2 2109/6/2 2128/6/2
f 2128/6/2 2109/6/2 2129/6/2
f 2109/15/2 2110/15/2 2130/15/2
f 2129/6/2 2109/6/2 2130/6/2
f 2130/15/2 2110/15/2 2131/15/2
f 2116/15/2 2117/15/2 2135/15/2
f 2119/6/2 2120/6/2 2136/6/2
f 2118/6/2 2119/6/2 2136/6/2
f 2135/15/2 2117/15/2 2136/15/2
f 2117/6/2 2118/6/2 2136/6/2
f 2136/6/2 2120/6/2 2137/6/2
f 2120/1/2 2121/1/2 2138/1/2
f 2137/6/2 2120/6/2 2138/6/2
f 2138/1/2 2121/1/2 2139/1/2
f 2131/5/2 2132/5/2 2140/5/2
f 2140/5/2 2132/5/2 2141/5/2
f 2132/1/2 2133/1/2 2142/1/2
f 2141/5/2 2132/5/2 2142/5/2
f 2134/5/2 2135/5/2 2143/5/2
f 2142/1/2 2133/1/2 2143/1/2
f 2133/5/2 2134/5/2 2143/5/2
f 2143/5/2 2135/5/2 2144/5/2
f 2144/5/2 2135/5/2 2145/5/2
f 2146/6/2 2147/6/2 2165/6/2
f 2147/14/2 2148/14/2 2166/14/2
f 2165/6/2 2147/6/2 2166/6/2
f 2148/13/2 2149/13/2 2167/13/2
f 2166/14/2 2148/14/2 2167/14/2
f 2158/6/2 2159/6/2 2168/6/2
f 2167/13/2 2149/13/2 2168/13/2
f 2149/6/2 2150/6/2 2168/6/2
f 2162/6/2 2163/6/2 2168/6/2
f 2161/6/2 2162/6/2 2168/6/2
f 2160/6/2 2161/6/2 2168/6/2
f 2159/6/2 2160/6/2 2168/6/2
f 2157/6/2 2158/6/2 2168/6/2
f 2156/6/2 2157/6/2 2168/6/2
f 2155/6/2 2156/6/2 2168/6/2
f 2154/6/2 2155/6/2 2168/6/2
f 2153/6/2 2154/6/2 2168/6/2
f 2152/6/2 2153/6/2 2168/6/2
f 2151/6/2 2152/6/2 2168/6/2
f 2150/6/2 2151/6/2 2168/6/2
f 2168/6/2 2163/6/2 2169/6/2
f 2169/6/2 2163/6/2 2170/6/2
f 2170/6/2 2163/6/2 2171/6/2
f 2171/6/2 2163/6/2 2172/6/2
f 2172/6/2 2163/6/2 2173/6/2
f 2173/6/2 2163/6/2 2174/6/2
f 2174/6/2 2163/6/2 2175/6/2
f 2175/6/2 2163/6/2 2176/6/2
f 2176/6/2 2163/6/2 2177/6/2
f 2177/6/2 2163/6/2 2178/6/2
f 2163/1/2 2164/1/2 2179/1/2
f 2178/6/2 2163/6/2 2179/6/2
f 2179/1/2 2164/1/2 2180/1/2
f 2181/15/2 2182/15/2 2189/15/2
f 2189/15/2 2182/15/2 2190/15/2
f 2183/15/2 2184/15/2 2191/15/2
f 2191/15/2 2184/15/2 2192/15/2
f 2185/15/2 2186/15/2 2193/15/2
f 2193/15/2 2186/15/2 2194/15/2
f 2187/14/2 2188/14/2 2195/14/2
f 2195/14/2 2188/14/2 2196/14/2
f 2189/16/2 2190/16/2 2197/16/2
f 2197/16/2 2190/16/2 2198/16/2
f 2191/14/2 2192/14/2 2199/14/2
f 2199/14/2 2192/14/2 2200/14/2
f 2193/14/2 2194/14/2 2201/14/2
f 2201/14/2 2194/14/2 2202/14/2
f 2197/14/2 2198/14/2 2203/14/2
f 2203/14/2 2198/14/2 2204/14/2
f 2199/15/2 2200/15/2 2205/15/2
f 2205/15/2 2200/15/2 2206/15/2
f 2201/15/2 2202/15/2 2209/15/2
f 2209/15/2 2202/15/2 2210/15/2
f 2195/16/2 2196/16/2 2211/16/2
f 2211/16/2 2196/16/2 2212/16/2
f 2204/16/2 2205/16/2 2213/16/2
f 2213/16/2 2205/16/2 2214/16/2
f 2206/15/2 2207/15/2 2215/15/2
f 2210/15/2 2211/15/2 2216/15/2
f 2216/15/2 2211/15/2 2217/15/2
f 2213/15/2 2214/15/2 2218/15/2
f 2218/15/2 2214/15/2 2219/15/2
f 2215/15/2 2207/15/2 2220/15/2
f 2220/15/2 2207/15/2 2221/15/2
f 2208/15/2 2209/15/2 2224/15/2
f 2224/15/2 2209/15/2 2225/15/2
f 2216/16/2 2217/16/2 2226/16/2
f 2226/16/2 2217/16/2 2227/16/2
f 2219/16/2 2220/16/2 2228/16/2
f 2228/16/2 2220/16/2 2229/16/2
f 2221/15/2 2222/15/2 2230/15/2
f 2230/15/2 2222/15/2 2231/15/2
f 2223/15/2 2224/15/2 2234/15/2
f 2234/15/2 2224/15/2 2235/15/2
f 2225/16/2 2226/16/2 2236/16/2
f 2236/16/2 2226/16/2 2237/16/2
f 2229/16/2 2230/16/2 2238/16/2
f 2238/16/2 2230/16/2 2239/16/2
f 2231/15/2 2232/15/2 2240/15/2
f 2240/15/2 2232/15/2 2241/15/2
f 2233/15/2 2234/15/2 2244/15/2
f 2244/15/2 2234/15/2 2245/15/2
f 2235/16/2 2236/16/2 2246/16/2
f 2246/16/2 2236/16/2 2247/16/2
f 2243/15/2 2244/15/2 2248/15/2
f 2245/16/2 2246/16/2 2249/16/2
f 2239/15/2 2240/15/2 2250/15/2
f 2250/15/2 2240/15/2 2251/15/2
f 2241/15/2 2242/15/2 2252/15/2
f 2252/15/2 2242/15/2 2253/15/2
f 2243/15/2 2248/15/2 2256/15/2
f 2256/15/2 2248/15/2 2257/15/2
f 2249/16/2 2246/16/2 2258/16/2
f 2258/16/2 2246/16/2 2259/16/2
f 2251/15/2 2252/15/2 2260/15/2
f 2260/15/2 2252/15/2 2261/15/2
f 2253/15/2 2254/15/2 2262/15/2
f 2262/15/2 2254/15/2 2263/15/2
f 2255/15/2 2256/15/2 2266/15/2
f 2266/15/2 2256/15/2 2267/15/2
f 2257/16/2 2258/16/2 2268/16/2
f 2268/16/2 2258/16/2 2269/16/2
f 2261/15/2 2262/15/2 2270/15/2
f 2270/15/2 2262/15/2 2271/15/2
f 2263/15/2 2264/15/2 2272/15/2
f 2272/15/2 2264/15/2 2273/15/2
f 2273/15/2 2264/15/2 2274/15/2
f 2265/15/2 2266/15/2 2277/15/2
f 2277/15/2 2266/15/2 2278/15/2
f 2267/16/2 2268/16/2 2279/16/2
f 2279/16/2 2268/16/2 2280/16/2
f 2271/16/2 2272/16/2 2281/16/2
f 2281/16/2 2272/16/2 2282/16/2
f 2274/15/2 2275/15/2 2284/15/2
f 2284/15/2 2275/15/2 2285/15/2
f 2285/15/2 2275/15/2 2286/15/2
f 2276/15/2 2277/15/2 2289/15/2
f 2289/15/2 2277/15/2 2290/15/2
f 2290/15/2 2277/15/2 2291/15/2
f 2278/16/2 2279/16/2 2293/16/2
f 2293/16/2 2279/16/2 2294/16/2
f 2282/15/2 2283/15/2 2295/15/2
f 2283/15/2 2284/15/2 2295/15/2
f 2295/15/2 2284/15/2 2296/15/2
f 2286/16/2 2287/16/2 2298/16/2
f 2298/16/2 2287/16/2 2299/16/2
f 2288/15/2 2289/15/2 2301/15/2
f 2301/15/2 2289/15/2 2302/15/2
f 2291/15/2 2292/15/2 2304/15/2
f 2292/16/2 2293/16/2 2305/16/2
f 2304/15/2 2292/15/2 2305/15/2
f 2305/16/2 2293/16/2 2306/16/2
f 2296/14/2 2297/14/2 2307/14/2
f 2297/15/2 2298/15/2 2308/15/2
f 2307/14/2 2297/14/2 2308/14/2
f 2308/15/2 2298/15/2 2309/15/2
f 2299/15/2 2300/15/2 2310/15/2
f 2300/16/2 2301/16/2 2311/16/2
f 2310/15/2 2300/15/2 2311/15/2
f 2311/16/2 2301/16/2 2312/16/2
f 2302/13/2 2303/13/2 2314/13/2
f 2303/14/2 2304/14/2 2315/14/2
f 2314/13/2 2303/13/2 2315/13/2
f 2315/14/2 2304/14/2 2316/14/2
f 2309/16/2 2310/16/2 2317/16/2
f 2317/16/2 2310/16/2 2318/16/2
f 2312/16/2 2313/16/2 2320/16/2
f 2313/15/2 2314/15/2 2321/15/2
f 2320/16/2 2313/16/2 2321/16/2
f 2321/15/2 2314/15/2 2322/15/2
f 2318/15/2 2319/15/2 2323/15/2
f 2319/14/2 2320/14/2 2324/14/2
f 2323/15/2 2319/15/2 2324/15/2
f 2324/14/2 2320/14/2 2325/14/2
f 2326/9/2 2327/9/2 2352/9/2
f 2352/9/2 2327/9/2 2353/9/2
f 2328/14/2 2329/14/2 2354/14/2
f 2354/14/2 2329/14/2 2355/14/2
f 2330/13/2 2331/13/2 2356/13/2
f 2331/14/2 2332/14/2 2357/14/2
f 2356/13/2 2331/13/2 2357/13/2
f 2332/1/2 2333/1/2 2358/1/2
f 2357/14/2 2332/14/2 2358/14/2
f 2358/1/2 2333/1/2 2359/1/2
f 2359/1/2 2333/1/2 2360/1/2
f 2333/5/2 2334/5/2 2361/5/2
f 2360/1/2 2333/1/2 2361/1/2
f 2334/14/2 2335/14/2 2362/14/2
f 2361/5/2 2334/5/2 2362/5/2
f 2335/13/2 2336/13/2 2363/13/2
f 2362/14/2 2335/14/2 2363/14/2
f 2336/1/2 2337/1/2 2364/1/2
f 2363/13/2 2336/13/2 2364/13/2
f 2337/5/2 2338/5/2 2365/5/2
f 2364/1/2 2337/1/2 2365/1/2
f 2338/14/2 2339/14/2 2366/14/2
f 2365/5/2 2338/5/2 2366/5/2
f 2339/5/2 2340/5/2 2367/5/2
f 2366/14/2 2339/14/2 2367/14/2
f 2340/1/2 2341/1/2 2368/1/2
f 2367/5/2 2340/5/2 2368/5/2
f 2341/5/2 2342/5/2 2369/5/2
f 2368/1/2 2341/1/2 2369/1/2
f 2342/1/2 2343/1/2 2370/1/2
f 2369/5/2 2342/5/2 2370/5/2
f 2343/5/2 2344/5/2 2371/5/2
f 2370/1/2 2343/1/2 2371/1/2
f 2344/13/2 2345/13/2 2372/13/2
f 2371/5/2 2344/5/2 2372/5/2
f 2345/14/2 2346/14/2 2373/14/2
f 2372/13/2 2345/13/2 2373/13/2
f 2346/5/2 2347/5/2 2374/5/2
f 2373/14/2 2346/14/2 2374/14/2
f 2374/5/2 2347/5/2 2375/5/2
f 2347/13/2 2348/13/2 2376/13/2
f 2375/5/2 2347/5/2 2376/5/2
f 2348/1/2 2349/1/2 2377/1/2
f 2376/13/2 2348/13/2 2377/13/2
f 2377/1/2 2349/1/2 2378/1/2
f 2350/13/2 2351/13/2 2379/13/2
f 2379/13/2 2351/13/2 2380/13/2
f 2352/7/2 2353/7/2 2381/7/2
f 2381/7/2 2353/7/2 2382/7/2
f 2330/13/2 2356/13/2 2383/13/2
f 2356/5/2 2357/5/2 2384/5/2
f 2383/13/2 2356/13/2 2384/13/2
f 2357/5/2 2358/5/2 2384/5/2
f 2358/5/2 2359/5/2 2384/5/2
f 2359/13/2 2360/13/2 2385/13/2
f 2384/5/2 2359/5/2 2385/5/2
f 2360/5/2 2361/5/2 2386/5/2
f 2385/13/2 2360/13/2 2386/13/2
f 2361/5/2 2362/5/2 2386/5/2
f 2362/13/2 2363/13/2 2387/13/2
f 2386/5/2 2362/5/2 2387/5/2
f 2363/5/2 2364/5/2 2388/5/2
f 2387/13/2 2363/13/2 2388/13/2
f 2364/5/2 2365/5/2 2388/5/2
f 2365/1/2 2366/1/2 2389/1/2
f 2388/5/2 2365/5/2 2389/5/2
f 2366/1/2 2367/1/2 2389/1/2
f 2367/1/2 2368/1/2 2389/1/2
f 2368/5/2 2369/5/2 2390/5/2
f 2389/1/2 2368/1/2 2390/1/2
f 2369/14/2 2370/14/2 2391/14/2
f 2390/5/2 2369/5/2 2391/5/2
f 2370/5/2 2371/5/2 2392/5/2
f 2391/14/2 2370/14/2 2392/14/2
f 2371/1/2 2372/1/2 2393/1/2
f 2392/5/2 2371/5/2 2393/5/2
f 2372/1/2 2373/1/2 2393/1/2
f 2373/13/2 2374/13/2 2394/13/2
f 2393/1/2 2373/1/2 2394/1/2
f 2374/14/2 2375/14/2 2395/14/2
f 2394/13/2 2374/13/2 2395/13/2
f 2376/1/2 2377/1/2 2396/1/2
f 2395/14/2 2375/14/2 2396/14/2
f 2375/1/2 2376/1/2 2396/1/2
f 2377/5/2 2378/5/2 2397/5/2
f 2396/1/2 2377/1/2 2397/1/2
f 2397/5/2 2378/5/2 2398/5/2
f 2379/9/2 2380/9/2 2399/9/2
f 2399/9/2 2380/9/2 2400/9/2
f 2401/9/2 2402/9/2 2416/9/2
f 2416/9/2 2402/9/2 2417/9/2
f 2403/5/2 2404/5/2 2418/5/2
f 2404/1/2 2405/1/2 2419/1/2
f 2418/5/2 2404/5/2 2419/5/2
f 2405/13/2 2406/13/2 2420/13/2
f 2419/1/2 2405/1/2 2420/1/2
f 2406/5/2 2407/5/2 2421/5/2
f 2420/13/2 2406/13/2 2421/13/2
f 2407/13/2 2408/13/2 2422/13/2
f 2421/5/2 2407/5/2 2422/5/2
f 2408/1/2 2409/1/2 2423/1/2
f 2422/13/2 2408/13/2 2423/13/2
f 2409/5/2 2410/5/2 2424/5/2
f 2423/1/2 2409/1/2 2424/1/2
f 2424/5/2 2410/5/2 2425/5/2
f 2425/5/2 2410/5/2 2426/5/2
f 2411/1/2 2412/1/2 2433/1/2
f 2412/13/2 2413/13/2 2434/13/2
f 2433/1/2 2412/1/2 2434/1/2
f 2434/13/2 2413/13/2 2435/13/2
f 2414/14/2 2415/14/2 2436/14/2
f 2436/14/2 2415/14/2 2437/14/2
f 2416/7/2 2417/7/2 2438/7/2
f 2438/7/2 2417/7/2 2439/7/2
f 2418/1/2 2419/1/2 2440/1/2
f 2419/5/2 2420/5/2 2441/5/2
f 2440/1/2 2419/1/2 2441/1/2
f 2420/5/2 2421/5/2 2441/5/2
f 2421/1/2 2422/1/2 2442/1/2
f 2441/5/2 2421/5/2 2442/5/2
f 2422/5/2 2423/5/2 2443/5/2
f 2442/1/2 2422/1/2 2443/1/2
f 2423/5/2 2424/5/2 2443/5/2
f 2424/1/2 2425/1/2 2444/1/2
f 2443/5/2 2424/5/2 2444/5/2
f 2444/1/2 2425/1/2 2445/1/2
f 2427/16/2 2428/16/2 2447/16/2
f 2428/15/2 2429/15/2 2448/15/2
f 2447/16/2 2428/16/2 2448/16/2
f 2429/16/2 2430/16/2 2449/16/2
f 2448/15/2 2429/15/2 2449/15/2
f 2431/15/2 2432/15/2 2450/15/2
f 2449/16/2 2430/16/2 2450/16/2
f 2430/15/2 2431/15/2 2450/15/2
f 2450/15/2 2432/15/2 2451/15/2
f 2433/5/2 2434/5/2 2452/5/2
f 2434/1/2 2435/1/2 2453/1/2
f 2452/5/2 2434/5/2 2453/5/2
f 2453/1/2 2435/1/2 2454/1/2
f 2436/9/2 2437/9/2 2455/9/2
f 2455/9/2 2437/9/2 2456/9/2
f 2446/16/2 2447/16/2 2464/16/2
f 2451/16/2 2452/16/2 2465/16/2
f 2457/9/2 2458/9/2 2470/9/2
f 2470/9/2 2458/9/2 2471/9/2
f 2459/5/2 2460/5/2 2472/5/2
f 2460/1/2 2461/1/2 2473/1/2
f 2472/5/2 2460/5/2 2473/5/2
f 2473/1/2 2461/1/2 2474/1/2
f 2474/1/2 2461/1/2 2475/1/2
f 2461/5/2 2462/5/2 2476/5/2
f 2475/1/2 2461/1/2 2476/1/2
f 2476/5/2 2462/5/2 2477/5/2
f 2462/1/2 2463/1/2 2478/1/2
f 2477/5/2 2462/5/2 2478/5/2
f 2463/5/2 2464/5/2 2479/5/2
f 2478/1/2 2463/1/2 2479/1/2
f 2479/5/2 2464/5/2 2480/5/2
f 2451/16/2 2465/16/2 2481/16/2
f 2465/5/2 2466/5/2 2482/5/2
f 2481/16/2 2465/16/2 2482/16/2
f 2466/1/2 2467/1/2 2483/1/2
f 2482/5/2 2466/5/2 2483/5/2
f 2483/1/2 2467/1/2 2484/1/2
f 2468/9/2 2469/9/2 2485/9/2
f 2485/9/2 2469/9/2 2486/9/2
f 2470/7/2 2471/7/2 2487/7/2
f 2487/7/2 2471/7/2 2488/7/2
f 2472/5/2 2473/5/2 2489/5/2
f 2473/5/2 2474/5/2 2489/5/2
f 2489/5/2 2474/5/2 2490/5/2
f 2475/5/2 2476/5/2 2491/5/2
f 2476/1/2 2477/1/2 2492/1/2
f 2491/5/2 2476/5/2 2492/5/2
f 2492/1/2 2477/1/2 2493/1/2
f 2479/1/2 2480/1/2 2494/1/2
f 2480/5/2 2464/5/2 2495/5/2
f 2494/1/2 2480/1/2 2495/1/2
f 2464/16/2 2447/16/2 2496/16/2
f 2495/5/2 2464/5/2 2496/5/2
f 2481/15/2 2482/15/2 2497/15/2
f 2482/1/2 2483/1/2 2497/1/2
f 2483/5/2 2484/5/2 2498/5/2
f 2497/1/2 2483/1/2 2498/1/2
f 2498/5/2 2484/5/2 2499/5/2
f 2485/7/2 2486/7/2 2500/7/2
f 2500/7/2 2486/7/2 2501/7/2
f 2481/15/2 2497/15/2 2510/15/2
f 2510/15/2 2497/15/2 2511/15/2
f 2502/7/2 2503/7/2 2517/7/2
f 2517/7/2 2503/7/2 2518/7/2
f 2504/5/2 2505/5/2 2519/5/2
f 2519/5/2 2505/5/2 2520/5/2
f 2505/1/2 2506/1/2 2521/1/2
f 2520/5/2 2505/5/2 2521/5/2
f 2521/1/2 2506/1/2 2522/1/2
f 2507/5/2 2508/5/2 2524/5/2
f 2508/14/2 2509/14/2 2525/14/2
f 2524/5/2 2508/5/2 2525/5/2
f 2525/14/2 2509/14/2 2526/14/2
f 2496/16/2 2447/16/2 2527/16/2
f 2510/16/2 2511/16/2 2528/16/2
f 2511/5/2 2512/5/2 2528/5/2
f 2512/1/2 2513/1/2 2529/1/2
f 2528/5/2 2512/5/2 2529/5/2
f 2513/5/2 2514/5/2 2530/5/2
f 2529/1/2 2513/1/2 2530/1/2
f 2530/5/2 2514/5/2 2531/5/2
f 2515/7/2 2516/7/2 2532/7/2
f 2532/7/2 2516/7/2 2533/7/2
f 2517/13/2 2518/13/2 2534/13/2
f 2534/13/2 2518/13/2 2535/13/2
f 2519/5/2 2520/5/2 2536/5/2
f 2520/1/2 2521/1/2 2537/1/2
f 2536/5/2 2520/5/2 2537/5/2
f 2522/5/2 2523/5/2 2538/5/2
f 2537/1/2 2521/1/2 2538/1/2
f 2521/5/2 2522/5/2 2538/5/2
f 2523/1/2 2524/1/2 2539/1/2
f 2538/5/2 2523/5/2 2539/5/2
f 2524/1/2 2525/1/2 2539/1/2
f 2525/5/2 2526/5/2 2540/5/2
f 2539/1/2 2525/1/2 2540/1/2
f 2526/14/2 2527/14/2 2541/14/2
f 2540/5/2 2526/5/2 2541/5/2
f 2527/16/2 2447/16/2 2542/16/2
f 2541/14/2 2527/14/2 2542/14/2
f 2542/16/2 2447/16/2 2543/16/2
f 2510/16/2 2528/16/2 2546/16/2
f 2546/16/2 2528/16/2 2547/16/2
f 2529/5/2 2530/5/2 2548/5/2
f 2530/1/2 2531/1/2 2549/1/2
f 2548/5/2 2530/5/2 2549/5/2
f 2549/1/2 2531/1/2 2550/1/2
f 2532/14/2 2533/14/2 2551/14/2
f 2551/14/2 2533/14/2 2552/14/2
f 2543/16/2 2544/16/2 2563/16/2
f 2544/15/2 2545/15/2 2564/15/2
f 2563/16/2 2544/16/2 2564/16/2
f 2545/16/2 2546/16/2 2565/16/2
f 2564/15/2 2545/15/2 2565/15/2
f 2565/16/2 2546/16/2 2566/16/2
f 2553/7/2 2554/7/2 2572/7/2
f 2572/7/2 2554/7/2 2573/7/2
f 2555/5/2 2556/5/2 2574/5/2
f 2556/1/2 2557/1/2 2575/1/2
f 2574/5/2 2556/5/2 2575/5/2
f 2557/5/2 2558/5/2 2576/5/2
f 2575/1/2 2557/1/2 2576/1/2
f 2558/1/2 2559/1/2 2577/1/2
f 2576/5/2 2558/5/2 2577/5/2
f 2559/5/2 2560/5/2 2578/5/2
f 2577/1/2 2559/1/2 2578/1/2
f 2578/5/2 2560/5/2 2579/5/2
f 2560/1/2 2561/1/2 2580/1/2
f 2579/5/2 2560/5/2 2580/5/2
f 2561/5/2 2562/5/2 2581/5/2
f 2580/1/2 2561/1/2 2581/1/2
f 2562/14/2 2563/14/2 2582/14/2
f 2581/5/2 2562/5/2 2582/5/2
f 2582/14/2 2563/14/2 2583/14/2
f 2566/5/2 2567/5/2 2587/5/2
f 2567/1/2 2568/1/2 2588/1/2
f 2587/5/2 2567/5/2 2588/5/2
f 2588/1/2 2568/1/2 2589/1/2
f 2568/5/2 2569/5/2 2590/5/2
f 2589/1/2 2568/1/2 2590/1/2
f 2590/5/2 2569/5/2 2591/5/2
f 2591/5/2 2569/5/2 2592/5/2
f 2570/9/2 2571/9/2 2593/9/2
f 2593/9/2 2571/9/2 2594/9/2
f 2572/9/2 2573/9/2 2595/9/2
f 2595/9/2 2573/9/2 2596/9/2
f 2574/13/2 2575/13/2 2597/13/2
f 2575/5/2 2576/5/2 2598/5/2
f 2597/13/2 2575/13/2 2598/13/2
f 2576/1/2 2577/1/2 2599/1/2
f 2598/5/2 2576/5/2 2599/5/2
f 2578/5/2 2579/5/2 2600/5/2
f 2599/1/2 2577/1/2 2600/1/2
f 2577/5/2 2578/5/2 2600/5/2
f 2579/1/2 2580/1/2 2601/1/2
f 2600/5/2 2579/5/2 2601/5/2
f 2580/5/2 2581/5/2 2602/5/2
f 2601/1/2 2580/1/2 2602/1/2
f 2581/14/2 2582/14/2 2603/14/2
f 2602/5/2 2581/5/2 2603/5/2
f 2582/5/2 2583/5/2 2604/5/2
f 2603/14/2 2582/14/2 2604/14/2
f 2583/5/2 2584/5/2 2604/5/2
f 2584/1/2 2585/1/2 2605/1/2
f 2604/5/2 2584/5/2 2605/5/2
f 2585/5/2 2586/5/2 2606/5/2
f 2605/1/2 2585/1/2 2606/1/2
f 2586/1/2 2587/1/2 2607/1/2
f 2606/5/2 2586/5/2 2607/5/2
f 2588/5/2 2589/5/2 2608/5/2
f 2607/1/2 2587/1/2 2608/1/2
f 2587/5/2 2588/5/2 2608/5/2
f 2589/14/2 2590/14/2 2609/14/2
f 2608/5/2 2589/5/2 2609/5/2
f 2590/5/2 2591/5/2 2610/5/2
f 2609/14/2 2590/14/2 2610/14/2
f 2591/1/2 2592/1/2 2611/1/2
f 2610/5/2 2591/5/2 2611/5/2
f 2611/1/2 2592/1/2 2612/1/2
f 2593/7/2 2594/7/2 2613/7/2
f 2613/7/2 2594/7/2 2614/7/2
f 2615/7/2 2616/7/2 2632/7/2
f 2632/7/2 2616/7/2 2633/7/2
f 2617/5/2 2618/5/2 2634/5/2
f 2618/1/2 2619/1/2 2635/1/2
f 2634/5/2 2618/5/2 2635/5/2
f 2635/1/2 2619/1/2 2636/1/2
f 2636/1/2 2619/1/2 2637/1/2
f 2619/13/2 2620/13/2 2638/13/2
f 2637/1/2 2619/1/2 2638/1/2
f 2620/5/2 2621/5/2 2639/5/2
f 2638/13/2 2620/13/2 2639/13/2
f 2639/5/2 2621/5/2 2640/5/2
f 2621/1/2 2622/1/2 2641/1/2
f 2640/5/2 2621/5/2 2641/5/2
f 2622/5/2 2623/5/2 2642/5/2
f 2641/1/2 2622/1/2 2642/1/2
f 2623/1/2 2624/1/2 2643/1/2
f 2642/5/2 2623/5/2 2643/5/2
f 2624/5/2 2625/5/2 2644/5/2
f 2643/1/2 2624/1/2 2644/1/2
f 2625/13/2 2626/13/2 2645/13/2
f 2644/5/2 2625/5/2 2645/5/2
f 2626/5/2 2627/5/2 2646/5/2
f 2645/13/2 2626/13/2 2646/13/2
f 2627/1/2 2628/1/2 2647/1/2
f 2646/5/2 2627/5/2 2647/5/2
f 2647/1/2 2628/1/2 2648/1/2
f 2648/1/2 2628/1/2 2649/1/2
f 2628/5/2 2629/5/2 2650/5/2
f 2649/1/2 2628/1/2 2650/1/2
f 2650/5/2 2629/5/2 2651/5/2
f 2630/9/2 2631/9/2 2652/9/2
f 2652/9/2 2631/9/2 2653/9/2
f 2632/15/2 2633/15/2 2654/15/2
f 2654/15/2 2633/15/2 2655/15/2
f 2634/5/2 2635/5/2 2657/5/2
f 2635/5/2 2636/5/2 2657/5/2
f 2657/5/2 2636/5/2 2658/5/2
f 2636/14/2 2637/14/2 2659/14/2
f 2658/5/2 2636/5/2 2659/5/2
f 2637/5/2 2638/5/2 2660/5/2
f 2659/14/2 2637/14/2 2660/14/2
f 2638/1/2 2639/1/2 2661/1/2
f 2660/5/2 2638/5/2 2661/5/2
f 2639/14/2 2640/14/2 2662/14/2
f 2661/1/2 2639/1/2 2662/1/2
f 2640/5/2 2641/5/2 2663/5/2
f 2662/14/2 2640/14/2 2663/14/2
f 2641/5/2 2642/5/2 2663/5/2
f 2663/5/2 2642/5/2 2664/5/2
f 2664/5/2 2642/5/2 2665/5/2
f 2642/1/2 2643/1/2 2666/1/2
f 2665/5/2 2642/5/2 2666/5/2
f 2666/1/2 2643/1/2 2667/1/2
f 2643/5/2 2644/5/2 2668/5/2
f 2667/1/2 2643/1/2 2668/1/2
f 2668/5/2 2644/5/2 2669/5/2
f 2644/14/2 2645/14/2 2670/14/2
f 2669/5/2 2644/5/2 2670/5/2
f 2645/14/2 2646/14/2 2670/14/2
f 2670/14/2 2646/14/2 2671/14/2
f 2646/1/2 2647/1/2 2672/1/2
f 2671/14/2 2646/14/2 2672/14/2
f 2672/1/2 2647/1/2 2673/1/2
f 2647/5/2 2648/5/2 2674/5/2
f 2673/1/2 2647/1/2 2674/1/2
f 2648/14/2 2649/14/2 2675/14/2
f 2674/5/2 2648/5/2 2675/5/2
f 2675/14/2 2649/14/2 2676/14/2
f 2649/5/2 2650/5/2 2677/5/2
f 2676/14/2 2649/14/2 2677/14/2
f 2650/1/2 2651/1/2 2678/1/2
f 2677/5/2 2650/5/2 2678/5/2
f 2678/1/2 2651/1/2 2679/1/2
f 2679/1/2 2651/1/2 2680/1/2
f 2652/16/2 2653/16/2 2682/16/2
f 2682/16/2 2653/16/2 2683/16/2
f 2655/14/2 2656/14/2 2684/14/2
f 2656/15/2 2657/15/2 2685/15/2
f 2684/14/2 2656/14/2 2685/14/2
f 2685/15/2 2657/15/2 2686/15/2
f 2680/16/2 2681/16/2 2689/16/2
f 2681/14/2 2682/14/2 2690/14/2
f 2689/16/2 2681/16/2 2690/16/2
f 2690/14/2 2682/14/2 2691/14/2
f 2686/14/2 2687/14/2 2692/14/2
f 2692/14/2 2687/14/2 2693/14/2
f 2688/15/2 2689/15/2 2694/15/2
f 2694/15/2 2689/15/2 2695/15/2
f 2692/15/2 2693/15/2 2696/15/2
f 2696/15/2 2693/15/2 2697/15/2
f 2696/16/2 2697/16/2 2698/16/2
f 2698/16/2 2697/16/2 2699/16/2
f 2694/16/2 2695/16/2 2702/16/2
f 2702/16/2 2695/16/2 2703/16/2
f 2699/15/2 2700/15/2 2704/15/2
f 2704/15/2 2700/15/2 2705/15/2
f 2704/16/2 2705/16/2 2706/16/2
f 2706/16/2 2705/16/2 2707/16/2
f 2701/15/2 2702/15/2 2710/15/2
f 2710/15/2 2702/15/2 2711/15/2
f 2707/16/2 2708/16/2 2712/16/2
f 2712/16/2 2708/16/2 2713/16/2
f 2709/15/2 2710/15/2 2716/15/2
f 2716/15/2 2710/15/2 2717/15/2
f 2713/15/2 2714/15/2 2718/15/2
f 2718/15/2 2714/15/2 2719/15/2
f 2715/16/2 2716/16/2 2722/16/2
f 2722/16/2 2716/16/2 2723/16/2
f 2721/16/2 2722/16/2 2724/16/2
f 2724/16/2 2722/16/2 2725/16/2
f 2719/15/2 2720/15/2 2726/15/2
f 2726/15/2 2720/15/2 2727/15/2
f 2724/14/2 2725/14/2 2730/14/2
f 2730/14/2 2725/14/2 2731/14/2
f 2727/14/2 2728/14/2 2732/14/2
f 2732/14/2 2728/14/2 2733/14/2
f 2729/14/2 2730/14/2 2736/14/2
f 2736/14/2 2730/14/2 2737/14/2
f 2733/14/2 2734/14/2 2738/14/2
f 2738/14/2 2734/14/2 2739/14/2
f 2735/16/2 2736/16/2 2743/16/2
f 2743/16/2 2736/16/2 2744/16/2
f 2739/16/2 2740/16/2 2745/16/2
f 2740/14/2 2741/14/2 2746/14/2
f 2745/16/2 2740/16/2 2746/16/2
f 2746/14/2 2741/14/2 2747/14/2
f 2742/16/2 2743/16/2 2752/16/2
f 2752/16/2 2743/16/2 2753/16/2
f 2747/13/2 2748/13/2 2754/13/2
f 2748/14/2 2749/14/2 2755/14/2
f 2754/13/2 2748/13/2 2755/13/2
f 2755/14/2 2749/14/2 2756/14/2
f 2750/14/2 2751/14/2 2759/14/2
f 2751/16/2 2752/16/2 2760/16/2
f 2759/14/2 2751/14/2 2760/14/2
f 2760/16/2 2752/16/2 2761/16/2
f 2756/15/2 2757/15/2 2762/15/2
f 2762/15/2 2757/15/2 2763/15/2
f 2758/14/2 2759/14/2 2765/14/2
f 2765/14/2 2759/14/2 2766/14/2
f 2763/14/2 2764/14/2 2767/14/2
f 2764/16/2 2765/16/2 2768/16/2
f 2767/14/2 2764/14/2 2768/14/2
f 2768/16/2 2765/16/2 2769/16/2
f 2770/13/2 2771/13/2 2775/13/2
f 2775/13/2 2771/13/2 2776/13/2
f 2772/7/2 2773/7/2 2777/7/2
f 2773/9/2 2774/9/2 2778/9/2
f 2777/7/2 2773/7/2 2778/7/2
f 2778/9/2 2774/9/2 2779/9/2
f 2775/7/2 2776/7/2 2780/7/2
f 2780/7/2 2776/7/2 2781/7/2
f 2777/9/2 2778/9/2 2782/9/2
f 2778/13/2 2779/13/2 2783/13/2
f 2782/9/2 2778/9/2 2783/9/2
f 2783/13/2 2779/13/2 2784/13/2
f 2785/13/2 2786/13/2 2795/13/2
f 2786/9/2 2787/9/2 2796/9/2
f 2795/13/2 2786/13/2 2796/13/2
f 2796/9/2 2787/9/2 2797/9/2
f 2788/17/2 2789/17/2 2798/17/2
f 2798/17/2 2789/17/2 2799/17/2
f 2790/17/2 2791/17/2 2800/17/2
f 2800/17/2 2791/17/2 2801/17/2
f 2792/9/2 2793/9/2 2802/9/2
f 2793/7/2 2794/7/2 2803/7/2
f 2802/9/2 2793/9/2 2803/9/2
f 2803/7/2 2794/7/2 2804/7/2
f 2795/9/2 2796/9/2 2805/9/2
f 2796/7/2 2797/7/2 2806/7/2
f 2805/9/2 2796/9/2 2806/9/2
f 2806/7/2 2797/7/2 2807/7/2
f 2802/7/2 2803/7/2 2808/7/2
f 2803/9/2 2804/9/2 2809/9/2
f 2808/7/2 2803/7/2 2809/7/2
f 2809/9/2 2804/9/2 2810/9/2
f 2811/7/2 2812/7/2 2817/7/2
f 2812/14/2 2813/14/2 2818/14/2
f 2817/7/2 2812/7/2 2818/7/2
f 2818/14/2 2813/14/2 2819/14/2
f 2814/7/2 2815/7/2 2820/7/2
f 2815/14/2 2816/14/2 2821/14/2
f 2820/7/2 2815/7/2 2821/7/2
f 2821/14/2 2816/14/2 2822/14/2
f 2817/14/2 2818/14/2 2823/14/2
f 2818/7/2 2819/7/2 2824/7/2
f 2823/14/2 2818/14/2 2824/14/2
f 2824/7/2 2819/7/2 2825/7/2
f 2820/14/2 2821/14/2 2826/14/2
f 2821/7/2 2822/7/2 2827/7/2
f 2826/14/2 2821/14/2 2827/14/2
f 2827/7/2 2822/7/2 2828/7/2
f 2829/7/2 2830/7/2 2835/7/2
f 2830/9/2 2831/9/2 2836/9/2
f 2835/7/2 2830/7/2 2836/7/2
f 2836/9/2 2831/9/2 2837/9/2
f 2832/7/2 2833/7/2 2838/7/2
f 2833/9/2 2834/9/2 2839/9/2
f 2838/7/2 2833/7/2 2839/7/2
f 2839/9/2 2834/9/2 2840/9/2
f 2835/9/2 2836/9/2 2841/9/2
f 2836/7/2 2837/7/2 2842/7/2
f 2841/9/2 2836/9/2 2842/9/2
f 2842/7/2 2837/7/2 2843/7/2
f 2838/9/2 2839/9/2 2844/9/2
f 2839/7/2 2840/7/2 2845/7/2
f 2844/9/2 2839/9/2 2845/9/2
f 2845/7/2 2840/7/2 2846/7/2
f 2847/7/2 2848/7/2 2853/7/2
f 2848/9/2 2849/9/2 2854/9/2
f 2853/7/2 2848/7/2 2854/7/2
f 2854/9/2 2849/9/2 2855/9/2
f 2850/7/2 2851/7/2 2856/7/2
f 2851/9/2 2852/9/2 2857/9/2
f 2856/7/2 2851/7/2 2857/7/2
f 2857/9/2 2852/9/2 2858/9/2
f 2853/9/2 2854/9/2 2859/9/2
f 2854/7/2 2855/7/2 2860/7/2
f 2859/9/2 2854/9/2 2860/9/2
f 2860/7/2 2855/7/2 2861/7/2
f 2856/14/2 2857/14/2 2862/14/2
f 2857/7/2 2858/7/2 2863/7/2
f 2862/14/2 2857/14/2 2863/14/2
f 2863/7/2 2858/7/2 2864/7/2
f 2865/7/2 2866/7/2 2871/7/2
f 2866/9/2 2867/9/2 2872/9/2
f 2871/7/2 2866/7/2 2872/7/2
f 2872/9/2 2867/9/2 2873/9/2
f 2868/7/2 2869/7/2 2874/7/2
f 2869/9/2 2870/9/2 2875/9/2
f 2874/7/2 2869/7/2 2875/7/2
f 2875/9/2 2870/9/2 2876/9/2
f 2871/13/2 2872/13/2 2877/13/2
f 2872/14/2 2873/14/2 2878/14/2
f 2877/13/2 2872/13/2 2878/13/2
f 2878/14/2 2873/14/2 2879/14/2
f 2874/16/2 2875/16/2 2897/16/2
f 2875/14/2 2876/14/2 2898/14/2
f 2897/16/2 2875/16/2 2898/16/2
f 2898/14/2 2876/14/2 2899/14/2
f 2879/15/2 2880/15/2 2900/15/2
f 2880/13/2 2881/13/2 2901/13/2
f 2900/15/2 2880/15/2 2901/15/2
f 2881/16/2 2882/16/2 2902/16/2
f 2901/13/2 2881/13/2 2902/13/2
f 2882/15/2 2883/15/2 2903/15/2
f 2902/16/2 2882/16/2 2903/16/2
f 2883/14/2 2884/14/2 2904/14/2
f 2903/15/2 2883/15/2 2904/15/2
f 2884/15/2 2885/15/2 2905/15/2
f 2904/14/2 2884/14/2 2905/14/2
f 2885/14/2 2886/14/2 2906/14/2
f 2905/15/2 2885/15/2 2906/15/2
f 2886/16/2 2887/16/2 2907/16/2
f 2906/14/2 2886/14/2 2907/14/2
f 2887/15/2 2888/15/2 2908/15/2
f 2907/16/2 2887/16/2 2908/16/2
f 2888/16/2 2889/16/2 2909/16/2
f 2908/15/2 2888/15/2 2909/15/2
f 2889/15/2 2890/15/2 2910/15/2
f 2909/16/2 2889/16/2 2910/16/2
f 2890/14/2 2891/14/2 2911/14/2
f 2910/15/2 2890/15/2 2911/15/2
f 2891/16/2 2892/16/2 2912/16/2
f 2911/14/2 2891/14/2 2912/14/2
f 2892/13/2 2893/13/2 2913/13/2
f 2912/16/2 2892/16/2 2913/16/2
f 2893/15/2 2894/15/2 2914/15/2
f 2913/13/2 2893/13/2 2914/13/2
f 2894/16/2 2895/16/2 2915/16/2
f 2914/15/2 2894/15/2 2915/15/2
f 2895/15/2 2896/15/2 2916/15/2
f 2915/16/2 2895/16/2 2916/16/2
f 2896/14/2 2897/14/2 2917/14/2
f 2916/15/2 2896/15/2 2917/15/2
f 2917/14/2 2897/14/2 2918/14/2
f 2919/14/2 2920/14/2 2925/14/2
f 2920/13/2 2921/13/2 2926/13/2
f 2925/14/2 2920/14/2 2926/14/2
f 2921/17/2 2922/17/2 2927/17/2
f 2926/13/2 2921/13/2 2927/13/2
f 2922/13/2 2923/13/2 2928/13/2
f 2927/17/2 2922/17/2 2928/17/2
f 2923/17/2 2924/17/2 2929/17/2
f 2928/13/2 2923/13/2 2929/13/2
f 2929/17/2 2924/17/2 2930/17/2
f 2949/13/3 2932/13/3 2931/13/3
f 2950/9/3 2933/9/3 2932/9/3
f 2950/13/3 2932/13/3 2949/13/3
f 2951/9/3 2933/9/3 2950/9/3
f 2952/14/3 2935/14/3 2934/14/3
f 2953/9/3 2936/9/3 2935/9/3
f 2953/14/3 2935/14/3 2952/14/3
f 2954/9/3 2936/9/3 2953/9/3
f 2955/9/3 2938/9/3 2937/9/3
f 2956/7/3 2939/7/3 2938/7/3
f 2956/9/3 2938/9/3 2955/9/3
f 2957/7/3 2939/7/3 2956/7/3
f 2958/7/3 2941/7/3 2940/7/3
f 2959/14/3 2942/14/3 2941/14/3
f 2959/7/3 2941/7/3 2958/7/3
f 2960/14/3 2942/14/3 2959/14/3
f 2961/9/3 2944/9/3 2943/9/3
f 2962/7/3 2945/7/3 2944/7/3
f 2962/9/3 2944/9/3 2961/9/3
f 2963/7/3 2945/7/3 2962/7/3
f 2964/9/3 2947/9/3 2946/9/3
f 2965/16/3 2948/16/3 2947/16/3
f 2965/9/3 2947/9/3 2964/9/3
f 2966/16/3 2948/16/3 2965/16/3
f 2967/9/3 2950/9/3 2949/9/3
f 2968/7/3 2951/7/3 2950/7/3
f 2968/9/3 2950/9/3 2967/9/3
f 2969/7/3 2951/7/3 2968/7/3
f 2970/9/3 2953/9/3 2952/9/3
f 2971/7/3 2954/7/3 2953/7/3
f 2971/9/3 2953/9/3 2970/9/3
f 2972/7/3 2954/7/3 2971/7/3
f 2973/7/3 2956/7/3 2955/7/3
f 2974/9/3 2957/9/3 2956/9/3
f 2974/7/3 2956/7/3 2973/7/3
f 2975/9/3 2957/9/3 2974/9/3
f 2976/9/3 2959/9/3 2958/9/3
f 2977/7/3 2960/7/3 2959/7/3
f 2977/9/3 2959/9/3 2976/9/3
f 2978/7/3 2960/7/3 2977/7/3
f 2979/7/3 2962/7/3 2961/7/3
f 2980/9/3 2963/9/3 2962/9/3
f 2980/7/3 2962/7/3 2979/7/3
f 2981/9/3 2963/9/3 2980/9/3
f 2982/7/3 2965/7/3 2964/7/3
f 2983/15/3 2966/15/3 2965/15/3
f 2983/7/3 2965/7/3 2982/7/3
f 2984/15/3 2966/15/3 2983/15/3
f 2985/15/3 2966/15/3 2984/15/3
f 2986/14/3 2985/14/3 2984/14/3
f 2987/14/3 2985/14/3 2986/14/3
f 2988/16/3 2987/16/3 2986/16/3
f 2989/16/3 2987/16/3 2988/16/3
f 2990/13/3 2989/13/3 2988/13/3
f 2991/13/3 2989/13/3 2990/13/3
f 2992/16/3 2991/16/3 2990/16/3
f 2993/16/3 2991/16/3 2992/16/3
f 2994/15/3 2993/15/3 2992/15/3
f 2995/15/3 2993/15/3 2994/15/3
f 2996/14/3 2995/14/3 2994/14/3
f 2997/14/3 2995/14/3 2996/14/3
f 2998/16/3 2997/16/3 2996/16/3
f 2999/16/3 2997/16/3 2998/16/3
f 3000/13/3 2999/13/3 2998/13/3
f 3001/13/3 2999/13/3 3000/13/3
f 3002/14/3 3001/14/3 3000/14/3
f 3003/14/3 3001/14/3 3002/14/3
f 3004/15/3 3003/15/3 3002/15/3
f 3005/15/3 3003/15/3 3004/15/3
f 3006/16/3 3005/16/3 3004/16/3
f 3007/16/3 3005/16/3 3006/16/3
f 3008/14/3 3007/14/3 3006/14/3
f 3009/14/3 3007/14/3 3008/14/3
f 3010/15/3 3009/15/3 3008/15/3
f 3011/15/3 3009/15/3 3010/15/3
f 3012/16/3 3011/16/3 3010/16/3
f 3013/16/3 3011/16/3 3012/16/3
f 3014/14/3 3013/14/3 3012/14/3
f 3015/14/3 3013/14/3 3014/14/3
f 3016/16/3 3015/16/3 3014/16/3
f 3017/16/3 3015/16/3 3016/16/3
f 3018/15/3 3017/15/3 3016/15/3
f 3019/15/3 3017/15/3 3018/15/3
f 3020/16/3 3019/16/3 3018/16/3
f 3021/16/3 3019/16/3 3020/16/3
f 3022/14/3 3021/14/3 3020/14/3
f 3023/14/3 3021/14/3 3022/14/3
f 3024/16/3 3023/16/3 3022/16/3
f 3025/16/3 3023/16/3 3024/16/3
f 3026/14/3 3025/14/3 3024/14/3
f 3027/14/3 3025/14/3 3026/14/3
f 3044/13/3 3027/13/3 3026/13/3
f 3045/13/3 3027/13/3 3044/13/3
f 3046/7/3 3029/7/3 3028/7/3
f 3047/9/3 3030/9/3 3029/9/3
f 3047/7/3 3029/7/3 3046/7/3
f 3048/9/3 3030/9/3 3047/9/3
f 3049/7/3 3032/7/3 3031/7/3
f 3050/9/3 3033/9/3 3032/9/3
f 3050/7/3 3032/7/3 3049/7/3
f 3051/9/3 3033/9/3 3050/9/3
f 3052/7/3 3035/7/3 3034/7/3
f 3053/9/3 3036/9/3 3035/9/3
f 3053/7/3 3035/7/3 3052/7/3
f 3054/9/3 3036/9/3 3053/9/3
f 3055/9/3 3038/9/3 3037/9/3
f 3056/7/3 3039/7/3 3038/7/3
f 3056/9/3 3038/9/3 3055/9/3
f 3057/7/3 3039/7/3 3056/7/3
f 3058/9/3 3041/9/3 3040/9/3
f 3059/7/3 3042/7/3 3041/7/3
f 3059/9/3 3041/9/3 3058/9/3
f 3060/7/3 3042/7/3 3059/7/3
f 3061/9/3 3044/9/3 3043/9/3
f 3062/16/3 3045/16/3 3044/16/3
f 3062/9/3 3044/9/3 3061/9/3
f 3063/16/3 3045/16/3 3062/16/3
f 3064/9/3 3047/9/3 3046/9/3
f 3065/7/3 3048/7/3 3047/7/3
f 3065/9/3 3047/9/3 3064/9/3
f 3066/7/3 3048/7/3 3065/7/3
f 3067/9/3 3050/9/3 3049/9/3
f 3068/7/3 3051/7/3 3050/7/3
f 3068/9/3 3050/9/3 3067/9/3
f 3069/7/3 3051/7/3 3068/7/3
f 3070/9/3 3053/9/3 3052/9/3
f 3071/7/3 3054/7/3 3053/7/3
f 3071/9/3 3053/9/3 3070/9/3
f 3072/7/3 3054/7/3 3071/7/3
f 3073/7/3 3056/7/3 3055/7/3
f 3074/13/3 3057/13/3 3056/13/3
f 3074/7/3 3056/7/3 3073/7/3
f 3075/13/3 3057/13/3 3074/13/3
f 3076/7/3 3059/7/3 3058/7/3
f 3077/9/3 3060/9/3 3059/9/3
f 3077/7/3 3059/7/3 3076/7/3
f 3078/9/3 3060/9/3 3077/9/3
f 3079/7/3 3062/7/3 3061/7/3
f 3080/15/3 3063/15/3 3062/15/3
f 3080/7/3 3062/7/3 3079/7/3
f 3081/15/3 3063/15/3 3080/15/3
f 3100/9/3 3083/9/3 3082/9/3
f 3101/13/3 3084/13/3 3083/13/3
f 3101/9/3 3083/9/3 3100/9/3
f 3102/13/3 3084/13/3 3101/13/3
f 3103/7/3 3086/7/3 3085/7/3
f 3104/9/3 3087/9/3 3086/9/3
f 3104/7/3 3086/7/3 3103/7/3
f 3105/9/3 3087/9/3 3104/9/3
f 3106/14/3 3089/14/3 3088/14/3
f 3107/7/3 3090/7/3 3089/7/3
f 3107/14/3 3089/14/3 3106/14/3
f 3108/7/3 3090/7/3 3107/7/3
f 3109/9/3 3092/9/3 3091/9/3
f 3110/7/3 3093/7/3 3092/7/3
f 3110/9/3 3092/9/3 3109/9/3
f 3111/7/3 3093/7/3 3110/7/3
f 3112/9/3 3095/9/3 3094/9/3
f 3113/7/3 3096/7/3 3095/7/3
f 3113/9/3 3095/9/3 3112/9/3
f 3114/7/3 3096/7/3 3113/7/3
f 3115/9/3 3098/9/3 3097/9/3
f 3116/14/3 3099/14/3 3098/14/3
f 3116/9/3 3098/9/3 3115/9/3
f 3117/14/3 3099/14/3 3116/14/3
f 3119/14/3 3118/14/3 3117/14/3
f 3120/14/3 3118/14/3 3119/14/3
f 3138/15/3 3120/15/3 3119/15/3
f 3139/15/3 3120/15/3 3138/15/3
f 3140/1/3 3122/1/3 3121/1/3
f 3141/14/3 3123/14/3 3122/14/3
f 3141/1/3 3122/1/3 3140/1/3
f 3142/14/3 3123/14/3 3141/14/3
f 3143/5/3 3125/5/3 3124/5/3
f 3144/1/3 3126/1/3 3125/1/3
f 3144/5/3 3125/5/3 3143/5/3
f 3145/1/3 3126/1/3 3144/1/3
f 3146/1/3 3128/1/3 3127/1/3
f 3147/5/3 3129/5/3 3128/5/3
f 3147/1/3 3128/1/3 3146/1/3
f 3148/5/3 3129/5/3 3147/5/3
f 3149/5/3 3134/5/3 3133/5/3
f 3150/1/3 3135/1/3 3134/1/3
f 3150/5/3 3134/5/3 3149/5/3
f 3151/1/3 3135/1/3 3150/1/3
f 3152/5/3 3137/5/3 3136/5/3
f 3153/16/3 3139/16/3 3138/16/3
f 3154/16/3 3139/16/3 3153/16/3
f 3155/5/3 3141/5/3 3140/5/3
f 3156/1/3 3142/1/3 3141/1/3
f 3156/5/3 3141/5/3 3155/5/3
f 3157/1/3 3142/1/3 3156/1/3
f 3158/5/3 3152/5/3 3136/5/3
f 3159/5/3 3152/5/3 3158/5/3
f 3160/15/3 3154/15/3 3153/15/3
f 3161/15/3 3154/15/3 3160/15/3
f 3162/5/3 3157/5/3 3156/5/3
f 3162/14/3 3156/14/3 3155/14/3
f 3163/5/3 3157/5/3 3162/5/3
f 3164/1/3 3131/1/3 3130/1/3
f 3165/5/3 3132/5/3 3131/5/3
f 3165/1/3 3131/1/3 3164/1/3
f 3166/5/3 3132/5/3 3165/5/3
f 3167/1/3 3159/1/3 3158/1/3
f 3168/13/3 3161/13/3 3160/13/3
f 3169/13/3 3161/13/3 3168/13/3
f 3170/14/3 3162/14/3 3155/14/3
f 3171/1/3 3163/1/3 3162/1/3
f 3171/14/3 3162/14/3 3170/14/3
f 3172/1/3 3163/1/3 3171/1/3
f 3173/1/3 3144/1/3 3143/1/3
f 3174/5/3 3145/5/3 3144/5/3
f 3174/1/3 3144/1/3 3173/1/3
f 3175/1/3 3167/1/3 3158/1/3
f 3176/1/3 3167/1/3 3175/1/3
f 3177/14/3 3169/14/3 3168/14/3
f 3178/14/3 3169/14/3 3177/14/3
f 3179/5/3 3172/5/3 3171/5/3
f 3179/1/3 3171/1/3 3170/1/3
f 3180/5/3 3172/5/3 3179/5/3
f 3181/14/3 3174/14/3 3173/14/3
f 3182/5/3 3145/5/3 3174/5/3
f 3182/14/3 3174/14/3 3181/14/3
f 3183/5/3 3145/5/3 3182/5/3
f 3184/1/3 3150/1/3 3149/1/3
f 3185/5/3 3151/5/3 3150/5/3
f 3185/1/3 3150/1/3 3184/1/3
f 3186/5/3 3151/5/3 3185/5/3
f 3187/5/3 3176/5/3 3175/5/3
f 3188/16/3 3178/16/3 3177/16/3
f 3189/16/3 3178/16/3 3188/16/3
f 3190/1/3 3179/1/3 3170/1/3
f 3191/14/3 3180/14/3 3179/14/3
f 3191/1/3 3179/1/3 3190/1/3
f 3192/14/3 3180/14/3 3191/14/3
f 3193/5/3 3187/5/3 3175/5/3
f 3194/5/3 3187/5/3 3193/5/3
f 3195/14/3 3189/14/3 3188/14/3
f 3196/14/3 3189/14/3 3195/14/3
f 3197/14/3 3191/14/3 3190/14/3
f 3198/5/3 3192/5/3 3191/5/3
f 3198/14/3 3191/14/3 3197/14/3
f 3199/5/3 3192/5/3 3198/5/3
f 3200/5/3 3147/5/3 3146/5/3
f 3201/1/3 3148/1/3 3147/1/3
f 3201/5/3 3147/5/3 3200/5/3
f 3202/1/3 3148/1/3 3201/1/3
f 3203/1/3 3194/1/3 3193/1/3
f 3204/1/3 3194/1/3 3203/1/3
f 3205/15/3 3196/15/3 3195/15/3
f 3206/15/3 3196/15/3 3205/15/3
f 3207/1/3 3166/1/3 3165/1/3
f 3207/5/3 3165/5/3 3164/5/3
f 3208/1/3 3166/1/3 3207/1/3
f 3209/5/3 3204/5/3 3203/5/3
f 3210/16/3 3206/16/3 3205/16/3
f 3211/1/3 3201/1/3 3200/1/3
f 3212/5/3 3202/5/3 3201/5/3
f 3212/1/3 3201/1/3 3211/1/3
f 3213/5/3 3202/5/3 3212/5/3
f 3214/5/3 3207/5/3 3164/5/3
f 3215/5/3 3207/5/3 3214/5/3
f 3216/5/3 3185/5/3 3184/5/3
f 3217/1/3 3186/1/3 3185/1/3
f 3217/5/3 3185/5/3 3216/5/3
f 3218/1/3 3186/1/3 3217/1/3
f 3219/5/3 3209/5/3 3203/5/3
f 3220/16/3 3206/16/3 3210/16/3
f 3221/16/3 3206/16/3 3220/16/3
f 3222/1/3 3199/1/3 3198/1/3
f 3222/5/3 3198/5/3 3197/5/3
f 3223/1/3 3199/1/3 3222/1/3
f 3224/5/3 3182/5/3 3181/5/3
f 3225/1/3 3183/1/3 3182/1/3
f 3225/5/3 3182/5/3 3224/5/3
f 3226/1/3 3217/1/3 3216/1/3
f 3227/5/3 3218/5/3 3217/5/3
f 3227/1/3 3217/1/3 3226/1/3
f 3228/5/3 3219/5/3 3203/5/3
f 3229/5/3 3219/5/3 3228/5/3
f 3230/15/3 3221/15/3 3220/15/3
f 3231/15/3 3221/15/3 3230/15/3
f 3232/5/3 3223/5/3 3222/5/3
f 3232/5/3 3222/5/3 3197/5/3
f 3233/5/3 3223/5/3 3232/5/3
f 3234/1/3 3183/1/3 3225/1/3
f 3235/1/3 3183/1/3 3234/1/3
f 3236/1/3 3213/1/3 3212/1/3
f 3236/5/3 3212/5/3 3211/5/3
f 3237/1/3 3213/1/3 3236/1/3
f 3238/5/3 3218/5/3 3227/5/3
f 3239/5/3 3218/5/3 3238/5/3
f 3240/1/3 3229/1/3 3228/1/3
f 3241/14/3 3231/14/3 3230/14/3
f 3242/5/3 3235/5/3 3234/5/3
f 3243/5/3 3235/5/3 3242/5/3
f 3244/1/3 3239/1/3 3238/1/3
f 3245/1/3 3239/1/3 3244/1/3
f 3246/1/3 3240/1/3 3228/1/3
f 3247/14/3 3231/14/3 3241/14/3
f 3248/14/3 3231/14/3 3247/14/3
f 3249/1/3 3246/1/3 3228/1/3
f 3250/16/3 3248/16/3 3247/16/3
f 3254/5/3 3245/5/3 3244/5/3
f 3255/1/3 3249/1/3 3228/1/3
f 3256/16/3 3248/16/3 3250/16/3
f 3257/16/3 3248/16/3 3256/16/3
f 3258/1/3 3233/1/3 3232/1/3
f 3259/5/3 3223/5/3 3233/5/3
f 3259/1/3 3233/1/3 3258/1/3
f 3260/1/3 3252/1/3 3251/1/3
f 3261/1/3 3252/1/3 3260/1/3
f 3262/1/3 3255/1/3 3228/1/3
f 3263/1/3 3255/1/3 3262/1/3
f 3264/5/3 3261/5/3 3260/5/3
f 3268/1/3 3254/1/3 3253/1/3
f 3269/5/3 3245/5/3 3254/5/3
f 3269/1/3 3254/1/3 3268/1/3
f 3270/5/3 3245/5/3 3269/5/3
f 3271/5/3 3263/5/3 3262/5/3
f 3272/15/3 3257/15/3 3256/15/3
f 3273/5/3 3223/5/3 3259/5/3
f 3273/5/3 3259/5/3 3258/5/3
f 3274/5/3 3223/5/3 3273/5/3
f 3275/5/3 3236/5/3 3211/5/3
f 3277/1/3 3267/1/3 3266/1/3
f 3279/5/3 3271/5/3 3262/5/3
f 3280/5/3 3271/5/3 3279/5/3
f 3281/15/3 3257/15/3 3272/15/3
f 3282/15/3 3257/15/3 3281/15/3
f 3283/5/3 3264/5/3 3260/5/3
f 3284/1/3 3265/1/3 3264/1/3
f 3284/5/3 3264/5/3 3283/5/3
f 3285/1/3 3265/1/3 3284/1/3
f 3286/5/3 3275/5/3 3211/5/3
f 3287/1/3 3276/1/3 3275/1/3
f 3287/5/3 3275/5/3 3286/5/3
f 3288/1/3 3276/1/3 3287/1/3
f 3289/1/3 3277/1/3 3266/1/3
f 3290/5/3 3278/5/3 3277/5/3
f 3290/1/3 3277/1/3 3289/1/3
f 3291/5/3 3278/5/3 3290/5/3
f 3292/1/3 3280/1/3 3279/1/3
f 3293/14/3 3282/14/3 3281/14/3
f 3294/14/3 3282/14/3 3293/14/3
f 3295/5/3 3269/5/3 3268/5/3
f 3295/1/3 3270/1/3 3269/1/3
f 3296/1/3 3270/1/3 3295/1/3
f 3297/1/3 3292/1/3 3279/1/3
f 3298/1/3 3292/1/3 3297/1/3
f 3299/13/3 3294/13/3 3293/13/3
f 3300/13/3 3294/13/3 3299/13/3
f 3301/5/3 3273/5/3 3258/5/3
f 3302/1/3 3274/1/3 3273/1/3
f 3302/5/3 3273/5/3 3301/5/3
f 3303/1/3 3274/1/3 3302/1/3
f 3304/5/3 3296/5/3 3295/5/3
f 3304/5/3 3295/5/3 3268/5/3
f 3305/5/3 3296/5/3 3304/5/3
f 3306/5/3 3298/5/3 3297/5/3
f 3307/15/3 3300/15/3 3299/15/3
f 3308/15/3 3300/15/3 3307/15/3
f 3309/1/3 3284/1/3 3283/1/3
f 3310/5/3 3285/5/3 3284/5/3
f 3310/1/3 3284/1/3 3309/1/3
f 3311/5/3 3285/5/3 3310/5/3
f 3312/1/3 3287/1/3 3286/1/3
f 3313/5/3 3288/5/3 3287/5/3
f 3313/1/3 3287/1/3 3312/1/3
f 3314/5/3 3290/5/3 3289/5/3
f 3315/1/3 3291/1/3 3290/1/3
f 3315/5/3 3290/5/3 3314/5/3
f 3316/1/3 3291/1/3 3315/1/3
f 3317/5/3 3306/5/3 3297/5/3
f 3318/16/3 3308/16/3 3307/16/3
f 3319/16/3 3308/16/3 3318/16/3
f 3320/5/3 3303/5/3 3302/5/3
f 3320/1/3 3302/1/3 3301/1/3
f 3321/5/3 3303/5/3 3320/5/3
f 3322/5/3 3310/5/3 3309/5/3
f 3323/1/3 3311/1/3 3310/1/3
f 3323/5/3 3310/5/3 3322/5/3
f 3324/5/3 3288/5/3 3313/5/3
f 3324/5/3 3313/5/3 3312/5/3
f 3325/5/3 3288/5/3 3324/5/3
f 3326/5/3 3317/5/3 3297/5/3
f 3327/5/3 3317/5/3 3326/5/3
f 3328/15/3 3319/15/3 3318/15/3
f 3329/15/3 3319/15/3 3328/15/3
f 3330/1/3 3321/1/3 3320/1/3
f 3330/1/3 3320/1/3 3301/1/3
f 3331/1/3 3321/1/3 3330/1/3
f 3332/1/3 3321/1/3 3331/1/3
f 3333/14/3 3323/14/3 3322/14/3
f 3334/1/3 3311/1/3 3323/1/3
f 3334/14/3 3323/14/3 3333/14/3
f 3335/1/3 3311/1/3 3334/1/3
f 3336/1/3 3315/1/3 3314/1/3
f 3337/5/3 3316/5/3 3315/5/3
f 3337/1/3 3315/1/3 3336/1/3
f 3338/5/3 3316/5/3 3337/5/3
f 3339/1/3 3305/1/3 3304/1/3
f 3340/5/3 3296/5/3 3305/5/3
f 3340/1/3 3305/1/3 3339/1/3
f 3341/5/3 3296/5/3 3340/5/3
f 3342/1/3 3327/1/3 3326/1/3
f 3343/16/3 3329/16/3 3328/16/3
f 3344/16/3 3329/16/3 3343/16/3
f 3345/14/3 3331/14/3 3330/14/3
f 3346/5/3 3332/5/3 3331/5/3
f 3346/14/3 3331/14/3 3345/14/3
f 3347/13/3 3334/13/3 3333/13/3
f 3348/5/3 3335/5/3 3334/5/3
f 3348/13/3 3334/13/3 3347/13/3
f 3349/5/3 3324/5/3 3312/5/3
f 3350/1/3 3325/1/3 3324/1/3
f 3350/5/3 3324/5/3 3349/5/3
f 3351/1/3 3325/1/3 3350/1/3
f 3352/1/3 3342/1/3 3326/1/3
f 3353/13/3 3344/13/3 3343/13/3
f 3354/13/3 3344/13/3 3353/13/3
f 3355/1/3 3346/1/3 3345/1/3
f 3356/5/3 3332/5/3 3346/5/3
f 3356/1/3 3346/1/3 3355/1/3
f 3357/5/3 3332/5/3 3356/5/3
f 3358/5/3 3335/5/3 3348/5/3
f 3358/1/3 3348/1/3 3347/1/3
f 3359/5/3 3335/5/3 3358/5/3
f 3360/1/3 3350/1/3 3349/1/3
f 3361/5/3 3351/5/3 3350/5/3
f 3361/1/3 3350/1/3 3360/1/3
f 3362/5/3 3351/5/3 3361/5/3
f 3363/1/3 3352/1/3 3326/1/3
f 3364/1/3 3352/1/3 3363/1/3
f 3365/16/3 3354/16/3 3353/16/3
f 3366/16/3 3354/16/3 3365/16/3
f 3367/13/3 3356/13/3 3355/13/3
f 3368/14/3 3357/14/3 3356/14/3
f 3368/13/3 3356/13/3 3367/13/3
f 3369/14/3 3357/14/3 3368/14/3
f 3370/1/3 3359/1/3 3358/1/3
f 3370/1/3 3358/1/3 3347/1/3
f 3371/1/3 3359/1/3 3370/1/3
f 3372/13/3 3361/13/3 3360/13/3
f 3373/1/3 3362/1/3 3361/1/3
f 3373/13/3 3361/13/3 3372/13/3
f 3374/1/3 3338/1/3 3337/1/3
f 3374/5/3 3337/5/3 3336/5/3
f 3375/1/3 3338/1/3 3374/1/3
f 3376/5/3 3364/5/3 3363/5/3
f 3377/14/3 3366/14/3 3365/14/3
f 3378/14/3 3366/14/3 3377/14/3
f 3379/14/3 3368/14/3 3367/14/3
f 3380/5/3 3369/5/3 3368/5/3
f 3380/14/3 3368/14/3 3379/14/3
f 3381/14/3 3371/14/3 3370/14/3
f 3382/1/3 3359/1/3 3371/1/3
f 3382/14/3 3371/14/3 3381/14/3
f 3383/1/3 3359/1/3 3382/1/3
f 3384/5/3 3373/5/3 3372/5/3
f 3385/1/3 3362/1/3 3373/1/3
f 3385/5/3 3373/5/3 3384/5/3
f 3386/1/3 3362/1/3 3385/1/3
f 3387/5/3 3375/5/3 3374/5/3
f 3387/5/3 3374/5/3 3336/5/3
f 3388/5/3 3375/5/3 3387/5/3
f 3389/5/3 3340/5/3 3339/5/3
f 3390/1/3 3341/1/3 3340/1/3
f 3390/5/3 3340/5/3 3389/5/3
f 3391/1/3 3341/1/3 3390/1/3
f 3392/5/3 3376/5/3 3363/5/3
f 3393/5/3 3376/5/3 3392/5/3
f 3394/13/3 3378/13/3 3377/13/3
f 3395/13/3 3378/13/3 3394/13/3
f 3396/5/3 3380/5/3 3379/5/3
f 3397/5/3 3369/5/3 3380/5/3
f 3397/5/3 3380/5/3 3396/5/3
f 3398/5/3 3369/5/3 3397/5/3
f 3399/1/3 3382/1/3 3381/1/3
f 3400/5/3 3383/5/3 3382/5/3
f 3400/1/3 3382/1/3 3399/1/3
f 3401/5/3 3383/5/3 3400/5/3
f 3402/1/3 3385/1/3 3384/1/3
f 3403/5/3 3386/5/3 3385/5/3
f 3403/1/3 3385/1/3 3402/1/3
f 3404/5/3 3386/5/3 3403/5/3
f 3405/1/3 3388/1/3 3387/1/3
f 3406/5/3 3375/5/3 3388/5/3
f 3406/1/3 3388/1/3 3405/1/3
f 3407/5/3 3375/5/3 3406/5/3
f 3408/1/3 3390/1/3 3389/1/3
f 3409/5/3 3391/5/3 3390/5/3
f 3409/1/3 3390/1/3 3408/1/3
f 3410/5/3 3391/5/3 3409/5/3
f 3411/1/3 3393/1/3 3392/1/3
f 3412/1/3 3393/1/3 3411/1/3
f 3413/16/3 3395/16/3 3394/16/3
f 3414/16/3 3395/16/3 3413/16/3
f 3415/15/3 3414/15/3 3413/15/3
f 3416/15/3 3414/15/3 3415/15/3
f 3434/14/3 3416/14/3 3415/14/3
f 3435/14/3 3416/14/3 3434/14/3
f 3436/13/3 3418/13/3 3417/13/3
f 3437/7/3 3419/7/3 3418/7/3
f 3437/13/3 3418/13/3 3436/13/3
f 3438/7/3 3419/7/3 3437/7/3
f 3439/13/3 3421/13/3 3420/13/3
f 3440/9/3 3422/9/3 3421/9/3
f 3440/13/3 3421/13/3 3439/13/3
f 3441/9/3 3422/9/3 3440/9/3
f 3442/7/3 3424/7/3 3423/7/3
f 3443/14/3 3425/14/3 3424/14/3
f 3443/7/3 3424/7/3 3442/7/3
f 3444/14/3 3425/14/3 3443/14/3
f 3445/7/3 3427/7/3 3426/7/3
f 3446/9/3 3428/9/3 3427/9/3
f 3446/7/3 3427/7/3 3445/7/3
f 3447/9/3 3428/9/3 3446/9/3
f 3448/7/3 3430/7/3 3429/7/3
f 3449/9/3 3431/9/3 3430/9/3
f 3449/7/3 3430/7/3 3448/7/3
f 3450/9/3 3431/9/3 3449/9/3
f 3451/7/3 3433/7/3 3432/7/3
f 3452/13/3 3434/13/3 3433/13/3
f 3452/7/3 3433/7/3 3451/7/3
f 3453/13/3 3434/13/3 3452/13/3
f 3469/14/3 3455/14/3 3454/14/3
f 3470/14/3 3455/14/3 3469/14/3
f 3471/6/3 3457/6/3 3456/6/3
f 3472/1/3 3459/1/3 3458/1/3
f 3473/1/3 3459/1/3 3472/1/3
f 3474/1/3 3461/1/3 3460/1/3
f 3475/1/3 3461/1/3 3474/1/3
f 3476/6/3 3465/6/3 3464/6/3
f 3477/15/3 3467/15/3 3466/15/3
f 3478/16/3 3468/16/3 3467/16/3
f 3478/15/3 3467/15/3 3477/15/3
f 3479/16/3 3468/16/3 3478/16/3
f 3480/6/3 3470/6/3 3469/6/3
f 3481/6/3 3470/6/3 3480/6/3
f 3482/6/3 3457/6/3 3471/6/3
f 3483/6/3 3457/6/3 3482/6/3
f 3484/1/3 3473/1/3 3472/1/3
f 3485/1/3 3473/1/3 3484/1/3
f 3486/6/3 3475/6/3 3474/6/3
f 3487/1/3 3463/1/3 3462/1/3
f 3488/1/3 3463/1/3 3487/1/3
f 3489/6/3 3465/6/3 3476/6/3
f 3490/15/3 3478/15/3 3477/15/3
f 3490/15/3 3479/15/3 3478/15/3
f 3491/15/3 3479/15/3 3490/15/3
f 3492/14/3 3481/14/3 3480/14/3
f 3493/14/3 3481/14/3 3492/14/3
f 3494/14/3 3483/14/3 3482/14/3
f 3495/14/3 3483/14/3 3494/14/3
f 3496/6/3 3465/6/3 3489/6/3
f 3497/16/3 3491/16/3 3490/16/3
f 3498/15/3 3479/15/3 3491/15/3
f 3498/16/3 3491/16/3 3497/16/3
f 3499/15/3 3479/15/3 3498/15/3
f 3500/6/3 3493/6/3 3492/6/3
f 3501/6/3 3493/6/3 3500/6/3
f 3502/6/3 3495/6/3 3494/6/3
f 3503/6/3 3475/6/3 3486/6/3
f 3504/6/3 3488/6/3 3487/6/3
f 3505/15/3 3498/15/3 3497/15/3
f 3506/16/3 3499/16/3 3498/16/3
f 3506/15/3 3498/15/3 3505/15/3
f 3507/16/3 3499/16/3 3506/16/3
f 3508/14/3 3501/14/3 3500/14/3
f 3509/6/3 3495/6/3 3502/6/3
f 3510/6/3 3495/6/3 3509/6/3
f 3511/6/3 3496/6/3 3489/6/3
f 3512/15/3 3506/15/3 3505/15/3
f 3512/15/3 3507/15/3 3506/15/3
f 3513/15/3 3507/15/3 3512/15/3
f 3514/15/3 3507/15/3 3513/15/3
f 3515/14/3 3508/14/3 3500/14/3
f 3516/14/3 3508/14/3 3515/14/3
f 3517/6/3 3510/6/3 3509/6/3
f 3518/6/3 3510/6/3 3517/6/3
f 3519/6/3 3485/6/3 3484/6/3
f 3520/6/3 3488/6/3 3504/6/3
f 3521/6/3 3511/6/3 3489/6/3
f 3522/15/3 3513/15/3 3512/15/3
f 3523/16/3 3514/16/3 3513/16/3
f 3523/15/3 3513/15/3 3522/15/3
f 3524/16/3 3514/16/3 3523/16/3
f 3525/16/3 3514/16/3 3524/16/3
f 3526/6/3 3516/6/3 3515/6/3
f 3527/6/3 3518/6/3 3517/6/3
f 3528/6/3 3511/6/3 3521/6/3
f 3529/16/3 3523/16/3 3522/16/3
f 3529/16/3 3524/16/3 3523/16/3
f 3530/15/3 3525/15/3 3524/15/3
f 3530/16/3 3524/16/3 3529/16/3
f 3531/15/3 3525/15/3 3530/15/3
f 3532/6/3 3526/6/3 3515/6/3
f 3533/6/3 3518/6/3 3527/6/3
f 3534/6/3 3485/6/3 3519/6/3
f 3535/6/3 3503/6/3 3486/6/3
f 3536/6/3 3503/6/3 3535/6/3
f 3537/6/3 3520/6/3 3504/6/3
f 3538/6/3 3520/6/3 3537/6/3
f 3539/6/3 3528/6/3 3521/6/3
f 3540/15/3 3530/15/3 3529/15/3
f 3542/1/3 3538/1/3 3537/1/3
f 3543/1/3 3538/1/3 3542/1/3
f 3544/15/3 3530/15/3 3540/15/3
f 3545/15/3 3530/15/3 3544/15/3
f 3546/16/3 3531/16/3 3530/16/3
f 3546/15/3 3530/15/3 3545/15/3
f 3547/16/3 3531/16/3 3546/16/3
f 3548/6/3 3534/6/3 3519/6/3
f 3549/1/3 3536/1/3 3535/1/3
f 3550/1/3 3536/1/3 3549/1/3
f 3551/1/3 3542/1/3 3541/1/3
f 3552/6/3 3539/6/3 3521/6/3
f 3553/16/3 3545/16/3 3544/16/3
f 3554/15/3 3547/15/3 3546/15/3
f 3554/16/3 3545/16/3 3553/16/3
f 3554/15/3 3546/15/3 3545/15/3
f 3555/15/3 3547/15/3 3554/15/3
f 3556/15/3 3547/15/3 3555/15/3
f 3557/6/3 3518/6/3 3533/6/3
f 3558/6/3 3518/6/3 3557/6/3
f 3560/6/3 3548/6/3 3519/6/3
f 3561/6/3 3548/6/3 3560/6/3
f 3562/1/3 3551/1/3 3550/1/3
f 3562/1/3 3550/1/3 3549/1/3
f 3563/1/3 3542/1/3 3551/1/3
f 3563/1/3 3551/1/3 3562/1/3
f 3566/6/3 3539/6/3 3552/6/3
f 3567/16/3 3554/16/3 3553/16/3
f 3567/16/3 3555/16/3 3554/16/3
f 3568/14/3 3556/14/3 3555/14/3
f 3568/16/3 3555/16/3 3567/16/3
f 3569/14/3 3556/14/3 3568/14/3
f 3570/6/3 3532/6/3 3515/6/3
f 3571/5/3 3559/5/3 3558/5/3
f 3572/1/3 3561/1/3 3560/1/3
f 3574/1/3 3562/1/3 3549/1/3
f 3575/1/3 3565/1/3 3564/1/3
f 3576/6/3 3566/6/3 3552/6/3
f 3577/16/3 3568/16/3 3567/16/3
f 3578/15/3 3569/15/3 3568/15/3
f 3578/16/3 3568/16/3 3577/16/3
f 3579/15/3 3569/15/3 3578/15/3
f 3580/5/3 3571/5/3 3558/5/3
f 3581/1/3 3561/1/3 3572/1/3
f 3582/1/3 3574/1/3 3573/1/3
f 3582/1/3 3562/1/3 3574/1/3
f 3583/1/3 3562/1/3 3582/1/3
f 3584/1/3 3575/1/3 3564/1/3
f 3585/6/3 3566/6/3 3576/6/3
f 3586/16/3 3577/16/3 3567/16/3
f 3587/15/3 3578/15/3 3577/15/3
f 3587/16/3 3577/16/3 3586/16/3
f 3588/5/3 3581/5/3 3580/5/3
f 3588/1/3 3561/1/3 3581/1/3
f 3589/1/3 3561/1/3 3588/1/3
f 3590/1/3 3584/1/3 3564/1/3
f 3591/1/3 3584/1/3 3590/1/3
f 3592/15/3 3578/15/3 3587/15/3
f 3592/15/3 3587/15/3 3586/15/3
f 3592/16/3 3579/16/3 3578/16/3
f 3593/16/3 3579/16/3 3592/16/3
f 3594/5/3 3580/5/3 3558/5/3
f 3594/6/3 3558/6/3 3557/6/3
f 3594/5/3 3588/5/3 3580/5/3
f 3595/5/3 3588/5/3 3594/5/3
f 3596/5/3 3591/5/3 3590/5/3
f 3597/5/3 3591/5/3 3596/5/3
f 3598/15/3 3593/15/3 3592/15/3
f 3598/15/3 3592/15/3 3586/15/3
f 3599/15/3 3593/15/3 3598/15/3
f 3600/15/3 3593/15/3 3599/15/3
f 3601/15/3 3593/15/3 3600/15/3
f 3602/6/3 3570/6/3 3515/6/3
f 3603/6/3 3594/6/3 3557/6/3
f 3604/5/3 3588/5/3 3595/5/3
f 3605/1/3 3582/1/3 3573/1/3
f 3609/6/3 3566/6/3 3585/6/3
f 3610/6/3 3566/6/3 3609/6/3
f 3611/16/3 3599/16/3 3598/16/3
f 3612/15/3 3600/15/3 3599/15/3
f 3612/16/3 3599/16/3 3611/16/3
f 3613/16/3 3601/16/3 3600/16/3
f 3613/15/3 3600/15/3 3612/15/3
f 3614/5/3 3588/5/3 3604/5/3
f 3615/6/3 3589/6/3 3588/6/3
f 3615/5/3 3588/5/3 3614/5/3
f 3616/1/3 3606/1/3 3605/1/3
f 3618/1/3 3608/1/3 3607/1/3
f 3619/1/3 3608/1/3 3618/1/3
f 3620/1/3 3610/1/3 3609/1/3
f 3621/6/3 3603/6/3 3557/6/3
f 3622/1/3 3616/1/3 3605/1/3
f 3622/1/3 3605/1/3 3573/1/3
f 3623/1/3 3616/1/3 3622/1/3
f 3624/1/3 3616/1/3 3623/1/3
f 3625/5/3 3618/5/3 3617/5/3
f 3626/1/3 3619/1/3 3618/1/3
f 3626/5/3 3618/5/3 3625/5/3
f 3627/1/3 3610/1/3 3620/1/3
f 3628/15/3 3612/15/3 3611/15/3
f 3629/16/3 3613/16/3 3612/16/3
f 3629/15/3 3612/15/3 3628/15/3
f 3630/16/3 3601/16/3 3613/16/3
f 3630/16/3 3613/16/3 3629/16/3
f 3631/6/3 3603/6/3 3621/6/3
f 3632/6/3 3589/6/3 3615/6/3
f 3633/6/3 3589/6/3 3632/6/3
f 3634/6/3 3624/6/3 3623/6/3
f 3635/6/3 3624/6/3 3634/6/3
f 3636/1/3 3619/1/3 3626/1/3
f 3637/1/3 3627/1/3 3620/1/3
f 3638/1/3 3627/1/3 3637/1/3
f 3639/15/3 3629/15/3 3628/15/3
f 3639/15/3 3630/15/3 3629/15/3
f 3640/15/3 3630/15/3 3639/15/3
f 3641/1/3 3619/1/3 3636/1/3
f 3642/1/3 3619/1/3 3641/1/3
f 3643/6/3 3638/6/3 3637/6/3
f 3644/6/3 3638/6/3 3643/6/3
f 3645/16/3 3640/16/3 3639/16/3
f 3646/16/3 3640/16/3 3645/16/3
f 3647/15/3 3630/15/3 3640/15/3
f 3647/16/3 3640/16/3 3646/16/3
f 3648/6/3 3602/6/3 3515/6/3
f 3649/6/3 3631/6/3 3621/6/3
f 3650/6/3 3642/6/3 3641/6/3
f 3651/16/3 3646/16/3 3645/16/3
f 3652/15/3 3647/15/3 3646/15/3
f 3652/16/3 3646/16/3 3651/16/3
f 3653/15/3 3630/15/3 3647/15/3
f 3653/15/3 3647/15/3 3652/15/3
f 3654/6/3 3631/6/3 3649/6/3
f 3655/6/3 3633/6/3 3632/6/3
f 3656/6/3 3633/6/3 3655/6/3
f 3657/1/3 3635/1/3 3634/1/3
f 3658/1/3 3635/1/3 3657/1/3
f 3659/6/3 3650/6/3 3641/6/3
f 3660/16/3 3652/16/3 3651/16/3
f 3660/16/3 3653/16/3 3652/16/3
f 3661/15/3 3630/15/3 3653/15/3
f 3661/16/3 3653/16/3 3660/16/3
f 3662/15/3 3630/15/3 3661/15/3
f 3663/6/3 3648/6/3 3515/6/3
f 3664/6/3 3648/6/3 3663/6/3
f 3665/6/3 3654/6/3 3649/6/3
f 3666/6/3 3654/6/3 3665/6/3
f 3667/6/3 3658/6/3 3657/6/3
f 3668/6/3 3644/6/3 3643/6/3
f 3669/15/3 3661/15/3 3660/15/3
f 3670/16/3 3662/16/3 3661/16/3
f 3670/15/3 3661/15/3 3669/15/3
f 3671/16/3 3662/16/3 3670/16/3
f 3672/14/3 3664/14/3 3663/14/3
f 3673/14/3 3664/14/3 3672/14/3
f 3674/13/3 3666/13/3 3665/13/3
f 3675/13/3 3666/13/3 3674/13/3
f 3676/6/3 3656/6/3 3655/6/3
f 3677/6/3 3656/6/3 3676/6/3
f 3678/6/3 3658/6/3 3667/6/3
f 3679/6/3 3650/6/3 3659/6/3
f 3680/6/3 3650/6/3 3679/6/3
f 3681/6/3 3668/6/3 3643/6/3
f 3682/16/3 3670/16/3 3669/16/3
f 3683/16/3 3670/16/3 3682/16/3
f 3684/14/3 3671/14/3 3670/14/3
f 3684/16/3 3670/16/3 3683/16/3
f 3685/14/3 3671/14/3 3684/14/3
f 3686/13/3 3673/13/3 3672/13/3
f 3687/13/3 3673/13/3 3686/13/3
f 3688/6/3 3675/6/3 3674/6/3
f 3689/1/3 3677/1/3 3676/1/3
f 3690/1/3 3677/1/3 3689/1/3
f 3691/6/3 3678/6/3 3667/6/3
f 3692/16/3 3683/16/3 3682/16/3
f 3693/15/3 3684/15/3 3683/15/3
f 3693/16/3 3683/16/3 3692/16/3
f 3694/16/3 3685/16/3 3684/16/3
f 3694/15/3 3684/15/3 3693/15/3
f 3695/16/3 3685/16/3 3694/16/3
f 3696/6/3 3687/6/3 3686/6/3
f 3697/6/3 3687/6/3 3696/6/3
f 3698/6/3 3688/6/3 3674/6/3
f 3699/6/3 3690/6/3 3689/6/3
f 3700/6/3 3690/6/3 3699/6/3
f 3701/6/3 3678/6/3 3691/6/3
f 3702/6/3 3668/6/3 3681/6/3
f 3703/15/3 3693/15/3 3692/15/3
f 3704/16/3 3694/16/3 3693/16/3
f 3704/15/3 3693/15/3 3703/15/3
f 3705/15/3 3695/15/3 3694/15/3
f 3705/16/3 3694/16/3 3704/16/3
f 3706/15/3 3695/15/3 3705/15/3
f 3707/1/3 3697/1/3 3696/1/3
f 3708/6/3 3688/6/3 3698/6/3
f 3709/6/3 3688/6/3 3708/6/3
f 3710/6/3 3700/6/3 3699/6/3
f 3711/6/3 3678/6/3 3701/6/3
f 3712/6/3 3678/6/3 3711/6/3
f 3713/6/3 3680/6/3 3679/6/3
f 3714/6/3 3680/6/3 3713/6/3
f 3715/15/3 3704/15/3 3703/15/3
f 3715/15/3 3705/15/3 3704/15/3
f 3716/15/3 3705/15/3 3715/15/3
f 3717/16/3 3706/16/3 3705/16/3
f 3717/15/3 3705/15/3 3716/15/3
f 3718/16/3 3706/16/3 3717/16/3
f 3719/1/3 3707/1/3 3696/1/3
f 3720/1/3 3707/1/3 3719/1/3
f 3721/6/3 3709/6/3 3708/6/3
f 3722/6/3 3710/6/3 3699/6/3
f 3723/6/3 3710/6/3 3722/6/3
f 3724/1/3 3712/1/3 3711/1/3
f 3725/1/3 3712/1/3 3724/1/3
f 3726/1/3 3714/1/3 3713/1/3
f 3727/6/3 3702/6/3 3681/6/3
f 3728/6/3 3702/6/3 3727/6/3
f 3729/15/3 3716/15/3 3715/15/3
f 3730/16/3 3717/16/3 3716/16/3
f 3730/15/3 3716/15/3 3729/15/3
f 3731/15/3 3718/15/3 3717/15/3
f 3731/16/3 3717/16/3 3730/16/3
f 3732/15/3 3718/15/3 3731/15/3
f 3733/6/3 3721/6/3 3708/6/3
f 3734/6/3 3721/6/3 3733/6/3
f 3735/6/3 3723/6/3 3722/6/3
f 3736/6/3 3723/6/3 3735/6/3
f 3737/1/3 3725/1/3 3724/1/3
f 3738/1/3 3726/1/3 3713/1/3
f 3739/1/3 3728/1/3 3727/1/3
f 3740/1/3 3728/1/3 3739/1/3
f 3741/16/3 3730/16/3 3729/16/3
f 3742/15/3 3731/15/3 3730/15/3
f 3742/16/3 3730/16/3 3741/16/3
f 3743/16/3 3732/16/3 3731/16/3
f 3743/15/3 3731/15/3 3742/15/3
f 3744/16/3 3732/16/3 3743/16/3
f 3745/14/3 3720/14/3 3719/14/3
f 3746/14/3 3720/14/3 3745/14/3
f 3747/13/3 3734/13/3 3733/13/3
f 3748/13/3 3734/13/3 3747/13/3
f 3749/1/3 3736/1/3 3735/1/3
f 3750/1/3 3736/1/3 3749/1/3
f 3751/1/3 3737/1/3 3724/1/3
f 3752/1/3 3737/1/3 3751/1/3
f 3753/1/3 3738/1/3 3713/1/3
f 3754/1/3 3738/1/3 3753/1/3
f 3755/6/3 3740/6/3 3739/6/3
f 3756/6/3 3740/6/3 3755/6/3
f 3757/15/3 3742/15/3 3741/15/3
f 3758/16/3 3743/16/3 3742/16/3
f 3758/15/3 3742/15/3 3757/15/3
f 3759/14/3 3744/14/3 3743/14/3
f 3759/16/3 3743/16/3 3758/16/3
f 3760/14/3 3744/14/3 3759/14/3
f 3763/14/3 3762/14/3 3761/14/3
f 3764/14/3 3762/14/3 3763/14/3
f 3767/15/3 3765/15/3 3764/15/3
f 3768/16/3 3766/16/3 3765/16/3
f 3768/15/3 3765/15/3 3767/15/3
f 3769/16/3 3766/16/3 3768/16/3
f 3773/16/3 3770/16/3 3769/16/3
f 3774/15/3 3771/15/3 3770/15/3
f 3774/16/3 3770/16/3 3773/16/3
f 3775/16/3 3772/16/3 3771/16/3
f 3775/15/3 3771/15/3 3774/15/3
f 3776/16/3 3772/16/3 3775/16/3
f 3777/15/3 3774/15/3 3773/15/3
f 3777/15/3 3775/15/3 3774/15/3
f 3777/15/3 3776/15/3 3775/15/3
f 3778/15/3 3776/15/3 3777/15/3
f 3779/15/3 3776/15/3 3778/15/3
f 3780/15/3 3776/15/3 3779/15/3
f 3781/16/3 3778/16/3 3777/16/3
f 3782/15/3 3779/15/3 3778/15/3
f 3782/16/3 3778/16/3 3781/16/3
f 3783/15/3 3782/15/3 3781/15/3
f 3784/15/3 3779/15/3 3782/15/3
f 3784/15/3 3782/15/3 3783/15/3
f 3785/16/3 3780/16/3 3779/16/3
f 3785/15/3 3779/15/3 3784/15/3
f 3786/16/3 3780/16/3 3785/16/3
f 3787/15/3 3784/15/3 3783/15/3
f 3788/16/3 3785/16/3 3784/16/3
f 3788/15/3 3784/15/3 3787/15/3
f 3789/14/3 3786/14/3 3785/14/3
f 3789/16/3 3785/16/3 3788/16/3
f 3790/14/3 3786/14/3 3789/14/3
f 3791/15/3 3788/15/3 3787/15/3
f 3791/15/3 3789/15/3 3788/15/3
f 3792/16/3 3790/16/3 3789/16/3
f 3792/15/3 3789/15/3 3791/15/3
f 3793/16/3 3790/16/3 3792/16/3
f 3794/16/3 3792/16/3 3791/16/3
f 3795/16/3 3792/16/3 3794/16/3
f 3796/15/3 3795/15/3 3794/15/3
f 3797/16/3 3792/16/3 3795/16/3
f 3797/15/3 3795/15/3 3796/15/3
f 3798/15/3 3793/15/3 3792/15/3
f 3798/16/3 3792/16/3 3797/16/3
f 3799/15/3 3793/15/3 3798/15/3
f 3802/16/3 3797/16/3 3796/16/3
f 3803/16/3 3797/16/3 3802/16/3
f 3805/5/3 3801/5/3 3800/5/3
f 3806/5/3 3801/5/3 3805/5/3
f 3807/16/3 3797/16/3 3803/16/3
f 3808/15/3 3798/15/3 3797/15/3
f 3808/16/3 3797/16/3 3807/16/3
f 3809/16/3 3799/16/3 3798/16/3
f 3809/15/3 3798/15/3 3808/15/3
f 3810/16/3 3799/16/3 3809/16/3
f 3811/3/3 3806/3/3 3805/3/3
f 3811/3/3 3805/3/3 3804/3/3
f 3812/3/3 3806/3/3 3811/3/3
f 3813/3/3 3806/3/3 3812/3/3
f 3814/15/3 3808/15/3 3807/15/3
f 3815/16/3 3809/16/3 3808/16/3
f 3815/15/3 3808/15/3 3814/15/3
f 3816/15/3 3810/15/3 3809/15/3
f 3816/16/3 3809/16/3 3815/16/3
f 3817/15/3 3810/15/3 3816/15/3
f 3819/3/3 3811/3/3 3804/3/3
f 3820/3/3 3811/3/3 3819/3/3
f 3821/1/3 3813/1/3 3812/1/3
f 3822/1/3 3813/1/3 3821/1/3
f 3823/3/3 3819/3/3 3818/3/3
f 3824/3/3 3819/3/3 3823/3/3
f 3825/3/3 3822/3/3 3821/3/3
f 3826/3/3 3822/3/3 3825/3/3
f 3827/16/3 3815/16/3 3814/16/3
f 3828/15/3 3816/15/3 3815/15/3
f 3828/16/3 3815/16/3 3827/16/3
f 3829/16/3 3817/16/3 3816/16/3
f 3829/15/3 3816/15/3 3828/15/3
f 3830/16/3 3817/16/3 3829/16/3
f 3831/1/3 3824/1/3 3823/1/3
f 3832/1/3 3824/1/3 3831/1/3
f 3834/1/3 3826/1/3 3825/1/3
f 3835/1/3 3826/1/3 3834/1/3
f 3836/16/3 3828/16/3 3827/16/3
f 3836/16/3 3829/16/3 3828/16/3
f 3837/16/3 3829/16/3 3836/16/3
f 3838/15/3 3830/15/3 3829/15/3
f 3838/16/3 3829/16/3 3837/16/3
f 3839/3/3 3832/3/3 3831/3/3
f 3840/3/3 3832/3/3 3839/3/3
f 3841/3/3 3835/3/3 3834/3/3
f 3841/3/3 3834/3/3 3833/3/3
f 3842/3/3 3835/3/3 3841/3/3
f 3843/3/3 3835/3/3 3842/3/3
f 3844/16/3 3837/16/3 3836/16/3
f 3845/14/3 3838/14/3 3837/14/3
f 3845/16/3 3837/16/3 3844/16/3
f 3846/15/3 3830/15/3 3838/15/3
f 3846/14/3 3838/14/3 3845/14/3
f 3847/3/3 3841/3/3 3840/3/3
f 3847/3/3 3842/3/3 3841/3/3
f 3848/3/3 3842/3/3 3847/3/3
f 3849/15/3 3845/15/3 3844/15/3
f 3850/16/3 3846/16/3 3845/16/3
f 3850/15/3 3845/15/3 3849/15/3
f 3851/15/3 3830/15/3 3846/15/3
f 3851/16/3 3846/16/3 3850/16/3
f 3852/15/3 3830/15/3 3851/15/3
f 3853/16/3 3850/16/3 3849/16/3
f 3853/16/3 3851/16/3 3850/16/3
f 3854/14/3 3852/14/3 3851/14/3
f 3854/16/3 3851/16/3 3853/16/3
f 3855/14/3 3852/14/3 3854/14/3
f 3856/16/3 3853/16/3 3849/16/3
f 3857/15/3 3854/15/3 3853/15/3
f 3857/16/3 3853/16/3 3856/16/3
f 3858/16/3 3855/16/3 3854/16/3
f 3858/15/3 3854/15/3 3857/15/3
f 3859/16/3 3855/16/3 3858/16/3
f 3860/16/3 3858/16/3 3857/16/3
f 3860/15/3 3859/15/3 3858/15/3
f 3861/15/3 3859/15/3 3860/15/3
f 3862/15/3 3857/15/3 3856/15/3
f 3863/16/3 3860/16/3 3857/16/3
f 3863/15/3 3857/15/3 3862/15/3
f 3863/16/3 3861/16/3 3860/16/3
f 3864/16/3 3861/16/3 3863/16/3
f 3865/15/3 3863/15/3 3862/15/3
f 3865/15/3 3864/15/3 3863/15/3
f 3866/15/3 3864/15/3 3865/15/3
f 3867/15/3 3864/15/3 3866/15/3
f 3868/15/3 3866/15/3 3865/15/3
f 3869/16/3 3867/16/3 3866/16/3
f 3869/15/3 3866/15/3 3868/15/3
f 3870/16/3 3869/16/3 3868/16/3
f 3871/16/3 3867/16/3 3869/16/3
f 3871/16/3 3869/16/3 3870/16/3
f 3872/16/3 3867/16/3 3871/16/3
f 3873/16/3 3871/16/3 3870/16/3
f 3874/16/3 3871/16/3 3873/16/3
f 3875/15/3 3872/15/3 3871/15/3
f 3875/16/3 3871/16/3 3874/16/3
f 3876/16/3 3874/16/3 3873/16/3
f 3877/15/3 3875/15/3 3874/15/3
f 3877/16/3 3874/16/3 3876/16/3
f 3878/15/3 3872/15/3 3875/15/3
f 3878/15/3 3875/15/3 3877/15/3
f 3879/15/3 3877/15/3 3876/15/3
f 3880/16/3 3878/16/3 3877/16/3
f 3880/15/3 3877/15/3 3879/15/3
f 3881/16/3 3878/16/3 3880/16/3
f 3882/16/3 3880/16/3 3879/16/3
f 3883/15/3 3881/15/3 3880/15/3
f 3883/16/3 3880/16/3 3882/16/3
f 3884/16/3 3878/16/3 3881/16/3
f 3884/15/3 3881/15/3 3883/15/3
f 3885/16/3 3878/16/3 3884/16/3
f 3889/16/3 3883/16/3 3882/16/3
f 3889/16/3 3884/16/3 3883/16/3
f 3890/15/3 3885/15/3 3884/15/3
f 3890/16/3 3884/16/3 3889/16/3
f 3891/15/3 3885/15/3 3890/15/3
f 3893/14/3 3887/14/3 3886/14/3
f 3894/15/3 3888/15/3 3887/15/3
f 3894/14/3 3887/14/3 3893/14/3
f 3895/16/3 3889/16/3 3888/16/3
f 3895/15/3 3888/15/3 3894/15/3
f 3896/16/3 3889/16/3 3895/16/3
f 3897/15/3 3893/15/3 3892/15/3
f 3898/15/3 3893/15/3 3897/15/3
f 3901/15/3 3900/15/3 3899/15/3
f 3902/15/3 3900/15/3 3901/15/3
f 3903/15/3 3900/15/3 3902/15/3
f 3904/15/3 3900/15/3 3903/15/3
f 3906/16/3 3905/16/3 3904/16/3
f 3907/16/3 3905/16/3 3906/16/3
f 3908/15/3 3907/15/3 3906/15/3
f 3909/15/3 3907/15/3 3908/15/3
f 3910/16/3 3909/16/3 3908/16/3
f 3911/16/3 3909/16/3 3910/16/3
f 3912/15/3 3911/15/3 3910/15/3
f 3913/15/3 3911/15/3 3912/15/3
f 3914/15/3 3911/15/3 3913/15/3
f 3915/15/3 3911/15/3 3914/15/3
f 3916/16/3 3915/16/3 3914/16/3
f 3917/16/3 3915/16/3 3916/16/3
f 3918/15/3 3917/15/3 3916/15/3
f 3919/15/3 3917/15/3 3918/15/3
f 3920/15/3 3917/15/3 3919/15/3
f 3921/16/3 3920/16/3 3919/16/3
f 3922/16/3 3920/16/3 3921/16/3
f 3925/15/3 3922/15/3 3921/15/3
f 3927/17/3 3924/17/3 3923/17/3
f 3928/17/3 3924/17/3 3927/17/3
f 3929/17/3 3927/17/3 3926/17/3
f 3929/17/3 3928/17/3 3927/17/3
f 3930/17/3 3928/17/3 3929/17/3
f 3931/15/3 3922/15/3 3925/15/3
f 3932/15/3 3922/15/3 3931/15/3
f 3933/17/3 3930/17/3 3929/17/3
f 3934/17/3 3930/17/3 3933/17/3
f 3935/17/3 3930/17/3 3934/17/3
f 3936/17/3 3934/17/3 3933/17/3
f 3937/17/3 3934/17/3 3936/17/3
f 3938/16/3 3932/16/3 3931/16/3
f 3939/16/3 3932/16/3 3938/16/3
f 3940/15/3 3939/15/3 3938/15/3
f 3941/15/3 3939/15/3 3940/15/3
f 3942/15/3 3939/15/3 3941/15/3
f 3943/15/3 3939/15/3 3942/15/3
f 3944/16/3 3943/16/3 3942/16/3
f 3945/16/3 3943/16/3 3944/16/3
f 3946/16/3 3943/16/3 3945/16/3
f 3947/15/3 3946/15/3 3945/15/3
f 3948/15/3 3946/15/3 3947/15/3
f 3949/16/3 3948/16/3 3947/16/3
f 3950/16/3 3948/16/3 3949/16/3
f 3951/15/3 3950/15/3 3949/15/3
f 3952/15/3 3950/15/3 3951/15/3
f 3955/16/3 3952/16/3 3951/16/3
f 3956/16/3 3952/16/3 3955/16/3
f 3957/5/3 3954/5/3 3953/5/3
f 3958/5/3 3954/5/3 3957/5/3
f 3960/15/3 3956/15/3 3955/15/3
f 3961/15/3 3956/15/3 3960/15/3
f 3962/1/3 3958/1/3 3957/1/3
f 3963/6/3 3959/6/3 3958/6/3
f 3963/1/3 3958/1/3 3962/1/3
f 3964/6/3 3959/6/3 3963/6/3
f 3967/16/3 3961/16/3 3960/16/3
f 3968/16/3 3961/16/3 3967/16/3
f 3969/15/3 3966/15/3 3965/15/3
f 3970/16/3 3967/16/3 3966/16/3
f 3970/15/3 3966/15/3 3969/15/3
f 3971/16/3 3967/16/3 3970/16/3
f 3974/15/3 3973/15/3 3972/15/3
f 3975/15/3 3973/15/3 3974/15/3
f 3977/16/3 3976/16/3 3975/16/3
f 3978/16/3 3976/16/3 3977/16/3
f 3979/16/3 3976/16/3 3978/16/3
f 3980/15/3 3979/15/3 3978/15/3
f 3981/15/3 3979/15/3 3980/15/3
f 3982/15/3 3979/15/3 3981/15/3
f 3983/16/3 3982/16/3 3981/16/3
f 3984/16/3 3982/16/3 3983/16/3
f 3985/15/3 3984/15/3 3983/15/3
f 3986/15/3 3984/15/3 3985/15/3
f 3987/15/3 3984/15/3 3986/15/3
f 3988/16/3 3987/16/3 3986/16/3
f 3989/16/3 3987/16/3 3988/16/3
f 3990/16/3 3987/16/3 3989/16/3
f 3991/15/3 3990/15/3 3989/15/3
f 3992/15/3 3990/15/3 3991/15/3
f 3993/15/3 3990/15/3 3992/15/3
f 3994/16/3 3993/16/3 3992/16/3
f 3995/16/3 3993/16/3 3994/16/3
f 3996/15/3 3995/15/3 3994/15/3
f 3997/15/3 3995/15/3 3996/15/3
f 3998/15/3 3995/15/3 3997/15/3
f 3999/16/3 3998/16/3 3997/16/3
f 4000/16/3 3998/16/3 3999/16/3
f 4001/15/3 4000/15/3 3999/15/3
f 4002/15/3 4000/15/3 4001/15/3
f 4003/15/3 4000/15/3 4002/15/3
f 4004/16/3 4003/16/3 4002/16/3
f 4005/16/3 4003/16/3 4004/16/3
f 4006/15/3 4005/15/3 4004/15/3
f 4007/15/3 4005/15/3 4006/15/3
f 4008/16/3 4007/16/3 4006/16/3
f 4009/16/3 4007/16/3 4008/16/3
f 4010/14/3 4009/14/3 4008/14/3
f 4011/14/3 4009/14/3 4010/14/3
f 4012/15/3 4011/15/3 4010/15/3
f 4013/15/3 4011/15/3 4012/15/3
f 4014/15/3 4011/15/3 4013/15/3
f 4017/16/3 4014/16/3 4013/16/3
f 4018/16/3 4014/16/3 4017/16/3
f 4019/5/3 4016/5/3 4015/5/3
f 4020/15/3 4018/15/3 4017/15/3
f 4022/5/3 4016/5/3 4019/5/3
f 4023/5/3 4016/5/3 4022/5/3
f 4024/15/3 4018/15/3 4020/15/3
f 4025/15/3 4018/15/3 4024/15/3
f 4026/14/3 4022/14/3 4021/14/3
f 4027/5/3 4023/5/3 4022/5/3
f 4027/14/3 4022/14/3 4026/14/3
f 4028/5/3 4023/5/3 4027/5/3
f 4031/16/3 4025/16/3 4024/16/3
f 4032/16/3 4025/16/3 4031/16/3
f 4033/13/3 4029/13/3 4028/13/3
f 4033/13/3 4028/13/3 4027/13/3
f 4034/13/3 4029/13/3 4033/13/3
f 4035/16/3 4031/16/3 4030/16/3
f 4036/16/3 4031/16/3 4035/16/3
f 4039/16/3 4038/16/3 4037/16/3
f 4040/16/3 4038/16/3 4039/16/3
f 4042/16/3 4041/16/3 4040/16/3
f 4043/16/3 4041/16/3 4042/16/3
f 4044/16/3 4042/16/3 4040/16/3
f 4045/15/3 4043/15/3 4042/15/3
f 4045/16/3 4042/16/3 4044/16/3
f 4046/15/3 4043/15/3 4045/15/3
f 4047/16/3 4045/16/3 4044/16/3
f 4048/14/3 4046/14/3 4045/14/3
f 4048/16/3 4045/16/3 4047/16/3
f 4049/14/3 4046/14/3 4048/14/3
f 4050/15/3 4048/15/3 4047/15/3
f 4050/15/3 4049/15/3 4048/15/3
f 4051/15/3 4049/15/3 4050/15/3
f 4052/15/3 4050/15/3 4047/15/3
f 4053/15/3 4050/15/3 4052/15/3
f 4054/16/3 4051/16/3 4050/16/3
f 4054/15/3 4050/15/3 4053/15/3
f 4055/16/3 4051/16/3 4054/16/3
f 4056/16/3 4054/16/3 4053/16/3
f 4057/14/3 4055/14/3 4054/14/3
f 4057/16/3 4054/16/3 4056/16/3
f 4058/14/3 4055/14/3 4057/14/3
f 4059/15/3 4057/15/3 4056/15/3
f 4059/15/3 4058/15/3 4057/15/3
f 4060/15/3 4058/15/3 4059/15/3
f 4061/15/3 4058/15/3 4060/15/3
f 4062/15/3 4060/15/3 4059/15/3
f 4063/16/3 4061/16/3 4060/16/3
f 4063/15/3 4060/15/3 4062/15/3
f 4064/16/3 4063/16/3 4062/16/3
f 4065/16/3 4061/16/3 4063/16/3
f 4065/16/3 4063/16/3 4064/16/3
f 4066/16/3 4061/16/3 4065/16/3
f 4067/16/3 4065/16/3 4064/16/3
f 4068/15/3 4066/15/3 4065/15/3
f 4068/16/3 4065/16/3 4067/16/3
f 4069/15/3 4066/15/3 4068/15/3
f 4070/15/3 4068/15/3 4067/15/3
f 4071/15/3 4068/15/3 4070/15/3
f 4072/14/3 4069/14/3 4068/14/3
f 4072/15/3 4068/15/3 4071/15/3
f 4073/14/3 4069/14/3 4072/14/3
f 4074/14/3 4072/14/3 4071/14/3
f 4075/16/3 4073/16/3 4072/16/3
f 4075/14/3 4072/14/3 4074/14/3
f 4076/16/3 4073/16/3 4075/16/3
f 4077/16/3 4075/16/3 4074/16/3
f 4078/15/3 4076/15/3 4075/15/3
f 4078/16/3 4075/16/3 4077/16/3
f 4079/15/3 4078/15/3 4077/15/3
f 4080/15/3 4076/15/3 4078/15/3
f 4080/15/3 4078/15/3 4079/15/3
f 4081/16/3 4080/16/3 4079/16/3
f 4082/16/3 4080/16/3 4081/16/3
f 4083/16/3 4080/16/3 4082/16/3
f 4084/16/3 4082/16/3 4081/16/3
f 4085/15/3 4083/15/3 4082/15/3
f 4085/16/3 4082/16/3 4084/16/3
f 4086/15/3 4083/15/3 4085/15/3
f 4087/16/3 4085/16/3 4084/16/3
f 4087/16/3 4086/16/3 4085/16/3
f 4088/16/3 4086/16/3 4087/16/3
f 4089/15/3 4088/15/3 4087/15/3
f 4090/16/3 4086/16/3 4088/16/3
f 4090/15/3 4088/15/3 4089/15/3
f 4091/16/3 4086/16/3 4090/16/3
f 4092/15/3 4090/15/3 4089/15/3
f 4092/15/3 4091/15/3 4090/15/3
f 4093/15/3 4091/15/3 4092/15/3
f 4094/15/3 4091/15/3 4093/15/3
f 4095/13/3 4093/13/3 4092/13/3
f 4096/16/3 4094/16/3 4093/16/3
f 4096/13/3 4093/13/3 4095/13/3
f 4097/16/3 4096/16/3 4095/16/3
f 4098/16/3 4094/16/3 4096/16/3
f 4098/16/3 4096/16/3 4097/16/3
f 4099/15/3 4098/15/3 4097/15/3
f 4100/16/3 4094/16/3 4098/16/3
f 4100/15/3 4098/15/3 4099/15/3
f 4101/16/3 4094/16/3 4100/16/3
f 4102/16/3 4100/16/3 4099/16/3
f 4103/15/3 4101/15/3 4100/15/3
f 4103/16/3 4100/16/3 4102/16/3
f 4104/15/3 4101/15/3 4103/15/3
f 4105/16/3 4103/16/3 4102/16/3
f 4106/14/3 4104/14/3 4103/14/3
f 4106/16/3 4103/16/3 4105/16/3
f 4107/14/3 4104/14/3 4106/14/3
f 4108/15/3 4106/15/3 4105/15/3
f 4109/16/3 4107/16/3 4106/16/3
f 4109/15/3 4106/15/3 4108/15/3
f 4110/16/3 4107/16/3 4109/16/3
f 4114/15/3 4109/15/3 4108/15/3
f 4114/15/3 4110/15/3 4109/15/3
f 4115/15/3 4110/15/3 4114/15/3
f 4116/5/3 4112/5/3 4111/5/3
f 4117/5/3 4112/5/3 4116/5/3
f 4118/15/3 4114/15/3 4113/15/3
f 4119/15/3 4114/15/3 4118/15/3
f 4123/16/3 4121/16/3 4120/16/3
f 4124/14/3 4122/14/3 4121/14/3
f 4124/16/3 4121/16/3 4123/16/3
f 4125/14/3 4122/14/3 4124/14/3
f 4127/16/3 4126/16/3 4125/16/3
f 4128/16/3 4126/16/3 4127/16/3
f 4129/16/3 4126/16/3 4128/16/3
f 4130/15/3 4129/15/3 4128/15/3
f 4131/15/3 4129/15/3 4130/15/3
f 4132/13/3 4131/13/3 4130/13/3
f 4133/13/3 4131/13/3 4132/13/3
f 4134/16/3 4133/16/3 4132/16/3
f 4135/16/3 4133/16/3 4134/16/3
f 4136/13/3 4135/13/3 4134/13/3
f 4137/13/3 4135/13/3 4136/13/3
f 4138/16/3 4137/16/3 4136/16/3
f 4139/16/3 4137/16/3 4138/16/3
f 4140/16/3 4137/16/3 4139/16/3
f 4141/15/3 4140/15/3 4139/15/3
f 4142/15/3 4140/15/3 4141/15/3
f 4143/15/3 4140/15/3 4142/15/3
f 4144/16/3 4143/16/3 4142/16/3
f 4145/16/3 4143/16/3 4144/16/3
f 4146/16/3 4143/16/3 4145/16/3
f 4147/15/3 4146/15/3 4145/15/3
f 4148/15/3 4146/15/3 4147/15/3
f 4149/16/3 4148/16/3 4147/16/3
f 4150/16/3 4148/16/3 4149/16/3
f 4151/16/3 4148/16/3 4150/16/3
f 4152/15/3 4151/15/3 4150/15/3
f 4153/15/3 4151/15/3 4152/15/3
f 4154/16/3 4153/16/3 4152/16/3
f 4155/16/3 4153/16/3 4154/16/3
f 4156/16/3 4153/16/3 4155/16/3
f 4157/16/3 4153/16/3 4156/16/3
f 4158/15/3 4157/15/3 4156/15/3
f 4159/15/3 4157/15/3 4158/15/3
f 4160/15/3 4157/15/3 4159/15/3
f 4162/15/3 4157/15/3 4160/15/3
f 4163/15/3 4157/15/3 4162/15/3
f 4164/15/3 4162/15/3 4161/15/3
f 4165/15/3 4162/15/3 4164/15/3
f 4171/5/3 4167/5/3 4166/5/3
f 4172/5/3 4167/5/3 4171/5/3
f 4173/14/3 4169/14/3 4168/14/3
f 4174/14/3 4169/14/3 4173/14/3
f 4176/6/3 4171/6/3 4170/6/3
f 4177/6/3 4171/6/3 4176/6/3
f 4178/16/3 4175/16/3 4174/16/3
f 4179/16/3 4175/16/3 4178/16/3
f 4180/15/3 4179/15/3 4178/15/3
f 4181/15/3 4179/15/3 4180/15/3
f 4182/16/3 4181/16/3 4180/16/3
f 4183/16/3 4181/16/3 4182/16/3
f 4184/15/3 4183/15/3 4182/15/3
f 4185/15/3 4183/15/3 4184/15/3
f 4186/15/3 4183/15/3 4185/15/3
f 4187/16/3 4186/16/3 4185/16/3
f 4188/16/3 4186/16/3 4187/16/3
f 4189/15/3 4188/15/3 4187/15/3
f 4190/15/3 4188/15/3 4189/15/3
f 4191/15/3 4188/15/3 4190/15/3
f 4192/16/3 4191/16/3 4190/16/3
f 4193/16/3 4191/16/3 4192/16/3
f 4194/16/3 4191/16/3 4193/16/3
f 4195/15/3 4194/15/3 4193/15/3
f 4196/15/3 4194/15/3 4195/15/3
f 4197/15/3 4194/15/3 4196/15/3
f 4198/16/3 4197/16/3 4196/16/3
f 4199/16/3 4197/16/3 4198/16/3
f 4200/15/3 4199/15/3 4198/15/3
f 4201/15/3 4199/15/3 4200/15/3
f 4202/16/3 4201/16/3 4200/16/3
f 4203/16/3 4201/16/3 4202/16/3
f 4204/15/3 4203/15/3 4202/15/3
f 4205/15/3 4203/15/3 4204/15/3
f 4206/16/3 4205/16/3 4204/16/3
f 4207/16/3 4205/16/3 4206/16/3
f 4208/15/3 4207/15/3 4206/15/3
f 4209/15/3 4207/15/3 4208/15/3
f 4210/16/3 4209/16/3 4208/16/3
f 4211/16/3 4209/16/3 4210/16/3
f 4212/15/3 4211/15/3 4210/15/3
f 4213/15/3 4211/15/3 4212/15/3
f 4214/14/3 4213/14/3 4212/14/3
f 4215/14/3 4213/14/3 4214/14/3
f 4216/16/3 4215/16/3 4214/16/3
f 4217/16/3 4215/16/3 4216/16/3
f 4218/15/3 4217/15/3 4216/15/3
f 4219/15/3 4217/15/3 4218/15/3
f 4220/15/3 4217/15/3 4219/15/3
f 4223/1/3 4222/1/3 4221/1/3
f 4224/1/3 4222/1/3 4223/1/3
f 4225/16/3 4220/16/3 4219/16/3
f 4226/16/3 4220/16/3 4225/16/3
f 4228/15/3 4226/15/3 4225/15/3
f 4229/15/3 4226/15/3 4228/15/3
f 4230/14/3 4228/14/3 4227/14/3
f 4231/14/3 4228/14/3 4230/14/3
f 4234/16/3 4233/16/3 4232/16/3
f 4235/16/3 4233/16/3 4234/16/3
f 4237/16/3 4236/16/3 4235/16/3
f 4238/16/3 4236/16/3 4237/16/3
f 4239/15/3 4238/15/3 4237/15/3
f 4240/15/3 4238/15/3 4239/15/3
f 4241/15/3 4238/15/3 4240/15/3
f 4242/14/3 4241/14/3 4240/14/3
f 4243/14/3 4241/14/3 4242/14/3
f 4244/15/3 4243/15/3 4242/15/3
f 4245/15/3 4243/15/3 4244/15/3
f 4246/15/3 4243/15/3 4245/15/3
f 4247/16/3 4246/16/3 4245/16/3
f 4248/16/3 4246/16/3 4247/16/3
f 4249/15/3 4248/15/3 4247/15/3
f 4250/15/3 4248/15/3 4249/15/3
f 4251/16/3 4250/16/3 4249/16/3
f 4252/16/3 4250/16/3 4251/16/3
f 4253/15/3 4252/15/3 4251/15/3
f 4254/15/3 4252/15/3 4253/15/3
f 4255/16/3 4254/16/3 4253/16/3
f 4256/16/3 4254/16/3 4255/16/3
f 4257/15/3 4256/15/3 4255/15/3
f 4258/15/3 4256/15/3 4257/15/3
f 4259/15/3 4256/15/3 4258/15/3
f 4260/15/3 4256/15/3 4259/15/3
f 4261/16/3 4260/16/3 4259/16/3
f 4262/16/3 4260/16/3 4261/16/3
f 4263/16/3 4260/16/3 4262/16/3
f 4264/15/3 4263/15/3 4262/15/3
f 4265/15/3 4263/15/3 4264/15/3
f 4266/15/3 4263/15/3 4265/15/3
f 4267/16/3 4266/16/3 4265/16/3
f 4268/16/3 4266/16/3 4267/16/3
f 4269/15/3 4268/15/3 4267/15/3
f 4270/15/3 4268/15/3 4269/15/3
f 4271/15/3 4268/15/3 4270/15/3
f 4272/16/3 4271/16/3 4270/16/3
f 4273/16/3 4271/16/3 4272/16/3
f 4274/15/3 4273/15/3 4272/15/3
f 4275/15/3 4273/15/3 4274/15/3
f 4276/15/3 4273/15/3 4275/15/3
f 4277/16/3 4276/16/3 4275/16/3
f 4278/16/3 4276/16/3 4277/16/3
f 4280/16/3 4276/16/3 4278/16/3
f 4281/16/3 4276/16/3 4280/16/3
f 4282/14/3 4280/14/3 4279/14/3
f 4283/14/3 4280/14/3 4282/14/3
f 4286/16/3 4285/16/3 4284/16/3
f 4287/16/3 4285/16/3 4286/16/3
f 4289/16/3 4288/16/3 4287/16/3
f 4290/16/3 4288/16/3 4289/16/3
f 4291/16/3 4288/16/3 4290/16/3
f 4292/15/3 4291/15/3 4290/15/3
f 4293/15/3 4291/15/3 4292/15/3
f 4294/15/3 4291/15/3 4293/15/3
f 4295/16/3 4294/16/3 4293/16/3
f 4296/16/3 4294/16/3 4295/16/3
f 4297/14/3 4296/14/3 4295/14/3
f 4298/14/3 4296/14/3 4297/14/3
f 4299/16/3 4298/16/3 4297/16/3
f 4300/16/3 4298/16/3 4299/16/3
f 4301/15/3 4300/15/3 4299/15/3
f 4302/15/3 4300/15/3 4301/15/3
f 4303/15/3 4300/15/3 4302/15/3
f 4304/16/3 4303/16/3 4302/16/3
f 4305/16/3 4303/16/3 4304/16/3
f 4306/16/3 4303/16/3 4305/16/3
f 4307/16/3 4303/16/3 4306/16/3
f 4308/16/3 4303/16/3 4307/16/3
f 4309/14/3 4308/14/3 4307/14/3
f 4310/14/3 4308/14/3 4309/14/3
f 4311/16/3 4310/16/3 4309/16/3
f 4312/16/3 4310/16/3 4311/16/3
f 4313/15/3 4312/15/3 4311/15/3
f 4314/15/3 4312/15/3 4313/15/3
f 4315/16/3 4314/16/3 4313/16/3
f 4316/16/3 4314/16/3 4315/16/3
f 4317/14/3 4316/14/3 4315/14/3
f 4318/14/3 4316/14/3 4317/14/3
f 4319/15/3 4318/15/3 4317/15/3
f 4320/15/3 4318/15/3 4319/15/3
f 4321/16/3 4320/16/3 4319/16/3
f 4322/16/3 4320/16/3 4321/16/3
f 4323/15/3 4322/15/3 4321/15/3
f 4324/15/3 4322/15/3 4323/15/3
f 4325/14/3 4324/14/3 4323/14/3
f 4326/14/3 4324/14/3 4325/14/3
f 4327/15/3 4326/15/3 4325/15/3
f 4328/15/3 4326/15/3 4327/15/3
f 4329/15/3 4326/15/3 4328/15/3
f 4330/16/3 4329/16/3 4328/16/3
f 4331/16/3 4329/16/3 4330/16/3
f 4333/15/3 4331/15/3 4330/15/3
f 4334/15/3 4331/15/3 4333/15/3
f 4335/16/3 4333/16/3 4332/16/3
f 4336/16/3 4333/16/3 4335/16/3
f 4339/16/3 4338/16/3 4337/16/3
f 4340/16/3 4338/16/3 4339/16/3
f 4344/14/3 4341/14/3 4340/14/3
f 4345/14/3 4341/14/3 4344/14/3
f 4346/13/3 4343/13/3 4342/13/3
f 4347/13/3 4343/13/3 4346/13/3
f 4351/16/3 4345/16/3 4344/16/3
f 4352/16/3 4345/16/3 4351/16/3
f 4353/6/3 4348/6/3 4347/6/3
f 4354/6/3 4348/6/3 4353/6/3
f 4355/6/3 4350/6/3 4349/6/3
f 4356/6/3 4350/6/3 4355/6/3
f 4357/15/3 4352/15/3 4351/15/3
f 4358/15/3 4352/15/3 4357/15/3
f 4359/16/3 4358/16/3 4357/16/3
f 4360/16/3 4358/16/3 4359/16/3
f 4361/15/3 4360/15/3 4359/15/3
f 4362/15/3 4360/15/3 4361/15/3
f 4363/14/3 4362/14/3 4361/14/3
f 4364/14/3 4362/14/3 4363/14/3
f 4365/16/3 4364/16/3 4363/16/3
f 4366/16/3 4364/16/3 4365/16/3
f 4367/14/3 4366/14/3 4365/14/3
f 4368/14/3 4366/14/3 4367/14/3
f 4369/16/3 4368/16/3 4367/16/3
f 4370/16/3 4368/16/3 4369/16/3
f 4371/14/3 4370/14/3 4369/14/3
f 4372/14/3 4370/14/3 4371/14/3
f 4373/14/3 4370/14/3 4372/14/3
f 4374/16/3 4373/16/3 4372/16/3
f 4375/16/3 4373/16/3 4374/16/3
f 4376/16/3 4373/16/3 4375/16/3
f 4377/14/3 4376/14/3 4375/14/3
f 4378/14/3 4376/14/3 4377/14/3
f 4379/15/3 4378/15/3 4377/15/3
f 4380/15/3 4378/15/3 4379/15/3
f 4381/16/3 4380/16/3 4379/16/3
f 4382/16/3 4380/16/3 4381/16/3
f 4383/16/3 4380/16/3 4382/16/3
f 4384/15/3 4383/15/3 4382/15/3
f 4385/15/3 4383/15/3 4384/15/3
f 4386/16/3 4385/16/3 4384/16/3
f 4387/16/3 4385/16/3 4386/16/3
f 4388/15/3 4387/15/3 4386/15/3
f 4389/15/3 4387/15/3 4388/15/3
f 4390/16/3 4389/16/3 4388/16/3
f 4391/16/3 4389/16/3 4390/16/3
f 4392/13/3 4391/13/3 4390/13/3
f 4393/13/3 4391/13/3 4392/13/3
f 4394/14/3 4393/14/3 4392/14/3
f 4395/14/3 4393/14/3 4394/14/3
f 4396/16/3 4395/16/3 4394/16/3
f 4397/16/3 4395/16/3 4396/16/3
f 4398/15/3 4397/15/3 4396/15/3
f 4399/15/3 4397/15/3 4398/15/3
f 4401/14/3 4399/14/3 4398/14/3
f 4402/14/3 4399/14/3 4401/14/3
f 4403/13/3 4401/13/3 4400/13/3
f 4404/13/3 4401/13/3 4403/13/3
f 4410/15/3 4406/15/3 4405/15/3
f 4411/15/3 4406/15/3 4410/15/3
f 4412/16/3 4408/16/3 4407/16/3
f 4413/5/3 4409/5/3 4408/5/3
f 4413/16/3 4408/16/3 4412/16/3
f 4414/5/3 4409/5/3 4413/5/3
f 4419/5/3 4416/5/3 4415/5/3
f 4420/5/3 4416/5/3 4419/5/3
f 4421/5/3 4418/5/3 4417/5/3
f 4422/5/3 4418/5/3 4421/5/3
f 4425/14/3 4424/14/3 4423/14/3
f 4426/14/3 4424/14/3 4425/14/3
f 4430/15/3 4427/15/3 4426/15/3
f 4431/15/3 4427/15/3 4430/15/3
f 4432/15/3 4429/15/3 4428/15/3
f 4433/15/3 4429/15/3 4432/15/3
f 4434/16/3 4431/16/3 4430/16/3
f 4435/16/3 4431/16/3 4434/16/3
f 4436/14/3 4435/14/3 4434/14/3
f 4437/14/3 4435/14/3 4436/14/3
f 4438/13/3 4437/13/3 4436/13/3
f 4439/13/3 4437/13/3 4438/13/3
f 4440/15/3 4439/15/3 4438/15/3
f 4441/15/3 4439/15/3 4440/15/3
f 4442/16/3 4441/16/3 4440/16/3
f 4443/16/3 4441/16/3 4442/16/3
f 4444/14/3 4443/14/3 4442/14/3
f 4445/14/3 4443/14/3 4444/14/3
f 4446/14/3 4443/14/3 4445/14/3
f 4447/16/3 4446/16/3 4445/16/3
f 4448/16/3 4446/16/3 4447/16/3
f 4449/14/3 4448/14/3 4447/14/3
f 4450/14/3 4448/14/3 4449/14/3
f 4451/15/3 4450/15/3 4449/15/3
f 4452/15/3 4450/15/3 4451/15/3
f 4453/16/3 4452/16/3 4451/16/3
f 4454/16/3 4452/16/3 4453/16/3
f 4455/15/3 4454/15/3 4453/15/3
f 4456/15/3 4454/15/3 4455/15/3
f 4457/16/3 4456/16/3 4455/16/3
f 4458/16/3 4456/16/3 4457/16/3
f 4459/16/3 4456/16/3 4458/16/3
f 4460/14/3 4459/14/3 4458/14/3
f 4461/14/3 4459/14/3 4460/14/3
f 4462/14/3 4459/14/3 4461/14/3
f 4463/15/3 4462/15/3 4461/15/3
f 4464/15/3 4462/15/3 4463/15/3
f 4465/15/3 4462/15/3 4464/15/3
f 4466/16/3 4465/16/3 4464/16/3
f 4467/16/3 4465/16/3 4466/16/3
f 4468/14/3 4467/14/3 4466/14/3
f 4469/14/3 4467/14/3 4468/14/3
f 4470/16/3 4469/16/3 4468/16/3
f 4471/16/3 4469/16/3 4470/16/3
f 4472/15/3 4471/15/3 4470/15/3
f 4473/15/3 4471/15/3 4472/15/3
f 4474/14/3 4473/14/3 4472/14/3
f 4475/14/3 4473/14/3 4474/14/3
f 4476/15/3 4475/15/3 4474/15/3
f 4477/15/3 4475/15/3 4476/15/3
f 4478/16/3 4477/16/3 4476/16/3
f 4479/16/3 4477/16/3 4478/16/3
f 4482/15/3 4479/15/3 4478/15/3
f 4483/15/3 4479/15/3 4482/15/3
f 4484/6/3 4481/6/3 4480/6/3
f 4485/6/3 4481/6/3 4484/6/3
f 4486/16/3 4483/16/3 4482/16/3
f 4487/16/3 4483/16/3 4486/16/3
f 4488/14/3 4487/14/3 4486/14/3
f 4489/14/3 4487/14/3 4488/14/3
f 4493/16/3 4489/16/3 4488/16/3
f 4494/16/3 4489/16/3 4493/16/3
f 4495/5/3 4491/5/3 4490/5/3
f 4496/5/3 4491/5/3 4495/5/3
f 4497/15/3 4493/15/3 4492/15/3
f 4498/15/3 4493/15/3 4497/15/3
f 4501/17/3 4500/17/3 4499/17/3
f 4502/17/3 4500/17/3 4501/17/3
f 4506/6/3 4504/6/3 4503/6/3
f 4507/6/3 4504/6/3 4506/6/3
f 4508/1/3 4506/1/3 4505/1/3
f 4509/1/3 4506/1/3 4508/1/3
f 4514/16/3 4511/16/3 4510/16/3
f 4515/16/3 4511/16/3 4514/16/3
f 4517/4/3 4513/4/3 4512/4/3
f 4518/4/3 4513/4/3 4517/4/3
f 4519/14/3 4516/14/3 4515/14/3
f 4520/14/3 4516/14/3 4519/14/3
f 4521/15/3 4520/15/3 4519/15/3
f 4522/15/3 4520/15/3 4521/15/3
f 4523/14/3 4522/14/3 4521/14/3
f 4524/14/3 4522/14/3 4523/14/3
f 4525/16/3 4524/16/3 4523/16/3
f 4526/16/3 4524/16/3 4525/16/3
f 4527/16/3 4524/16/3 4526/16/3
f 4528/16/3 4524/16/3 4527/16/3
f 4529/14/3 4528/14/3 4527/14/3
f 4530/14/3 4528/14/3 4529/14/3
f 4531/15/3 4530/15/3 4529/15/3
f 4532/15/3 4530/15/3 4531/15/3
f 4533/14/3 4532/14/3 4531/14/3
f 4534/14/3 4532/14/3 4533/14/3
f 4535/16/3 4534/16/3 4533/16/3
f 4536/16/3 4534/16/3 4535/16/3
f 4537/16/3 4534/16/3 4536/16/3
f 4538/15/3 4537/15/3 4536/15/3
f 4539/15/3 4537/15/3 4538/15/3
f 4540/14/3 4539/14/3 4538/14/3
f 4541/14/3 4539/14/3 4540/14/3
f 4542/14/3 4539/14/3 4541/14/3
f 4543/16/3 4542/16/3 4541/16/3
f 4544/16/3 4542/16/3 4543/16/3
f 4545/15/3 4544/15/3 4543/15/3
f 4546/15/3 4544/15/3 4545/15/3
f 4547/14/3 4546/14/3 4545/14/3
f 4548/14/3 4546/14/3 4547/14/3
f 4549/15/3 4548/15/3 4547/15/3
f 4550/15/3 4548/15/3 4549/15/3
f 4551/16/3 4550/16/3 4549/16/3
f 4552/16/3 4550/16/3 4551/16/3
f 4553/15/3 4552/15/3 4551/15/3
f 4554/15/3 4552/15/3 4553/15/3
f 4555/16/3 4554/16/3 4553/16/3
f 4556/16/3 4554/16/3 4555/16/3
f 4557/16/3 4554/16/3 4556/16/3
f 4558/13/3 4557/13/3 4556/13/3
f 4559/13/3 4557/13/3 4558/13/3
f 4560/16/3 4559/16/3 4558/16/3
f 4561/16/3 4559/16/3 4560/16/3
f 4564/14/3 4561/14/3 4560/14/3
f 4565/14/3 4561/14/3 4564/14/3
f 4567/6/3 4563/6/3 4562/6/3
f 4568/6/3 4563/6/3 4567/6/3
f 4569/13/3 4565/13/3 4564/13/3
f 4570/13/3 4565/13/3 4569/13/3
f 4571/5/3 4567/5/3 4566/5/3
f 4572/5/3 4567/5/3 4571/5/3
f 4573/16/3 4570/16/3 4569/16/3
f 4574/16/3 4570/16/3 4573/16/3
f 4576/15/3 4574/15/3 4573/15/3
f 4577/15/3 4574/15/3 4576/15/3
f 4578/14/3 4576/14/3 4575/14/3
f 4579/14/3 4576/14/3 4578/14/3
f 4582/4/3 4581/4/3 4580/4/3
f 4583/4/3 4581/4/3 4582/4/3
f 4592/15/3 4585/15/3 4584/15/3
f 4593/15/3 4585/15/3 4592/15/3
f 4594/8/3 4587/8/3 4586/8/3
f 4595/8/3 4587/8/3 4594/8/3
f 4596/2/3 4589/2/3 4588/2/3
f 4597/4/3 4590/4/3 4589/4/3
f 4597/2/3 4589/2/3 4596/2/3
f 4598/4/3 4590/4/3 4597/4/3
f 4600/16/3 4592/16/3 4591/16/3
f 4601/16/3 4592/16/3 4600/16/3
f 4602/1/3 4600/1/3 4599/1/3
f 4603/1/3 4600/1/3 4602/1/3
f 4608/13/3 4605/13/3 4604/13/3
f 4609/13/3 4605/13/3 4608/13/3
f 4611/14/3 4607/14/3 4606/14/3
f 4612/14/3 4607/14/3 4611/14/3
f 4613/15/3 4610/15/3 4609/15/3
f 4614/15/3 4610/15/3 4613/15/3
f 4616/14/3 4615/14/3 4614/14/3
f 4617/14/3 4615/14/3 4616/14/3
f 4625/5/3 4619/5/3 4618/5/3
f 4626/5/3 4619/5/3 4625/5/3
f 4627/5/3 4619/5/3 4626/5/3
f 4628/5/3 4621/5/3 4620/5/3
f 4629/5/3 4621/5/3 4628/5/3
f 4630/14/3 4623/14/3 4622/14/3
f 4631/5/3 4624/5/3 4623/5/3
f 4631/14/3 4623/14/3 4630/14/3
f 4632/5/3 4624/5/3 4631/5/3
f 4634/6/3 4633/6/3 4632/6/3
f 4635/6/3 4633/6/3 4634/6/3
f 4643/16/3 4637/16/3 4636/16/3
f 4644/16/3 4637/16/3 4643/16/3
f 4645/16/3 4639/16/3 4638/16/3
f 4645/16/3 4640/16/3 4639/16/3
f 4646/16/3 4640/16/3 4645/16/3
f 4647/17/3 4642/17/3 4641/17/3
f 4648/17/3 4642/17/3 4647/17/3
f 4652/14/3 4650/14/3 4649/14/3
f 4653/14/3 4650/14/3 4652/14/3
f 4656/15/3 4652/15/3 4651/15/3
f 4657/15/3 4652/15/3 4656/15/3
f 4658/16/3 4655/16/3 4654/16/3
f 4659/16/3 4655/16/3 4658/16/3
f 4660/16/3 4655/16/3 4659/16/3
f 4661/16/3 4655/16/3 4660/16/3
f 4662/16/3 4655/16/3 4661/16/3
f 4663/16/3 4655/16/3 4662/16/3
f 4664/16/3 4655/16/3 4663/16/3
f 4667/6/3 4666/6/3 4665/6/3
f 4668/6/3 4666/6/3 4667/6/3
f 4669/6/3 4666/6/3 4668/6/3
f 4670/6/3 4666/6/3 4669/6/3
f 4677/15/3 4672/15/3 4671/15/3
f 4678/15/3 4672/15/3 4677/15/3
f 4680/16/3 4674/16/3 4673/16/3
f 4681/16/3 4674/16/3 4680/16/3
f 4682/16/3 4676/16/3 4675/16/3
f 4683/16/3 4676/16/3 4682/16/3
f 4684/14/3 4679/14/3 4678/14/3
f 4685/14/3 4679/14/3 4684/14/3
f 4688/14/3 4687/14/3 4686/14/3
f 4689/14/3 4687/14/3 4688/14/3
f 4692/13/3 4691/13/3 4690/13/3
f 4693/13/3 4691/13/3 4692/13/3
f 4697/14/3 4695/14/3 4694/14/3
f 4698/14/3 4695/14/3 4697/14/3
f 4699/15/3 4697/15/3 4696/15/3
f 4700/15/3 4697/15/3 4699/15/3
f 4701/15/3 4697/15/3 4700/15/3
f 4704/15/3 4703/15/3 4702/15/3
f 4705/15/3 4703/15/3 4704/15/3
f 4706/15/3 4703/15/3 4705/15/3
f 4708/16/3 4707/16/3 4706/16/3
f 4709/16/3 4707/16/3 4708/16/3
f 4712/5/3 4711/5/3 4710/5/3
f 4713/5/3 4711/5/3 4712/5/3
f 4716/5/3 4715/5/3 4714/5/3
f 4717/5/3 4715/5/3 4716/5/3
f 4720/6/3 4719/6/3 4718/6/3
f 4721/6/3 4719/6/3 4720/6/3
f 4724/13/3 4723/13/3 4722/13/3
f 4725/13/3 4723/13/3 4724/13/3
f 4730/5/3 4727/5/3 4726/5/3
f 4731/5/3 4727/5/3 4730/5/3
f 4734/14/3 4729/14/3 4728/14/3
f 4735/14/3 4729/14/3 4734/14/3
f 4736/6/3 4732/6/3 4731/6/3
f 4737/6/3 4732/6/3 4736/6/3
f 4740/15/3 4734/15/3 4733/15/3
f 4741/15/3 4734/15/3 4740/15/3
f 4742/1/3 4739/1/3 4738/1/3
f 4743/1/3 4739/1/3 4742/1/3
f 4746/1/3 4745/1/3 4744/1/3
f 4747/1/3 4745/1/3 4746/1/3
f 4750/15/3 4749/15/3 4748/15/3
f 4751/15/3 4749/15/3 4750/15/3
f 4753/16/3 4752/16/3 4751/16/3
f 4754/16/3 4752/16/3 4753/16/3
f 4758/14/3 4756/14/3 4755/14/3
f 4759/14/3 4756/14/3 4758/14/3
f 4760/15/3 4758/15/3 4757/15/3
f 4761/15/3 4758/15/3 4760/15/3
f 4762/15/3 4758/15/3 4761/15/3
f 4763/15/3 4761/15/3 4760/15/3
f 4764/15/3 4761/15/3 4763/15/3
f 4769/1/3 4766/1/3 4765/1/3
f 4770/1/3 4766/1/3 4769/1/3
f 4771/15/3 4768/15/3 4767/15/3
f 4772/15/3 4768/15/3 4771/15/3
f 4774/15/3 4772/15/3 4771/15/3
f 4774/15/3 4773/15/3 4772/15/3
f 4775/15/3 4773/15/3 4774/15/3
f 4777/14/3 4776/14/3 4775/14/3
f 4778/14/3 4776/14/3 4777/14/3
f 4782/15/3 4780/15/3 4779/15/3
f 4783/15/3 4780/15/3 4782/15/3
f 4784/15/3 4782/15/3 4781/15/3
f 4785/15/3 4782/15/3 4784/15/3
f 4796/15/3 4787/15/3 4786/15/3
f 4797/15/3 4787/15/3 4796/15/3
f 4800/16/3 4789/16/3 4788/16/3
f 4801/15/3 4790/15/3 4789/15/3
f 4801/16/3 4789/16/3 4800/16/3
f 4801/15/3 4791/15/3 4790/15/3
f 4802/16/3 4792/16/3 4791/16/3
f 4802/15/3 4791/15/3 4801/15/3
f 4802/16/3 4793/16/3 4792/16/3
f 4803/16/3 4793/16/3 4802/16/3
f 4804/5/3 4795/5/3 4794/5/3
f 4805/5/3 4795/5/3 4804/5/3
f 4806/16/3 4798/16/3 4797/16/3
f 4807/14/3 4799/14/3 4798/14/3
f 4807/16/3 4798/16/3 4806/16/3
f 4808/14/3 4799/14/3 4807/14/3
f 4812/15/3 4810/15/3 4809/15/3
f 4813/15/3 4810/15/3 4812/15/3
f 4816/15/3 4812/15/3 4811/15/3
f 4817/15/3 4812/15/3 4816/15/3
f 4818/5/3 4815/5/3 4814/5/3
f 4819/5/3 4815/5/3 4818/5/3
f 4821/6/3 4820/6/3 4819/6/3
f 4822/6/3 4820/6/3 4821/6/3
f 4827/15/3 4824/15/3 4823/15/3
f 4828/15/3 4824/15/3 4827/15/3
f 4830/5/3 4826/5/3 4825/5/3
f 4831/5/3 4826/5/3 4830/5/3
f 4832/16/3 4829/16/3 4828/16/3
f 4833/16/3 4829/16/3 4832/16/3
f 4837/16/3 4835/16/3 4834/16/3
f 4838/16/3 4835/16/3 4837/16/3
f 4839/15/3 4837/15/3 4836/15/3
f 4840/15/3 4837/15/3 4839/15/3
f 4841/15/3 4837/15/3 4840/15/3
f 4842/15/3 4837/15/3 4841/15/3
f 4843/15/3 4837/15/3 4842/15/3
f 4848/15/3 4845/15/3 4844/15/3
f 4851/15/3 4847/15/3 4846/15/3
f 4851/15/3 4848/15/3 4847/15/3
f 4852/15/3 4845/15/3 4848/15/3
f 4852/15/3 4848/15/3 4851/15/3
f 4854/5/3 4850/5/3 4849/5/3
f 4855/5/3 4850/5/3 4854/5/3
f 4856/15/3 4853/15/3 4852/15/3
f 4857/15/3 4853/15/3 4856/15/3
f 4863/5/3 4859/5/3 4858/5/3
f 4864/5/3 4859/5/3 4863/5/3
f 4866/15/3 4861/15/3 4860/15/3
f 4867/16/3 4862/16/3 4861/16/3
f 4867/15/3 4861/15/3 4866/15/3
f 4868/16/3 4862/16/3 4867/16/3
f 4869/15/3 4866/15/3 4865/15/3
f 4870/15/3 4866/15/3 4869/15/3
f 4871/15/3 4866/15/3 4870/15/3
f 4872/15/3 4866/15/3 4871/15/3
f 4873/15/3 4872/15/3 4871/15/3
f 4874/15/3 4872/15/3 4873/15/3
f 4881/15/3 4876/15/3 4875/15/3
f 4882/15/3 4876/15/3 4881/15/3
f 4883/6/3 4878/6/3 4877/6/3
f 4884/6/3 4878/6/3 4883/6/3
f 4885/15/3 4880/15/3 4879/15/3
f 4886/14/3 4881/14/3 4880/14/3
f 4886/15/3 4880/15/3 4885/15/3
f 4887/15/3 4882/15/3 4881/15/3
f 4887/14/3 4881/14/3 4886/14/3
f 4888/15/3 4882/15/3 4887/15/3
f 4890/15/3 4889/15/3 4888/15/3
f 4891/15/3 4889/15/3 4890/15/3
f 4896/14/3 4893/14/3 4892/14/3
f 4897/15/3 4894/15/3 4893/15/3
f 4897/14/3 4893/14/3 4896/14/3
f 4898/16/3 4895/16/3 4894/16/3
f 4898/15/3 4894/15/3 4897/15/3
f 4899/16/3 4895/16/3 4898/16/3
f 4904/15/3 4901/15/3 4900/15/3
f 4905/16/3 4903/16/3 4902/16/3
f 4905/15/3 4901/15/3 4904/15/3
f 4905/16/3 4902/16/3 4901/16/3
f 4906/16/3 4903/16/3 4905/16/3
f 4925/7/3 4908/7/3 4907/7/3
f 4926/9/3 4909/9/3 4908/9/3
f 4926/7/3 4908/7/3 4925/7/3
f 4927/9/3 4909/9/3 4926/9/3
f 4928/9/3 4911/9/3 4910/9/3
f 4929/7/3 4912/7/3 4911/7/3
f 4929/9/3 4911/9/3 4928/9/3
f 4930/7/3 4912/7/3 4929/7/3
f 4931/14/3 4914/14/3 4913/14/3
f 4932/7/3 4915/7/3 4914/7/3
f 4932/14/3 4914/14/3 4931/14/3
f 4933/7/3 4915/7/3 4932/7/3
f 4934/9/3 4917/9/3 4916/9/3
f 4935/7/3 4918/7/3 4917/7/3
f 4935/9/3 4917/9/3 4934/9/3
f 4936/7/3 4918/7/3 4935/7/3
f 4937/9/3 4920/9/3 4919/9/3
f 4938/7/3 4921/7/3 4920/7/3
f 4938/9/3 4920/9/3 4937/9/3
f 4939/7/3 4921/7/3 4938/7/3
f 4940/9/3 4923/9/3 4922/9/3
f 4941/14/3 4924/14/3 4923/14/3
f 4941/9/3 4923/9/3 4940/9/3
f 4942/14/3 4924/14/3 4941/14/3
f 4945/6/3 4944/6/3 4943/6/3
f 4946/6/3 4944/6/3 4945/6/3
f 4965/7/3 4948/7/3 4947/7/3
f 4966/9/3 4949/9/3 4948/9/3
f 4966/7/3 4948/7/3 4965/7/3
f 4967/9/3 4949/9/3 4966/9/3
f 4968/9/3 4951/9/3 4950/9/3
f 4969/7/3 4952/7/3 4951/7/3
f 4969/9/3 4951/9/3 4968/9/3
f 4970/7/3 4952/7/3 4969/7/3
f 4971/7/3 4954/7/3 4953/7/3
f 4972/14/3 4955/14/3 4954/14/3
f 4972/7/3 4954/7/3 4971/7/3
f 4973/14/3 4955/14/3 4972/14/3
f 4974/7/3 4957/7/3 4956/7/3
f 4975/9/3 4958/9/3 4957/9/3
f 4975/7/3 4957/7/3 4974/7/3
f 4976/9/3 4958/9/3 4975/9/3
f 4977/7/3 4960/7/3 4959/7/3
f 4978/14/3 4961/14/3 4960/14/3
f 4978/7/3 4960/7/3 4977/7/3
f 4979/14/3 4961/14/3 4978/14/3
f 4980/7/3 4963/7/3 4962/7/3
f 4981/16/3 4964/16/3 4963/16/3
f 4981/7/3 4963/7/3 4980/7/3
f 4982/16/3 4964/16/3 4981/16/3
f 4983/7/4 4984/7/4 4986/7/4
f 4985/13/4 4986/13/4 4987/13/4
f 4986/7/4 4984/7/4 4988/7/4
f 4987/13/4 4986/13/4 4988/13/4
f 4988/7/4 4984/7/4 4989/7/4
f 4990/7/4 4991/7/4 5008/7/4
f 4991/9/4 4992/9/4 5009/9/4
f 5008/7/4 4991/7/4 5009/7/4
f 5009/9/4 4992/9/4 5010/9/4
f 4993/9/4 4994/9/4 5011/9/4
f 4994/7/4 4995/7/4 5012/7/4
f 5011/9/4 4994/9/4 5012/9/4
f 5012/7/4 4995/7/4 5013/7/4
f 4996/7/4 4997/7/4 5014/7/4
f 4997/14/4 4998/14/4 5015/14/4
f 5014/7/4 4997/7/4 5015/7/4
f 5015/14/4 4998/14/4 5016/14/4
f 4999/7/4 5000/7/4 5017/7/4
f 5000/9/4 5001/9/4 5018/9/4
f 5017/7/4 5000/7/4 5018/7/4
f 5018/9/4 5001/9/4 5019/9/4
f 5002/7/4 5003/7/4 5020/7/4
f 5003/14/4 5004/14/4 5021/14/4
f 5020/7/4 5003/7/4 5021/7/4
f 5021/14/4 5004/14/4 5022/14/4
f 5005/7/4 5006/7/4 5023/7/4
f 5006/16/4 5007/16/4 5024/16/4
f 5023/7/4 5006/7/4 5024/7/4
f 5024/16/4 5007/16/4 5025/16/4
f 5026/5/4 5027/5/4 5029/5/4
f 5029/5/4 5027/5/4 5030/5/4
f 5028/5/4 5029/5/4 5032/5/4
f 5029/1/4 5030/1/4 5033/1/4
f 5032/5/4 5029/5/4 5033/5/4
f 5030/13/4 5031/13/4 5034/13/4
f 5033/1/4 5030/1/4 5034/1/4
f 5034/13/4 5031/13/4 5035/13/4
f 5032/14/4 5033/14/4 5036/14/4
f 5036/14/4 5033/14/4 5037/14/4
f 5038/9/4 5039/9/4 5053/9/4
f 5039/7/4 5040/7/4 5054/7/4
f 5053/9/4 5039/9/4 5054/9/4
f 5054/7/4 5040/7/4 5055/7/4
f 5041/14/4 5042/14/4 5056/14/4
f 5042/7/4 5043/7/4 5057/7/4
f 5056/14/4 5042/14/4 5057/14/4
f 5057/7/4 5043/7/4 5058/7/4
f 5044/9/4 5045/9/4 5059/9/4
f 5045/7/4 5046/7/4 5060/7/4
f 5059/9/4 5045/9/4 5060/9/4
f 5060/7/4 5046/7/4 5061/7/4
f 5047/9/4 5048/9/4 5062/9/4
f 5048/7/4 5049/7/4 5063/7/4
f 5062/9/4 5048/9/4 5063/9/4
f 5063/7/4 5049/7/4 5064/7/4
f 5050/9/4 5051/9/4 5065/9/4
f 5051/14/4 5052/14/4 5066/14/4
f 5065/9/4 5051/9/4 5066/9/4
f 5066/14/4 5052/14/4 5067/14/4
f 5068/15/4 5069/15/4 5071/15/4
f 5069/16/4 5070/16/4 5072/16/4
f 5071/15/4 5069/15/4 5072/15/4
f 5072/16/4 5070/16/4 5073/16/4
f 5074/5/4 5075/5/4 5076/5/4
f 5076/5/4 5075/5/4 5077/5/4
f 5076/1/4 5077/1/4 5079/1/4
f 5079/1/4 5077/1/4 5080/1/4
f 5078/13/4 5079/13/4 5081/13/4
f 5081/13/4 5079/13/4 5082/13/4
f 5083/14/4 5084/14/4 5087/14/4
f 5084/15/4 5085/15/4 5088/15/4
f 5087/14/4 5084/14/4 5088/14/4
f 5085/16/4 5086/16/4 5089/16/4
f 5088/15/4 5085/15/4 5089/15/4
f 5089/16/4 5086/16/4 5090/16/4
f 5091/1/4 5092/1/4 5096/1/4
f 5096/1/4 5092/1/4 5097/1/4
f 5093/15/4 5094/15/4 5099/15/4
f 5099/15/4 5094/15/4 5100/15/4
f 5095/6/4 5096/6/4 5101/6/4
f 5101/6/4 5096/6/4 5102/6/4
f 5098/15/4 5099/15/4 5103/15/4
f 5103/15/4 5099/15/4 5104/15/4
f 5104/15/4 5099/15/4 5105/15/4
f 5104/15/4 5105/15/4 5106/15/4
f 5106/15/4 5105/15/4 5107/15/4
f 5108/15/4 5109/15/4 5112/15/4
f 5112/15/4 5109/15/4 5113/15/4
f 5110/15/4 5111/15/4 5116/15/4
f 5111/14/4 5112/14/4 5117/14/4
f 5116/15/4 5111/15/4 5117/15/4
f 5112/15/4 5113/15/4 5118/15/4
f 5117/14/4 5112/14/4 5118/14/4
f 5118/15/4 5113/15/4 5119/15/4
f 5114/5/4 5115/5/4 5122/5/4
f 5122/5/4 5115/5/4 5123/5/4
f 5119/15/4 5120/15/4 5124/15/4
f 5120/16/4 5121/16/4 5125/16/4
f 5124/15/4 5120/15/4 5125/15/4
f 5125/16/4 5121/16/4 5126/16/4
f 5127/15/4 5128/15/4 5130/15/4
f 5130/15/4 5128/15/4 5131/15/4
f 5129/15/4 5130/15/4 5132/15/4
f 5132/15/4 5130/15/4 5133/15/4
f 5133/15/4 5130/15/4 5134/15/4
f 5134/15/4 5130/15/4 5135/15/4
f 5135/15/4 5130/15/4 5136/15/4
f 5137/15/4 5138/15/4 5141/15/4
f 5139/15/4 5140/15/4 5142/15/4
f 5140/15/4 5141/15/4 5142/15/4
f 5141/15/4 5138/15/4 5143/15/4
f 5142/15/4 5141/15/4 5143/15/4
f 5143/16/4 5144/16/4 5145/16/4
f 5145/16/4 5144/16/4 5146/16/4
f 5147/16/4 5148/16/4 5150/16/4
f 5150/16/4 5148/16/4 5151/16/4
f 5149/15/4 5150/15/4 5152/15/4
f 5152/15/4 5150/15/4 5153/15/4
f 5154/1/4 5155/1/4 5156/1/4
f 5156/1/4 5155/1/4 5157/1/4
f 5158/15/4 5159/15/4 5160/15/4
f 5160/15/4 5159/15/4 5161/15/4
f 5161/15/4 5162/15/4 5163/15/4
f 5163/15/4 5162/15/4 5164/15/4
f 5165/16/4 5166/16/4 5169/16/4
f 5166/14/4 5167/14/4 5170/14/4
f 5169/16/4 5166/16/4 5170/16/4
f 5170/14/4 5167/14/4 5171/14/4
f 5168/15/4 5169/15/4 5172/15/4
f 5172/15/4 5169/15/4 5173/15/4
f 5174/15/4 5175/15/4 5176/15/4
f 5176/15/4 5175/15/4 5177/15/4
f 5177/15/4 5178/15/4 5179/15/4
f 5179/15/4 5178/15/4 5180/15/4
f 5181/14/4 5182/14/4 5184/14/4
f 5184/14/4 5182/14/4 5185/14/4
f 5183/15/4 5184/15/4 5188/15/4
f 5188/15/4 5184/15/4 5189/15/4
f 5189/15/4 5184/15/4 5190/15/4
f 5186/1/4 5187/1/4 5191/1/4
f 5191/1/4 5187/1/4 5192/1/4
f 5188/15/4 5189/15/4 5193/15/4
f 5193/15/4 5189/15/4 5194/15/4
f 5195/15/4 5196/15/4 5197/15/4
f 5197/15/4 5196/15/4 5198/15/4
f 5197/15/4 5198/15/4 5200/15/4
f 5198/15/4 5199/15/4 5200/15/4
f 5200/15/4 5199/15/4 5201/15/4
f 5201/14/4 5202/14/4 5203/14/4
f 5203/14/4 5202/14/4 5204/14/4
f 5205/16/4 5206/16/4 5208/16/4
f 5208/16/4 5206/16/4 5209/16/4
f 5207/15/4 5208/15/4 5212/15/4
f 5212/15/4 5208/15/4 5213/15/4
f 5210/1/4 5211/1/4 5216/1/4
f 5216/1/4 5211/1/4 5217/1/4
f 5214/6/4 5215/6/4 5219/6/4
f 5219/6/4 5215/6/4 5220/6/4
f 5217/14/4 5218/14/4 5221/14/4
f 5221/14/4 5218/14/4 5222/14/4
f 5223/1/4 5224/1/4 5225/1/4
f 5225/1/4 5224/1/4 5226/1/4
f 5227/15/4 5228/15/4 5231/15/4
f 5231/15/4 5228/15/4 5232/15/4
f 5229/1/4 5230/1/4 5234/1/4
f 5234/1/4 5230/1/4 5235/1/4
f 5232/14/4 5233/14/4 5236/14/4
f 5236/14/4 5233/14/4 5237/14/4
f 5238/13/4 5239/13/4 5240/13/4
f 5240/13/4 5239/13/4 5241/13/4
f 5242/5/4 5243/5/4 5246/5/4
f 5246/5/4 5243/5/4 5247/5/4
f 5244/6/4 5245/6/4 5248/6/4
f 5248/6/4 5245/6/4 5249/6/4
f 5249/1/4 5250/1/4 5251/1/4
f 5251/1/4 5250/1/4 5252/1/4
f 5253/16/4 5254/16/4 5256/16/4
f 5256/16/4 5254/16/4 5257/16/4
f 5255/15/4 5256/15/4 5258/15/4
f 5258/15/4 5256/15/4 5259/15/4
f 5259/15/4 5256/15/4 5260/15/4
f 5261/15/4 5262/15/4 5263/15/4
f 5263/15/4 5262/15/4 5264/15/4
f 5264/15/4 5262/15/4 5265/15/4
f 5265/14/4 5266/14/4 5267/14/4
f 5267/14/4 5266/14/4 5268/14/4
f 5269/6/4 5270/6/4 5271/6/4
f 5271/6/4 5270/6/4 5272/6/4
f 5273/13/4 5274/13/4 5275/13/4
f 5275/13/4 5274/13/4 5276/13/4
f 5277/5/4 5278/5/4 5287/5/4
f 5287/5/4 5278/5/4 5288/5/4
f 5279/14/4 5280/14/4 5289/14/4
f 5280/13/4 5281/13/4 5290/13/4
f 5289/14/4 5280/14/4 5290/14/4
f 5290/13/4 5281/13/4 5291/13/4
f 5282/5/4 5283/5/4 5292/5/4
f 5283/14/4 5284/14/4 5293/14/4
f 5292/5/4 5283/5/4 5293/5/4
f 5293/14/4 5284/14/4 5294/14/4
f 5285/14/4 5286/14/4 5296/14/4
f 5296/14/4 5286/14/4 5297/14/4
f 5295/15/4 5296/15/4 5302/15/4
f 5302/15/4 5296/15/4 5303/15/4
f 5298/16/4 5299/16/4 5304/16/4
f 5304/16/4 5299/16/4 5305/16/4
f 5299/15/4 5300/15/4 5306/15/4
f 5305/16/4 5299/16/4 5306/16/4
f 5306/15/4 5300/15/4 5307/15/4
f 5300/16/4 5301/16/4 5308/16/4
f 5307/15/4 5300/15/4 5308/15/4
f 5308/16/4 5301/16/4 5309/16/4
f 5309/16/4 5301/16/4 5310/16/4
f 5311/6/4 5312/6/4 5313/6/4
f 5313/6/4 5312/6/4 5314/6/4
f 5315/15/4 5316/15/4 5317/15/4
f 5317/15/4 5316/15/4 5318/15/4
f 5318/14/4 5319/14/4 5320/14/4
f 5320/14/4 5319/14/4 5321/14/4
f 5322/2/4 5323/2/4 5324/2/4
f 5324/2/4 5323/2/4 5325/2/4
f 5326/17/4 5327/17/4 5332/17/4
f 5332/17/4 5327/17/4 5333/17/4
f 5328/14/4 5329/14/4 5337/14/4
f 5337/14/4 5329/14/4 5338/14/4
f 5330/2/4 5331/2/4 5339/2/4
f 5339/2/4 5331/2/4 5340/2/4
f 5333/2/4 5334/2/4 5341/2/4
f 5334/4/4 5335/4/4 5342/4/4
f 5341/2/4 5334/2/4 5342/2/4
f 5342/4/4 5335/4/4 5343/4/4
f 5336/15/4 5337/15/4 5345/15/4
f 5345/15/4 5337/15/4 5346/15/4
f 5344/13/4 5345/13/4 5347/13/4
f 5347/13/4 5345/13/4 5348/13/4
f 5349/1/4 5350/1/4 5353/1/4
f 5353/1/4 5350/1/4 5354/1/4
f 5351/5/4 5352/5/4 5356/5/4
f 5356/5/4 5352/5/4 5357/5/4
f 5354/16/4 5355/16/4 5358/16/4
f 5358/16/4 5355/16/4 5359/16/4
f 5359/15/4 5360/15/4 5361/15/4
f 5361/15/4 5360/15/4 5362/15/4
f 5363/4/4 5364/4/4 5366/4/4
f 5364/2/4 5365/2/4 5367/2/4
f 5366/4/4 5364/4/4 5367/4/4
f 5367/2/4 5365/2/4 5368/2/4
f 5369/14/4 5370/14/4 5373/14/4
f 5373/14/4 5370/14/4 5374/14/4
f 5371/4/4 5372/4/4 5376/4/4
f 5376/4/4 5372/4/4 5377/4/4
f 5374/15/4 5375/15/4 5380/15/4
f 5380/15/4 5375/15/4 5381/15/4
f 5378/5/4 5379/5/4 5382/5/4
f 5382/5/4 5379/5/4 5383/5/4
f 5380/16/4 5381/16/4 5385/16/4
f 5385/16/4 5381/16/4 5386/16/4
f 5382/5/4 5383/5/4 5387/5/4
f 5383/6/4 5384/6/4 5388/6/4
f 5387/5/4 5383/5/4 5388/5/4
f 5385/13/4 5386/13/4 5389/13/4
f 5389/13/4 5386/13/4 5390/13/4
f 5388/6/4 5384/6/4 5391/6/4
f 5391/6/4 5384/6/4 5392/6/4
f 5389/14/4 5390/14/4 5393/14/4
f 5393/14/4 5390/14/4 5394/14/4
f 5393/16/4 5394/16/4 5395/16/4
f 5395/16/4 5394/16/4 5396/16/4
f 5395/13/4 5396/13/4 5397/13/4
f 5397/13/4 5396/13/4 5398/13/4
f 5397/16/4 5398/16/4 5399/16/4
f 5399/16/4 5398/16/4 5400/16/4
f 5399/15/4 5400/15/4 5401/15/4
f 5401/15/4 5400/15/4 5402/15/4
f 5401/16/4 5402/16/4 5403/16/4
f 5403/16/4 5402/16/4 5404/16/4
f 5403/15/4 5404/15/4 5405/15/4
f 5405/15/4 5404/15/4 5406/15/4
f 5405/16/4 5406/16/4 5407/16/4
f 5407/16/4 5406/16/4 5408/16/4
f 5407/15/4 5408/15/4 5409/15/4
f 5409/15/4 5408/15/4 5410/15/4
f 5409/14/4 5410/14/4 5411/14/4
f 5411/14/4 5410/14/4 5412/14/4
f 5411/15/4 5412/15/4 5413/15/4
f 5413/15/4 5412/15/4 5414/15/4
f 5413/16/4 5414/16/4 5415/16/4
f 5415/16/4 5414/16/4 5416/16/4
f 5416/16/4 5414/16/4 5417/16/4
f 5417/16/4 5414/16/4 5418/16/4
f 5417/14/4 5418/14/4 5419/14/4
f 5419/14/4 5418/14/4 5420/14/4
f 5420/14/4 5418/14/4 5421/14/4
f 5420/15/4 5421/15/4 5422/15/4
f 5422/15/4 5421/15/4 5423/15/4
f 5422/14/4 5423/14/4 5424/14/4
f 5424/14/4 5423/14/4 5425/14/4
f 5424/15/4 5425/15/4 5426/15/4
f 5426/15/4 5425/15/4 5427/15/4
f 5426/14/4 5427/14/4 5428/14/4
f 5428/14/4 5427/14/4 5429/14/4
f 5428/16/4 5429/16/4 5430/16/4
f 5430/16/4 5429/16/4 5431/16/4
f 5431/16/4 5429/16/4 5432/16/4
f 5432/16/4 5429/16/4 5433/16/4
f 5432/14/4 5433/14/4 5434/14/4
f 5434/14/4 5433/14/4 5435/14/4
f 5434/15/4 5435/15/4 5436/15/4
f 5436/15/4 5435/15/4 5437/15/4
f 5436/14/4 5437/14/4 5443/14/4
f 5443/14/4 5437/14/4 5444/14/4
f 5438/1/4 5439/1/4 5445/1/4
f 5445/1/4 5439/1/4 5446/1/4
f 5440/14/4 5441/14/4 5447/14/4
f 5447/14/4 5441/14/4 5448/14/4
f 5442/16/4 5443/16/4 5449/16/4
f 5449/16/4 5443/16/4 5450/16/4
f 5451/5/4 5452/5/4 5456/5/4
f 5456/5/4 5452/5/4 5457/5/4
f 5453/15/4 5454/15/4 5458/15/4
f 5458/15/4 5454/15/4 5459/15/4
f 5455/6/4 5456/6/4 5461/6/4
f 5461/6/4 5456/6/4 5462/6/4
f 5459/16/4 5460/16/4 5465/16/4
f 5465/16/4 5460/16/4 5466/16/4
f 5463/16/4 5464/16/4 5467/16/4
f 5467/16/4 5464/16/4 5468/16/4
f 5465/14/4 5466/14/4 5469/14/4
f 5469/14/4 5466/14/4 5470/14/4
f 5469/16/4 5470/16/4 5471/16/4
f 5471/16/4 5470/16/4 5472/16/4
f 5471/15/4 5472/15/4 5473/15/4
f 5473/15/4 5472/15/4 5474/15/4
f 5473/16/4 5474/16/4 5475/16/4
f 5475/16/4 5474/16/4 5476/16/4
f 5475/15/4 5476/15/4 5477/15/4
f 5477/15/4 5476/15/4 5478/15/4
f 5477/14/4 5478/14/4 5479/14/4
f 5479/14/4 5478/14/4 5480/14/4
f 5479/15/4 5480/15/4 5481/15/4
f 5481/15/4 5480/15/4 5482/15/4
f 5482/15/4 5480/15/4 5483/15/4
f 5482/16/4 5483/16/4 5484/16/4
f 5484/16/4 5483/16/4 5485/16/4
f 5484/14/4 5485/14/4 5486/14/4
f 5486/14/4 5485/14/4 5487/14/4
f 5486/16/4 5487/16/4 5488/16/4
f 5488/16/4 5487/16/4 5489/16/4
f 5488/15/4 5489/15/4 5490/15/4
f 5490/15/4 5489/15/4 5491/15/4
f 5490/14/4 5491/14/4 5492/14/4
f 5492/14/4 5491/14/4 5493/14/4
f 5492/16/4 5493/16/4 5494/16/4
f 5494/16/4 5493/16/4 5495/16/4
f 5494/15/4 5495/15/4 5496/15/4
f 5496/15/4 5495/15/4 5497/15/4
f 5496/16/4 5497/16/4 5498/16/4
f 5498/16/4 5497/16/4 5499/16/4
f 5498/14/4 5499/14/4 5500/14/4
f 5500/14/4 5499/14/4 5501/14/4
f 5500/15/4 5501/15/4 5502/15/4
f 5502/15/4 5501/15/4 5503/15/4
f 5503/15/4 5501/15/4 5504/15/4
f 5503/16/4 5504/16/4 5505/16/4
f 5505/16/4 5504/16/4 5506/16/4
f 5505/15/4 5506/15/4 5507/15/4
f 5507/15/4 5506/15/4 5508/15/4
f 5507/13/4 5508/13/4 5509/13/4
f 5509/13/4 5508/13/4 5510/13/4
f 5509/14/4 5510/14/4 5511/14/4
f 5511/14/4 5510/14/4 5512/14/4
f 5511/16/4 5512/16/4 5513/16/4
f 5513/16/4 5512/16/4 5514/16/4
f 5513/15/4 5514/15/4 5524/15/4
f 5524/15/4 5514/15/4 5525/15/4
f 5515/16/4 5516/16/4 5526/16/4
f 5516/16/4 5517/16/4 5526/16/4
f 5517/16/4 5518/16/4 5526/16/4
f 5518/16/4 5519/16/4 5526/16/4
f 5519/16/4 5520/16/4 5526/16/4
f 5526/16/4 5520/16/4 5527/16/4
f 5521/14/4 5522/14/4 5528/14/4
f 5528/14/4 5522/14/4 5529/14/4
f 5523/14/4 5524/14/4 5530/14/4
f 5530/14/4 5524/14/4 5531/14/4
f 5532/5/4 5533/5/4 5538/5/4
f 5538/5/4 5533/5/4 5539/5/4
f 5534/16/4 5535/16/4 5540/16/4
f 5540/16/4 5535/16/4 5541/16/4
f 5541/16/4 5535/16/4 5542/16/4
f 5536/16/4 5537/16/4 5543/16/4
f 5543/16/4 5537/16/4 5544/16/4
f 5541/5/4 5542/5/4 5545/5/4
f 5545/5/4 5542/5/4 5546/5/4
f 5547/1/4 5548/1/4 5551/1/4
f 5551/1/4 5548/1/4 5552/1/4
f 5549/5/4 5550/5/4 5553/5/4
f 5553/5/4 5550/5/4 5554/5/4
f 5555/5/4 5556/5/4 5559/5/4
f 5559/5/4 5556/5/4 5560/5/4
f 5557/13/4 5558/13/4 5561/13/4
f 5561/13/4 5558/13/4 5562/13/4
f 5562/14/4 5563/14/4 5564/14/4
f 5564/14/4 5563/14/4 5565/14/4
f 5566/6/4 5567/6/4 5568/6/4
f 5568/6/4 5567/6/4 5569/6/4
f 5564/15/4 5565/15/4 5570/15/4
f 5570/15/4 5565/15/4 5571/15/4
f 5570/16/4 5571/16/4 5572/16/4
f 5572/16/4 5571/16/4 5573/16/4
f 5572/14/4 5573/14/4 5574/14/4
f 5574/14/4 5573/14/4 5575/14/4
f 5574/13/4 5575/13/4 5576/13/4
f 5576/13/4 5575/13/4 5577/13/4
f 5576/16/4 5577/16/4 5578/16/4
f 5578/16/4 5577/16/4 5579/16/4
f 5578/15/4 5579/15/4 5580/15/4
f 5580/15/4 5579/15/4 5581/15/4
f 5580/16/4 5581/16/4 5582/16/4
f 5582/16/4 5581/16/4 5583/16/4
f 5582/15/4 5583/15/4 5584/15/4
f 5584/15/4 5583/15/4 5585/15/4
f 5585/15/4 5583/15/4 5586/15/4
f 5585/16/4 5586/16/4 5587/16/4
f 5587/16/4 5586/16/4 5588/16/4
f 5587/15/4 5588/15/4 5589/15/4
f 5589/15/4 5588/15/4 5590/15/4
f 5589/16/4 5590/16/4 5591/16/4
f 5591/16/4 5590/16/4 5592/16/4
f 5591/14/4 5592/14/4 5593/14/4
f 5593/14/4 5592/14/4 5594/14/4
f 5593/16/4 5594/16/4 5595/16/4
f 5595/16/4 5594/16/4 5596/16/4
f 5596/16/4 5594/16/4 5597/16/4
f 5597/16/4 5594/16/4 5598/16/4
f 5597/14/4 5598/14/4 5599/14/4
f 5599/14/4 5598/14/4 5600/14/4
f 5599/15/4 5600/15/4 5601/15/4
f 5601/15/4 5600/15/4 5602/15/4
f 5601/16/4 5602/16/4 5603/16/4
f 5603/16/4 5602/16/4 5604/16/4
f 5603/14/4 5604/14/4 5605/14/4
f 5605/14/4 5604/14/4 5606/14/4
f 5605/15/4 5606/15/4 5607/15/4
f 5607/15/4 5606/15/4 5608/15/4
f 5607/16/4 5608/16/4 5609/16/4
f 5609/16/4 5608/16/4 5610/16/4
f 5609/15/4 5610/15/4 5613/15/4
f 5613/15/4 5610/15/4 5614/15/4
f 5611/13/4 5612/13/4 5615/13/4
f 5615/13/4 5612/13/4 5616/13/4
f 5613/16/4 5614/16/4 5617/16/4
f 5617/16/4 5614/16/4 5618/16/4
f 5617/14/4 5618/14/4 5620/14/4
f 5620/14/4 5618/14/4 5621/14/4
f 5619/16/4 5620/16/4 5622/16/4
f 5622/16/4 5620/16/4 5623/16/4
f 5624/16/4 5625/16/4 5626/16/4
f 5626/16/4 5625/16/4 5627/16/4
f 5627/15/4 5628/15/4 5629/15/4
f 5629/15/4 5628/15/4 5630/15/4
f 5629/16/4 5630/16/4 5631/16/4
f 5631/16/4 5630/16/4 5632/16/4
f 5631/15/4 5632/15/4 5633/15/4
f 5633/15/4 5632/15/4 5634/15/4
f 5634/15/4 5632/15/4 5635/15/4
f 5634/14/4 5635/14/4 5636/14/4
f 5636/14/4 5635/14/4 5637/14/4
f 5636/15/4 5637/15/4 5638/15/4
f 5638/15/4 5637/15/4 5639/15/4
f 5638/16/4 5639/16/4 5640/16/4
f 5640/16/4 5639/16/4 5641/16/4
f 5641/16/4 5639/16/4 5642/16/4
f 5641/15/4 5642/15/4 5643/15/4
f 5643/15/4 5642/15/4 5644/15/4
f 5643/14/4 5644/14/4 5645/14/4
f 5645/14/4 5644/14/4 5646/14/4
f 5645/15/4 5646/15/4 5647/15/4
f 5647/15/4 5646/15/4 5648/15/4
f 5647/16/4 5648/16/4 5649/16/4
f 5649/16/4 5648/16/4 5650/16/4
f 5650/16/4 5648/16/4 5651/16/4
f 5650/14/4 5651/14/4 5652/14/4
f 5652/14/4 5651/14/4 5653/14/4
f 5653/14/4 5651/14/4 5654/14/4
f 5653/15/4 5654/15/4 5655/15/4
f 5655/15/4 5654/15/4 5656/15/4
f 5655/16/4 5656/16/4 5657/16/4
f 5657/16/4 5656/16/4 5658/16/4
f 5657/15/4 5658/15/4 5659/15/4
f 5659/15/4 5658/15/4 5660/15/4
f 5659/16/4 5660/16/4 5661/16/4
f 5661/16/4 5660/16/4 5662/16/4
f 5661/14/4 5662/14/4 5663/14/4
f 5663/14/4 5662/14/4 5664/14/4
f 5663/16/4 5664/16/4 5665/16/4
f 5665/16/4 5664/16/4 5666/16/4
f 5665/15/4 5666/15/4 5667/15/4
f 5667/15/4 5666/15/4 5668/15/4
f 5668/15/4 5666/15/4 5669/15/4
f 5668/16/4 5669/16/4 5670/16/4
f 5670/16/4 5669/16/4 5672/16/4
f 5672/16/4 5669/16/4 5673/16/4
f 5671/16/4 5672/16/4 5674/16/4
f 5674/16/4 5672/16/4 5675/16/4
f 5676/14/4 5677/14/4 5678/14/4
f 5678/14/4 5677/14/4 5679/14/4
f 5679/16/4 5680/16/4 5681/16/4
f 5681/16/4 5680/16/4 5682/16/4
f 5682/16/4 5680/16/4 5683/16/4
f 5683/16/4 5680/16/4 5684/16/4
f 5683/15/4 5684/15/4 5685/15/4
f 5685/15/4 5684/15/4 5686/15/4
f 5686/15/4 5684/15/4 5687/15/4
f 5686/16/4 5687/16/4 5688/16/4
f 5688/16/4 5687/16/4 5689/16/4
f 5689/16/4 5687/16/4 5690/16/4
f 5690/16/4 5687/16/4 5691/16/4
f 5690/15/4 5691/15/4 5692/15/4
f 5692/15/4 5691/15/4 5693/15/4
f 5692/16/4 5693/16/4 5694/16/4
f 5694/16/4 5693/16/4 5695/16/4
f 5694/15/4 5695/15/4 5696/15/4
f 5696/15/4 5695/15/4 5697/15/4
f 5697/15/4 5695/15/4 5698/15/4
f 5697/16/4 5698/16/4 5699/16/4
f 5699/16/4 5698/16/4 5700/16/4
f 5699/15/4 5700/15/4 5701/15/4
f 5701/15/4 5700/15/4 5702/15/4
f 5701/16/4 5702/16/4 5703/16/4
f 5703/16/4 5702/16/4 5704/16/4
f 5703/14/4 5704/14/4 5705/14/4
f 5705/14/4 5704/14/4 5706/14/4
f 5705/15/4 5706/15/4 5707/15/4
f 5707/15/4 5706/15/4 5708/15/4
f 5707/16/4 5708/16/4 5709/16/4
f 5709/16/4 5708/16/4 5710/16/4
f 5710/16/4 5708/16/4 5711/16/4
f 5710/15/4 5711/15/4 5712/15/4
f 5712/15/4 5711/15/4 5713/15/4
f 5713/15/4 5711/15/4 5714/15/4
f 5714/15/4 5711/15/4 5715/15/4
f 5714/14/4 5715/14/4 5716/14/4
f 5716/14/4 5715/14/4 5717/14/4
f 5716/15/4 5717/15/4 5718/15/4
f 5718/15/4 5717/15/4 5719/15/4
f 5719/15/4 5717/15/4 5720/15/4
f 5719/16/4 5720/16/4 5722/16/4
f 5722/16/4 5720/16/4 5723/16/4
f 5721/16/4 5722/16/4 5724/16/4
f 5724/16/4 5722/16/4 5725/16/4
f 5726/14/4 5727/14/4 5728/14/4
f 5728/14/4 5727/14/4 5729/14/4
f 5729/15/4 5730/15/4 5733/15/4
f 5733/15/4 5730/15/4 5734/15/4
f 5731/5/4 5732/5/4 5735/5/4
f 5735/5/4 5732/5/4 5736/5/4
f 5733/16/4 5734/16/4 5737/16/4
f 5737/16/4 5734/16/4 5738/16/4
f 5737/15/4 5738/15/4 5739/15/4
f 5739/15/4 5738/15/4 5740/15/4
f 5740/15/4 5738/15/4 5741/15/4
f 5740/16/4 5741/16/4 5742/16/4
f 5742/16/4 5741/16/4 5743/16/4
f 5742/14/4 5743/14/4 5744/14/4
f 5744/14/4 5743/14/4 5745/14/4
f 5744/15/4 5745/15/4 5746/15/4
f 5746/15/4 5745/15/4 5747/15/4
f 5746/16/4 5747/16/4 5748/16/4
f 5748/16/4 5747/16/4 5749/16/4
f 5748/15/4 5749/15/4 5750/15/4
f 5750/15/4 5749/15/4 5751/15/4
f 5751/15/4 5749/15/4 5752/15/4
f 5751/16/4 5752/16/4 5753/16/4
f 5753/16/4 5752/16/4 5754/16/4
f 5754/16/4 5752/16/4 5755/16/4
f 5754/15/4 5755/15/4 5756/15/4
f 5756/15/4 5755/15/4 5757/15/4
f 5756/16/4 5757/16/4 5758/16/4
f 5758/16/4 5757/16/4 5759/16/4
f 5758/15/4 5759/15/4 5760/15/4
f 5760/15/4 5759/15/4 5761/15/4
f 5760/16/4 5761/16/4 5762/16/4
f 5762/16/4 5761/16/4 5763/16/4
f 5762/15/4 5763/15/4 5764/15/4
f 5764/15/4 5763/15/4 5765/15/4
f 5765/15/4 5763/15/4 5766/15/4
f 5765/16/4 5766/16/4 5767/16/4
f 5767/16/4 5766/16/4 5768/16/4
f 5767/15/4 5768/15/4 5769/15/4
f 5769/15/4 5768/15/4 5770/15/4
f 5770/15/4 5768/15/4 5771/15/4
f 5770/16/4 5771/16/4 5772/16/4
f 5772/16/4 5771/16/4 5773/16/4
f 5772/15/4 5773/15/4 5776/15/4
f 5776/15/4 5773/15/4 5777/15/4
f 5774/6/4 5775/6/4 5778/6/4
f 5778/6/4 5775/6/4 5779/6/4
f 5776/16/4 5777/16/4 5785/16/4
f 5785/16/4 5777/16/4 5786/16/4
f 5780/15/4 5781/15/4 5787/15/4
f 5787/15/4 5781/15/4 5788/15/4
f 5782/16/4 5783/16/4 5789/16/4
f 5789/16/4 5783/16/4 5790/16/4
f 5784/14/4 5785/14/4 5791/14/4
f 5791/14/4 5785/14/4 5792/14/4
f 5793/17/4 5794/17/4 5795/17/4
f 5795/17/4 5794/17/4 5796/17/4
f 5797/15/4 5798/15/4 5799/15/4
f 5799/15/4 5798/15/4 5800/15/4
f 5800/15/4 5801/15/4 5802/15/4
f 5802/15/4 5801/15/4 5803/15/4
f 5803/15/4 5801/15/4 5804/15/4
f 5804/15/4 5801/15/4 5805/15/4
f 5805/15/4 5801/15/4 5806/15/4
f 5805/16/4 5806/16/4 5807/16/4
f 5807/16/4 5806/16/4 5808/16/4
f 5808/16/4 5806/16/4 5809/16/4
f 5808/15/4 5809/15/4 5810/15/4
f 5810/15/4 5809/15/4 5811/15/4
f 5810/16/4 5811/16/4 5812/16/4
f 5812/16/4 5811/16/4 5813/16/4
f 5813/16/4 5811/16/4 5814/16/4
f 5813/15/4 5814/15/4 5815/15/4
f 5815/15/4 5814/15/4 5816/15/4
f 5815/16/4 5816/16/4 5817/16/4
f 5817/16/4 5816/16/4 5818/16/4
f 5817/15/4 5818/15/4 5819/15/4
f 5819/15/4 5818/15/4 5820/15/4
f 5820/15/4 5818/15/4 5821/15/4
f 5820/16/4 5821/16/4 5822/16/4
f 5822/16/4 5821/16/4 5823/16/4
f 5823/16/4 5821/16/4 5824/16/4
f 5824/16/4 5821/16/4 5825/16/4
f 5824/15/4 5825/15/4 5826/15/4
f 5826/15/4 5825/15/4 5827/15/4
f 5827/15/4 5825/15/4 5828/15/4
f 5828/15/4 5825/15/4 5829/15/4
f 5828/13/4 5829/13/4 5830/13/4
f 5830/13/4 5829/13/4 5831/13/4
f 5830/16/4 5831/16/4 5832/16/4
f 5832/16/4 5831/16/4 5833/16/4
f 5832/13/4 5833/13/4 5834/13/4
f 5834/13/4 5833/13/4 5835/13/4
f 5834/15/4 5835/15/4 5836/15/4
f 5836/15/4 5835/15/4 5837/15/4
f 5836/16/4 5837/16/4 5838/16/4
f 5838/16/4 5837/16/4 5847/16/4
f 5847/16/4 5837/16/4 5848/16/4
f 5839/16/4 5840/16/4 5851/16/4
f 5851/16/4 5840/16/4 5852/16/4
f 5841/15/4 5842/15/4 5853/15/4
f 5853/15/4 5842/15/4 5854/15/4
f 5843/16/4 5844/16/4 5855/16/4
f 5855/16/4 5844/16/4 5856/16/4
f 5845/16/4 5846/16/4 5857/16/4
f 5846/14/4 5847/14/4 5858/14/4
f 5857/16/4 5846/16/4 5858/16/4
f 5858/14/4 5847/14/4 5859/14/4
f 5849/17/4 5850/17/4 5860/17/4
f 5860/17/4 5850/17/4 5861/17/4
f 5862/5/4 5863/5/4 5866/5/4
f 5866/5/4 5863/5/4 5867/5/4
f 5864/15/4 5865/15/4 5868/15/4
f 5868/15/4 5865/15/4 5869/15/4
f 5869/15/4 5870/15/4 5871/15/4
f 5871/15/4 5870/15/4 5872/15/4
f 5872/15/4 5870/15/4 5873/15/4
f 5871/15/4 5872/15/4 5874/15/4
f 5872/16/4 5873/16/4 5875/16/4
f 5874/15/4 5872/15/4 5875/15/4
f 5875/16/4 5873/16/4 5876/16/4
f 5874/16/4 5875/16/4 5877/16/4
f 5875/14/4 5876/14/4 5877/14/4
f 5877/14/4 5876/14/4 5878/14/4
f 5874/16/4 5877/16/4 5879/16/4
f 5877/15/4 5878/15/4 5880/15/4
f 5879/16/4 5877/16/4 5880/16/4
f 5880/15/4 5878/15/4 5881/15/4
f 5879/15/4 5880/15/4 5882/15/4
f 5880/16/4 5881/16/4 5883/16/4
f 5882/15/4 5880/15/4 5883/15/4
f 5882/16/4 5883/16/4 5884/16/4
f 5883/16/4 5881/16/4 5885/16/4
f 5884/16/4 5883/16/4 5885/16/4
f 5884/13/4 5885/13/4 5886/13/4
f 5885/16/4 5881/16/4 5887/16/4
f 5886/13/4 5885/13/4 5887/13/4
f 5887/16/4 5881/16/4 5888/16/4
f 5886/15/4 5887/15/4 5889/15/4
f 5887/15/4 5888/15/4 5889/15/4
f 5889/15/4 5888/15/4 5890/15/4
f 5889/16/4 5890/16/4 5891/16/4
f 5891/16/4 5890/16/4 5892/16/4
f 5891/15/4 5892/15/4 5893/15/4
f 5892/16/4 5890/16/4 5894/16/4
f 5893/15/4 5892/15/4 5894/15/4
f 5894/16/4 5890/16/4 5895/16/4
f 5893/16/4 5894/16/4 5896/16/4
f 5894/15/4 5895/15/4 5897/15/4
f 5896/16/4 5894/16/4 5897/16/4
f 5897/15/4 5895/15/4 5898/15/4
f 5896/15/4 5897/15/4 5899/15/4
f 5897/14/4 5898/14/4 5899/14/4
f 5899/14/4 5898/14/4 5900/14/4
f 5896/15/4 5899/15/4 5901/15/4
f 5899/15/4 5900/15/4 5901/15/4
f 5901/15/4 5900/15/4 5902/15/4
f 5896/15/4 5901/15/4 5903/15/4
f 5901/16/4 5902/16/4 5904/16/4
f 5903/15/4 5901/15/4 5904/15/4
f 5903/16/4 5904/16/4 5905/16/4
f 5904/16/4 5902/16/4 5906/16/4
f 5905/16/4 5904/16/4 5906/16/4
f 5905/15/4 5906/15/4 5907/15/4
f 5907/15/4 5906/15/4 5908/15/4
f 5908/15/4 5906/15/4 5909/15/4
f 5909/15/4 5906/15/4 5910/15/4
f 5908/15/4 5909/15/4 5911/15/4
f 5909/16/4 5910/16/4 5912/16/4
f 5911/15/4 5909/15/4 5912/15/4
f 5912/16/4 5910/16/4 5913/16/4
f 5911/15/4 5912/15/4 5914/15/4
f 5912/15/4 5913/15/4 5914/15/4
f 5914/15/4 5913/15/4 5915/15/4
f 5914/16/4 5915/16/4 5916/16/4
f 5915/15/4 5913/15/4 5917/15/4
f 5916/16/4 5915/16/4 5917/16/4
f 5916/15/4 5917/15/4 5918/15/4
f 5917/15/4 5913/15/4 5918/15/4
f 5918/15/4 5913/15/4 5919/15/4
f 5916/15/4 5918/15/4 5920/15/4
f 5918/16/4 5919/16/4 5921/16/4
f 5920/15/4 5918/15/4 5921/15/4
f 5921/16/4 5919/16/4 5922/16/4
f 5920/15/4 5921/15/4 5923/15/4
f 5921/15/4 5922/15/4 5923/15/4
f 5923/15/4 5922/15/4 5924/15/4
f 5924/15/4 5922/15/4 5925/15/4
f 5923/16/4 5924/16/4 5926/16/4
f 5924/14/4 5925/14/4 5927/14/4
f 5926/16/4 5924/16/4 5927/16/4
f 5927/14/4 5925/14/4 5928/14/4
f 5926/15/4 5927/15/4 5929/15/4
f 5927/16/4 5928/16/4 5930/16/4
f 5929/15/4 5927/15/4 5930/15/4
f 5930/16/4 5928/16/4 5931/16/4
f 5929/15/4 5930/15/4 5932/15/4
f 5930/15/4 5931/15/4 5932/15/4
f 5932/15/4 5931/15/4 5933/15/4
f 5933/15/4 5931/15/4 5934/15/4
f 5932/16/4 5933/16/4 5935/16/4
f 5933/14/4 5934/14/4 5936/14/4
f 5935/16/4 5933/16/4 5936/16/4
f 5936/14/4 5934/14/4 5937/14/4
f 5935/16/4 5936/16/4 5938/16/4
f 5936/15/4 5937/15/4 5938/15/4
f 5938/15/4 5937/15/4 5939/15/4
f 5935/16/4 5938/16/4 5941/16/4
f 5938/16/4 5939/16/4 5941/16/4
f 5941/16/4 5939/16/4 5942/16/4
f 5940/16/4 5941/16/4 5943/16/4
f 5943/16/4 5941/16/4 5944/16/4
f 5945/16/4 5946/16/4 5947/16/4
f 5947/16/4 5946/16/4 5948/16/4
f 5948/16/4 5949/16/4 5950/16/4
f 5950/16/4 5949/16/4 5951/16/4
f 5950/15/4 5951/15/4 5952/15/4
f 5952/15/4 5951/15/4 5953/15/4
f 5953/15/4 5951/15/4 5954/15/4
f 5954/15/4 5951/15/4 5955/15/4
f 5955/15/4 5951/15/4 5956/15/4
f 5955/14/4 5956/14/4 5957/14/4
f 5957/14/4 5956/14/4 5958/14/4
f 5957/15/4 5958/15/4 5959/15/4
f 5959/15/4 5958/15/4 5960/15/4
f 5960/15/4 5958/15/4 5961/15/4
f 5960/16/4 5961/16/4 5962/16/4
f 5962/16/4 5961/16/4 5963/16/4
f 5963/16/4 5961/16/4 5964/16/4
f 5964/16/4 5961/16/4 5965/16/4
f 5964/15/4 5965/15/4 5966/15/4
f 5966/15/4 5965/15/4 5967/15/4
f 5966/16/4 5967/16/4 5968/16/4
f 5968/16/4 5967/16/4 5969/16/4
f 5968/14/4 5969/14/4 5970/14/4
f 5970/14/4 5969/14/4 5971/14/4
f 5970/15/4 5971/15/4 5972/15/4
f 5972/15/4 5971/15/4 5973/15/4
f 5973/15/4 5971/15/4 5974/15/4
f 5973/16/4 5974/16/4 5975/16/4
f 5975/16/4 5974/16/4 5976/16/4
f 5975/15/4 5976/15/4 5977/15/4
f 5977/15/4 5976/15/4 5978/15/4
f 5978/15/4 5976/15/4 5979/15/4
f 5978/16/4 5979/16/4 5980/16/4
f 5980/16/4 5979/16/4 5981/16/4
f 5980/15/4 5981/15/4 5982/15/4
f 5982/15/4 5981/15/4 5983/15/4
f 5983/15/4 5981/15/4 5984/15/4
f 5983/16/4 5984/16/4 5985/16/4
f 5985/16/4 5984/16/4 5987/16/4
f 5987/16/4 5984/16/4 5988/16/4
f 5986/15/4 5987/15/4 5989/15/4
f 5989/15/4 5987/15/4 5990/15/4
f 5991/15/4 5992/15/4 5994/15/4
f 5992/16/4 5993/16/4 5995/16/4
f 5994/15/4 5992/15/4 5995/15/4
f 5995/16/4 5993/16/4 5996/16/4
f 5996/16/4 5997/16/4 5998/16/4
f 5998/16/4 5997/16/4 5999/16/4
f 5998/15/4 5999/15/4 6000/15/4
f 6000/15/4 5999/15/4 6001/15/4
f 6000/16/4 6001/16/4 6002/16/4
f 6002/16/4 6001/16/4 6003/16/4
f 6002/15/4 6003/15/4 6004/15/4
f 6004/15/4 6003/15/4 6005/15/4
f 6004/16/4 6005/16/4 6006/16/4
f 6006/16/4 6005/16/4 6007/16/4
f 6006/15/4 6007/15/4 6008/15/4
f 6008/15/4 6007/15/4 6009/15/4
f 6009/15/4 6007/15/4 6010/15/4
f 6010/15/4 6007/15/4 6011/15/4
f 6010/16/4 6011/16/4 6012/16/4
f 6012/16/4 6011/16/4 6013/16/4
f 6012/15/4 6013/15/4 6014/15/4
f 6014/15/4 6013/15/4 6015/15/4
f 6014/16/4 6015/16/4 6016/16/4
f 6016/16/4 6015/16/4 6017/16/4
f 6016/15/4 6017/15/4 6018/15/4
f 6019/6/4 6020/6/4 6021/6/4
f 6018/15/4 6017/15/4 6023/15/4
f 6023/15/4 6017/15/4 6024/15/4
f 6024/15/4 6017/15/4 6025/15/4
f 6021/5/4 6022/5/4 6026/5/4
f 6019/6/4 6021/6/4 6026/6/4
f 6026/5/4 6022/5/4 6027/5/4
f 6019/6/4 6026/6/4 6030/6/4
f 6030/6/4 6026/6/4 6031/6/4
f 6024/16/4 6025/16/4 6032/16/4
f 6032/16/4 6025/16/4 6033/16/4
f 6028/6/4 6029/6/4 6034/6/4
f 6034/6/4 6029/6/4 6035/6/4
f 6032/15/4 6033/15/4 6036/15/4
f 6036/15/4 6033/15/4 6037/15/4
f 6037/15/4 6033/15/4 6038/15/4
f 6038/15/4 6033/15/4 6039/15/4
f 6039/15/4 6033/15/4 6040/15/4
f 6039/16/4 6040/16/4 6041/16/4
f 6041/16/4 6040/16/4 6042/16/4
f 6041/15/4 6042/15/4 6043/15/4
f 6043/15/4 6042/15/4 6044/15/4
f 6044/15/4 6042/15/4 6045/15/4
f 6045/15/4 6042/15/4 6046/15/4
f 6045/16/4 6046/16/4 6047/16/4
f 6047/16/4 6046/16/4 6048/16/4
f 6047/15/4 6048/15/4 6049/15/4
f 6049/15/4 6048/15/4 6050/15/4
f 6049/16/4 6050/16/4 6053/16/4
f 6053/16/4 6050/16/4 6054/16/4
f 6051/15/4 6052/15/4 6055/15/4
f 6052/15/4 6053/15/4 6055/15/4
f 6055/15/4 6053/15/4 6056/15/4
f 6057/15/4 6058/15/4 6059/15/4
f 6059/15/4 6058/15/4 6060/15/4
f 6060/14/4 6061/14/4 6064/14/4
f 6061/15/4 6062/15/4 6065/15/4
f 6064/14/4 6061/14/4 6065/14/4
f 6062/16/4 6063/16/4 6066/16/4
f 6065/15/4 6062/15/4 6066/15/4
f 6066/16/4 6063/16/4 6067/16/4
f 6067/16/4 6068/16/4 6070/16/4
f 6068/15/4 6069/15/4 6071/15/4
f 6070/16/4 6068/16/4 6071/16/4
f 6071/15/4 6069/15/4 6072/15/4
f 6067/16/4 6070/16/4 6073/16/4
f 6070/15/4 6071/15/4 6074/15/4
f 6073/16/4 6070/16/4 6074/16/4
f 6071/16/4 6072/16/4 6075/16/4
f 6074/15/4 6071/15/4 6075/15/4
f 6073/15/4 6074/15/4 6076/15/4
f 6074/16/4 6075/16/4 6077/16/4
f 6076/15/4 6074/15/4 6077/15/4
f 6075/16/4 6072/16/4 6078/16/4
f 6077/16/4 6075/16/4 6078/16/4
f 6076/16/4 6077/16/4 6079/16/4
f 6077/15/4 6078/15/4 6080/15/4
f 6079/16/4 6077/16/4 6080/16/4
f 6080/15/4 6078/15/4 6081/15/4
f 6079/16/4 6080/16/4 6082/16/4
f 6080/16/4 6081/16/4 6082/16/4
f 6081/15/4 6078/15/4 6083/15/4
f 6082/16/4 6081/16/4 6083/16/4
f 6083/15/4 6078/15/4 6084/15/4
f 6082/16/4 6083/16/4 6085/16/4
f 6083/16/4 6084/16/4 6085/16/4
f 6085/16/4 6084/16/4 6086/16/4
f 6085/15/4 6086/15/4 6087/15/4
f 6086/16/4 6084/16/4 6087/16/4
f 6087/16/4 6084/16/4 6088/16/4
f 6085/15/4 6087/15/4 6089/15/4
f 6087/15/4 6088/15/4 6089/15/4
f 6089/15/4 6088/15/4 6090/15/4
f 6089/16/4 6090/16/4 6091/16/4
f 6091/16/4 6090/16/4 6092/16/4
f 6092/16/4 6090/16/4 6093/16/4
f 6093/16/4 6090/16/4 6094/16/4
f 6091/16/4 6092/16/4 6095/16/4
f 6092/15/4 6093/15/4 6096/15/4
f 6095/16/4 6092/16/4 6096/16/4
f 6093/14/4 6094/14/4 6097/14/4
f 6096/15/4 6093/15/4 6097/15/4
f 6097/14/4 6094/14/4 6098/14/4
f 6095/15/4 6096/15/4 6099/15/4
f 6096/16/4 6097/16/4 6100/16/4
f 6099/15/4 6096/15/4 6100/15/4
f 6097/15/4 6098/15/4 6101/15/4
f 6100/16/4 6097/16/4 6101/16/4
f 6099/16/4 6100/16/4 6102/16/4
f 6100/15/4 6101/15/4 6103/15/4
f 6102/16/4 6100/16/4 6103/16/4
f 6101/15/4 6098/15/4 6104/15/4
f 6103/15/4 6101/15/4 6104/15/4
f 6102/16/4 6103/16/4 6107/16/4
f 6103/16/4 6104/16/4 6107/16/4
f 6107/16/4 6104/16/4 6108/16/4
f 6108/16/4 6104/16/4 6109/16/4
f 6105/6/4 6106/6/4 6110/6/4
f 6110/6/4 6106/6/4 6111/6/4
f 6107/16/4 6108/16/4 6112/16/4
f 6112/16/4 6108/16/4 6113/16/4
f 6112/15/4 6113/15/4 6114/15/4
f 6113/16/4 6108/16/4 6115/16/4
f 6114/15/4 6113/15/4 6115/15/4
f 6108/15/4 6109/15/4 6116/15/4
f 6115/16/4 6108/16/4 6116/16/4
f 6116/15/4 6109/15/4 6117/15/4
f 6118/5/4 6119/5/4 6122/5/4
f 6122/5/4 6119/5/4 6123/5/4
f 6114/16/4 6115/16/4 6124/16/4
f 6115/15/4 6116/15/4 6125/15/4
f 6124/16/4 6115/16/4 6125/16/4
f 6120/6/4 6121/6/4 6126/6/4
f 6126/6/4 6121/6/4 6127/6/4
f 6124/15/4 6125/15/4 6130/15/4
f 6125/15/4 6116/15/4 6131/15/4
f 6130/15/4 6125/15/4 6131/15/4
f 6116/16/4 6117/16/4 6132/16/4
f 6131/15/4 6116/15/4 6132/15/4
f 6132/16/4 6117/16/4 6133/16/4
f 6128/6/4 6129/6/4 6134/6/4
f 6134/6/4 6129/6/4 6135/6/4
f 6130/15/4 6131/15/4 6136/15/4
f 6131/16/4 6132/16/4 6137/16/4
f 6136/15/4 6131/15/4 6137/15/4
f 6132/15/4 6133/15/4 6138/15/4
f 6137/16/4 6132/16/4 6138/16/4
f 6138/15/4 6133/15/4 6139/15/4
f 6136/16/4 6137/16/4 6140/16/4
f 6137/15/4 6138/15/4 6141/15/4
f 6140/16/4 6137/16/4 6141/16/4
f 6138/16/4 6139/16/4 6142/16/4
f 6141/15/4 6138/15/4 6142/15/4
f 6142/16/4 6139/16/4 6143/16/4
f 6140/16/4 6141/16/4 6144/16/4
f 6141/16/4 6142/16/4 6144/16/4
f 6142/15/4 6143/15/4 6145/15/4
f 6144/16/4 6142/16/4 6145/16/4
f 6145/15/4 6143/15/4 6146/15/4
f 6144/15/4 6145/15/4 6147/15/4
f 6145/16/4 6146/16/4 6148/16/4
f 6147/15/4 6145/15/4 6148/15/4
f 6147/16/4 6148/16/4 6149/16/4
f 6148/16/4 6146/16/4 6150/16/4
f 6149/16/4 6148/16/4 6150/16/4
f 6149/15/4 6150/15/4 6151/15/4
f 6151/15/4 6150/15/4 6152/15/4
f 6150/16/4 6146/16/4 6153/16/4
f 6152/15/4 6150/15/4 6153/15/4
f 6153/16/4 6146/16/4 6154/16/4
f 6151/15/4 6152/15/4 6155/15/4
f 6152/16/4 6153/16/4 6156/16/4
f 6155/15/4 6152/15/4 6156/15/4
f 6153/14/4 6154/14/4 6157/14/4
f 6156/16/4 6153/16/4 6157/16/4
f 6157/14/4 6154/14/4 6158/14/4
f 6155/15/4 6156/15/4 6159/15/4
f 6156/15/4 6157/15/4 6159/15/4
f 6159/15/4 6157/15/4 6160/15/4
f 6159/16/4 6160/16/4 6161/16/4
f 6160/15/4 6157/15/4 6162/15/4
f 6161/16/4 6160/16/4 6162/16/4
f 6157/16/4 6158/16/4 6163/16/4
f 6162/15/4 6157/15/4 6163/15/4
f 6163/16/4 6158/16/4 6164/16/4
f 6161/15/4 6162/15/4 6165/15/4
f 6162/15/4 6163/15/4 6165/15/4
f 6163/15/4 6164/15/4 6165/15/4
f 6165/15/4 6164/15/4 6166/15/4
f 6166/15/4 6164/15/4 6167/15/4
f 6165/15/4 6166/15/4 6170/15/4
f 6166/16/4 6167/16/4 6171/16/4
f 6170/15/4 6166/15/4 6171/15/4
f 6171/16/4 6167/16/4 6172/16/4
f 6168/15/4 6169/15/4 6174/15/4
f 6169/16/4 6170/16/4 6175/16/4
f 6174/15/4 6169/15/4 6175/15/4
f 6175/16/4 6170/16/4 6176/16/4
f 6173/14/4 6174/14/4 6177/14/4
f 6177/14/4 6174/14/4 6178/14/4
f 6181/13/4 6182/13/4 6194/13/4
f 6194/13/4 6182/13/4 6195/13/4
f 6183/1/4 6184/1/4 6196/1/4
f 6196/1/4 6184/1/4 6197/1/4
f 6185/1/4 6186/1/4 6198/1/4
f 6189/6/4 6190/6/4 6199/6/4
f 6199/6/4 6190/6/4 6200/6/4
f 6191/15/4 6192/15/4 6201/15/4
f 6192/16/4 6193/16/4 6202/16/4
f 6201/15/4 6192/15/4 6202/15/4
f 6202/16/4 6193/16/4 6203/16/4
f 6179/14/4 6180/14/4 6204/14/4
f 6204/14/4 6180/14/4 6205/14/4
f 6194/6/4 6195/6/4 6206/6/4
f 6196/6/4 6197/6/4 6207/6/4
f 6207/6/4 6197/6/4 6208/6/4
f 6185/1/4 6198/1/4 6209/1/4
f 6209/1/4 6198/1/4 6210/1/4
f 6187/1/4 6188/1/4 6211/1/4
f 6211/1/4 6188/1/4 6212/1/4
f 6199/1/4 6200/1/4 6213/1/4
f 6213/1/4 6200/1/4 6214/1/4
f 6201/16/4 6202/16/4 6215/16/4
f 6202/15/4 6203/15/4 6216/15/4
f 6215/16/4 6202/16/4 6216/16/4
f 6203/16/4 6193/16/4 6217/16/4
f 6216/15/4 6203/15/4 6217/15/4
f 6217/16/4 6193/16/4 6218/16/4
f 6204/1/4 6205/1/4 6219/1/4
f 6194/6/4 6206/6/4 6220/6/4
f 6220/6/4 6206/6/4 6221/6/4
f 6207/6/4 6208/6/4 6222/6/4
f 6211/6/4 6212/6/4 6223/6/4
f 6223/6/4 6212/6/4 6224/6/4
f 6215/15/4 6216/15/4 6225/15/4
f 6216/16/4 6217/16/4 6226/16/4
f 6225/15/4 6216/15/4 6226/15/4
f 6217/15/4 6218/15/4 6227/15/4
f 6226/16/4 6217/16/4 6227/16/4
f 6227/15/4 6218/15/4 6228/15/4
f 6204/1/4 6219/1/4 6229/1/4
f 6229/1/4 6219/1/4 6230/1/4
f 6220/6/4 6221/6/4 6231/6/4
f 6207/6/4 6222/6/4 6232/6/4
f 6232/6/4 6222/6/4 6233/6/4
f 6209/6/4 6210/6/4 6234/6/4
f 6234/6/4 6210/6/4 6235/6/4
f 6223/1/4 6224/1/4 6236/1/4
f 6213/1/4 6214/1/4 6237/1/4
f 6225/15/4 6226/15/4 6238/15/4
f 6226/15/4 6227/15/4 6238/15/4
f 6238/15/4 6227/15/4 6239/15/4
f 6227/16/4 6228/16/4 6240/16/4
f 6239/15/4 6227/15/4 6240/15/4
f 6240/16/4 6228/16/4 6241/16/4
f 6229/6/4 6230/6/4 6242/6/4
f 6242/6/4 6230/6/4 6243/6/4
f 6231/6/4 6221/6/4 6244/6/4
f 6232/6/4 6233/6/4 6245/6/4
f 6245/6/4 6233/6/4 6246/6/4
f 6234/6/4 6235/6/4 6247/6/4
f 6247/6/4 6235/6/4 6248/6/4
f 6236/1/4 6224/1/4 6249/1/4
f 6213/1/4 6237/1/4 6250/1/4
f 6250/1/4 6237/1/4 6251/1/4
f 6238/15/4 6239/15/4 6252/15/4
f 6239/16/4 6240/16/4 6253/16/4
f 6252/15/4 6239/15/4 6253/15/4
f 6240/15/4 6241/15/4 6254/15/4
f 6253/16/4 6240/16/4 6254/16/4
f 6254/15/4 6241/15/4 6255/15/4
f 6242/13/4 6243/13/4 6256/13/4
f 6256/13/4 6243/13/4 6257/13/4
f 6231/6/4 6244/6/4 6258/6/4
f 6258/6/4 6244/6/4 6259/6/4
f 6245/1/4 6246/1/4 6260/1/4
f 6247/6/4 6248/6/4 6261/6/4
f 6249/1/4 6224/1/4 6262/1/4
f 6262/1/4 6224/1/4 6263/1/4
f 6250/6/4 6251/6/4 6264/6/4
f 6252/16/4 6253/16/4 6265/16/4
f 6253/15/4 6254/15/4 6266/15/4
f 6265/16/4 6253/16/4 6266/16/4
f 6254/16/4 6255/16/4 6267/16/4
f 6266/15/4 6254/15/4 6267/15/4
f 6267/16/4 6255/16/4 6268/16/4
f 6256/14/4 6257/14/4 6269/14/4
f 6269/14/4 6257/14/4 6270/14/4
f 6258/13/4 6259/13/4 6271/13/4
f 6271/13/4 6259/13/4 6272/13/4
f 6260/1/4 6246/1/4 6273/1/4
f 6273/1/4 6246/1/4 6274/1/4
f 6261/6/4 6248/6/4 6275/6/4
f 6262/6/4 6263/6/4 6276/6/4
f 6264/6/4 6251/6/4 6277/6/4
f 6265/16/4 6266/16/4 6278/16/4
f 6266/16/4 6267/16/4 6278/16/4
f 6267/15/4 6268/15/4 6279/15/4
f 6278/16/4 6267/16/4 6279/16/4
f 6273/6/4 6274/6/4 6280/6/4
f 6261/6/4 6275/6/4 6281/6/4
f 6262/6/4 6276/6/4 6282/6/4
f 6278/15/4 6279/15/4 6283/15/4
f 6279/15/4 6268/15/4 6284/15/4
f 6283/15/4 6279/15/4 6284/15/4
f 6284/15/4 6268/15/4 6285/15/4
f 6280/6/4 6274/6/4 6286/6/4
f 6281/6/4 6275/6/4 6287/6/4
f 6278/15/4 6283/15/4 6288/15/4
f 6283/16/4 6284/16/4 6289/16/4
f 6288/15/4 6283/15/4 6289/15/4
f 6284/14/4 6285/14/4 6290/14/4
f 6289/16/4 6284/16/4 6290/16/4
f 6290/14/4 6285/14/4 6291/14/4
f 6280/6/4 6286/6/4 6292/6/4
f 6287/6/4 6275/6/4 6293/6/4
f 6262/6/4 6282/6/4 6294/6/4
f 6264/6/4 6277/6/4 6295/6/4
f 6289/15/4 6290/15/4 6296/15/4
f 6290/16/4 6291/16/4 6296/16/4
f 6296/16/4 6291/16/4 6297/16/4
f 6271/6/4 6272/6/4 6298/6/4
f 6262/6/4 6294/6/4 6299/6/4
f 6288/16/4 6289/16/4 6300/16/4
f 6289/15/4 6296/15/4 6301/15/4
f 6300/16/4 6289/16/4 6301/16/4
f 6296/15/4 6297/15/4 6301/15/4
f 6301/15/4 6297/15/4 6302/15/4
f 6269/6/4 6270/6/4 6303/6/4
f 6271/6/4 6298/6/4 6304/6/4
f 6292/6/4 6286/6/4 6305/6/4
f 6287/6/4 6293/6/4 6306/6/4
f 6299/6/4 6294/6/4 6307/6/4
f 6295/6/4 6277/6/4 6308/6/4
f 6300/15/4 6301/15/4 6309/15/4
f 6301/16/4 6302/16/4 6310/16/4
f 6310/16/4 6302/16/4 6311/16/4
f 6304/6/4 6298/6/4 6312/6/4
f 6312/6/4 6298/6/4 6313/6/4
f 6292/6/4 6305/6/4 6314/6/4
f 6299/6/4 6307/6/4 6315/6/4
f 6315/6/4 6307/6/4 6316/6/4
f 6309/15/4 6301/15/4 6317/15/4
f 6301/16/4 6310/16/4 6318/16/4
f 6317/15/4 6301/15/4 6318/15/4
f 6310/15/4 6311/15/4 6319/15/4
f 6318/16/4 6310/16/4 6319/16/4
f 6312/6/4 6313/6/4 6320/6/4
f 6315/1/4 6316/1/4 6321/1/4
f 6308/6/4 6277/6/4 6322/6/4
f 6317/15/4 6318/15/4 6323/15/4
f 6318/15/4 6319/15/4 6323/15/4
f 6323/15/4 6319/15/4 6324/15/4
f 6319/15/4 6311/15/4 6325/15/4
f 6324/15/4 6319/15/4 6325/15/4
f 6325/15/4 6311/15/4 6326/15/4
f 6269/6/4 6303/6/4 6327/6/4
f 6320/6/4 6313/6/4 6328/6/4
f 6314/6/4 6305/6/4 6329/6/4
f 6306/6/4 6293/6/4 6330/6/4
f 6321/1/4 6316/1/4 6331/1/4
f 6331/1/4 6316/1/4 6332/1/4
f 6323/16/4 6324/16/4 6333/16/4
f 6324/15/4 6325/15/4 6333/15/4
f 6325/16/4 6326/16/4 6334/16/4
f 6333/15/4 6325/15/4 6334/15/4
f 6334/16/4 6326/16/4 6335/16/4
f 6314/6/4 6329/6/4 6336/6/4
f 6330/6/4 6293/6/4 6337/6/4
f 6331/1/4 6332/1/4 6338/1/4
f 6323/16/4 6333/16/4 6339/16/4
f 6333/16/4 6334/16/4 6339/16/4
f 6269/6/4 6327/6/4 6340/6/4
f 6328/6/4 6313/6/4 6341/6/4
f 6314/6/4 6336/6/4 6342/6/4
f 6342/6/4 6336/6/4 6343/6/4
f 6322/6/4 6277/6/4 6344/6/4
f 6339/16/4 6334/16/4 6345/16/4
f 6345/16/4 6334/16/4 6346/16/4
f 6334/15/4 6335/15/4 6347/15/4
f 6346/16/4 6334/16/4 6347/16/4
f 6341/6/4 6313/6/4 6348/6/4
f 6348/6/4 6313/6/4 6349/6/4
f 6342/6/4 6343/6/4 6350/6/4
f 6338/1/4 6332/1/4 6351/1/4
f 6351/1/4 6332/1/4 6352/1/4
f 6322/6/4 6344/6/4 6353/6/4
f 6345/16/4 6346/16/4 6354/16/4
f 6346/15/4 6347/15/4 6355/15/4
f 6354/16/4 6346/16/4 6355/16/4
f 6347/15/4 6335/15/4 6356/15/4
f 6355/15/4 6347/15/4 6356/15/4
f 6269/6/4 6340/6/4 6357/6/4
f 6357/6/4 6340/6/4 6358/6/4
f 6330/6/4 6337/6/4 6359/6/4
f 6351/6/4 6352/6/4 6360/6/4
f 6360/6/4 6352/6/4 6361/6/4
f 6354/15/4 6355/15/4 6362/15/4
f 6355/16/4 6356/16/4 6363/16/4
f 6362/15/4 6355/15/4 6363/15/4
f 6363/16/4 6356/16/4 6364/16/4
f 6348/6/4 6349/6/4 6365/6/4
f 6350/6/4 6343/6/4 6366/6/4
f 6322/6/4 6353/6/4 6367/6/4
f 6362/15/4 6363/15/4 6368/15/4
f 6363/15/4 6364/15/4 6368/15/4
f 6368/15/4 6364/15/4 6369/15/4
f 6369/15/4 6364/15/4 6370/15/4
f 6366/6/4 6343/6/4 6371/6/4
f 6371/6/4 6343/6/4 6372/6/4
f 6330/6/4 6359/6/4 6373/6/4
f 6360/6/4 6361/6/4 6374/6/4
f 6368/15/4 6369/15/4 6375/15/4
f 6369/14/4 6370/14/4 6376/14/4
f 6375/15/4 6369/15/4 6376/15/4
f 6376/14/4 6370/14/4 6377/14/4
f 6357/1/4 6358/1/4 6378/1/4
f 6378/1/4 6358/1/4 6379/1/4
f 6373/6/4 6359/6/4 6380/6/4
f 6360/6/4 6374/6/4 6381/6/4
f 6375/16/4 6376/16/4 6382/16/4
f 6376/15/4 6377/15/4 6383/15/4
f 6382/16/4 6376/16/4 6383/16/4
f 6348/6/4 6365/6/4 6384/6/4
f 6371/6/4 6372/6/4 6385/6/4
f 6385/6/4 6372/6/4 6386/6/4
f 6380/6/4 6359/6/4 6387/6/4
f 6381/6/4 6374/6/4 6388/6/4
f 6388/6/4 6374/6/4 6389/6/4
f 6382/15/4 6383/15/4 6390/15/4
f 6383/15/4 6377/15/4 6391/15/4
f 6390/15/4 6383/15/4 6391/15/4
f 6378/6/4 6379/6/4 6392/6/4
f 6392/6/4 6379/6/4 6393/6/4
f 6384/6/4 6365/6/4 6394/6/4
f 6394/6/4 6365/6/4 6395/6/4
f 6385/14/4 6386/14/4 6396/14/4
f 6396/14/4 6386/14/4 6397/14/4
f 6390/16/4 6391/16/4 6398/16/4
f 6398/16/4 6391/16/4 6399/16/4
f 6391/15/4 6377/15/4 6400/15/4
f 6399/16/4 6391/16/4 6400/16/4
f 6400/15/4 6377/15/4 6401/15/4
f 6392/14/4 6393/14/4 6402/14/4
f 6394/6/4 6395/6/4 6403/6/4
f 6403/6/4 6395/6/4 6404/6/4
f 6396/6/4 6397/6/4 6405/6/4
f 6405/6/4 6397/6/4 6406/6/4
f 6367/6/4 6353/6/4 6407/6/4
f 6398/15/4 6399/15/4 6408/15/4
f 6399/16/4 6400/16/4 6409/16/4
f 6408/15/4 6399/15/4 6409/15/4
f 6400/16/4 6401/16/4 6409/16/4
f 6409/16/4 6401/16/4 6410/16/4
f 6392/14/4 6402/14/4 6411/14/4
f 6411/14/4 6402/14/4 6412/14/4
f 6403/1/4 6404/1/4 6413/1/4
f 6405/1/4 6406/1/4 6414/1/4
f 6414/1/4 6406/1/4 6415/1/4
f 6387/6/4 6359/6/4 6416/6/4
f 6416/6/4 6359/6/4 6417/6/4
f 6388/6/4 6389/6/4 6418/6/4
f 6408/15/4 6409/15/4 6419/15/4
f 6409/15/4 6410/15/4 6419/15/4
f 6419/15/4 6410/15/4 6420/15/4
f 6420/15/4 6410/15/4 6421/15/4
f 6411/6/4 6412/6/4 6422/6/4
f 6422/6/4 6412/6/4 6423/6/4
f 6413/1/4 6404/1/4 6424/1/4
f 6424/1/4 6404/1/4 6425/1/4
f 6416/1/4 6417/1/4 6426/1/4
f 6418/6/4 6389/6/4 6427/6/4
f 6427/6/4 6389/6/4 6428/6/4
f 6367/6/4 6407/6/4 6429/6/4
f 6419/15/4 6420/15/4 6430/15/4
f 6420/16/4 6421/16/4 6431/16/4
f 6430/15/4 6420/15/4 6431/15/4
f 6431/16/4 6421/16/4 6432/16/4
f 6422/14/4 6423/14/4 6433/14/4
f 6433/14/4 6423/14/4 6434/14/4
f 6424/14/4 6425/14/4 6435/14/4
f 6435/14/4 6425/14/4 6436/14/4
f 6414/6/4 6415/6/4 6437/6/4
f 6437/6/4 6415/6/4 6438/6/4
f 6416/1/4 6426/1/4 6439/1/4
f 6427/6/4 6428/6/4 6440/6/4
f 6440/6/4 6428/6/4 6441/6/4
f 6367/6/4 6429/6/4 6442/6/4
f 6442/6/4 6429/6/4 6443/6/4
f 6430/16/4 6431/16/4 6444/16/4
f 6431/15/4 6432/15/4 6445/15/4
f 6444/16/4 6431/16/4 6445/16/4
f 6433/6/4 6434/6/4 6446/6/4
f 6446/6/4 6434/6/4 6447/6/4
f 6435/6/4 6436/6/4 6448/6/4
f 6448/6/4 6436/6/4 6449/6/4
f 6437/1/4 6438/1/4 6450/1/4
f 6450/1/4 6438/1/4 6451/1/4
f 6439/1/4 6426/1/4 6452/1/4
f 6452/1/4 6426/1/4 6453/1/4
f 6442/1/4 6443/1/4 6454/1/4
f 6444/15/4 6445/15/4 6455/15/4
f 6455/15/4 6445/15/4 6456/15/4
f 6445/15/4 6432/15/4 6457/15/4
f 6456/15/4 6445/15/4 6457/15/4
f 6446/14/4 6447/14/4 6458/14/4
f 6458/14/4 6447/14/4 6459/14/4
f 6448/1/4 6449/1/4 6460/1/4
f 6460/1/4 6449/1/4 6461/1/4
f 6450/6/4 6451/6/4 6462/6/4
f 6462/6/4 6451/6/4 6463/6/4
f 6452/6/4 6453/6/4 6464/6/4
f 6464/6/4 6453/6/4 6465/6/4
f 6440/1/4 6441/1/4 6466/1/4
f 6466/1/4 6441/1/4 6467/1/4
f 6454/1/4 6443/1/4 6468/1/4
f 6468/1/4 6443/1/4 6469/1/4
f 6455/14/4 6456/14/4 6470/14/4
f 6456/16/4 6457/16/4 6471/16/4
f 6470/14/4 6456/14/4 6471/14/4
f 6471/16/4 6457/16/4 6472/16/4
f 6473/13/4 6474/13/4 6491/13/4
f 6474/7/4 6475/7/4 6492/7/4
f 6491/13/4 6474/13/4 6492/13/4
f 6492/7/4 6475/7/4 6493/7/4
f 6476/13/4 6477/13/4 6494/13/4
f 6477/9/4 6478/9/4 6495/9/4
f 6494/13/4 6477/13/4 6495/13/4
f 6495/9/4 6478/9/4 6496/9/4
f 6479/7/4 6480/7/4 6497/7/4
f 6480/14/4 6481/14/4 6498/14/4
f 6497/7/4 6480/7/4 6498/7/4
f 6498/14/4 6481/14/4 6499/14/4
f 6482/7/4 6483/7/4 6500/7/4
f 6483/9/4 6484/9/4 6501/9/4
f 6500/7/4 6483/7/4 6501/7/4
f 6501/9/4 6484/9/4 6502/9/4
f 6485/7/4 6486/7/4 6503/7/4
f 6486/9/4 6487/9/4 6504/9/4
f 6503/7/4 6486/7/4 6504/7/4
f 6504/9/4 6487/9/4 6505/9/4
f 6488/7/4 6489/7/4 6506/7/4
f 6489/13/4 6490/13/4 6507/13/4
f 6506/7/4 6489/7/4 6507/7/4
f 6507/13/4 6490/13/4 6508/13/4
f 6508/14/4 6509/14/4 6510/14/4
f 6510/14/4 6509/14/4 6511/14/4
f 6510/15/4 6511/15/4 6529/15/4
f 6529/15/4 6511/15/4 6530/15/4
f 6512/5/4 6513/5/4 6531/5/4
f 6513/5/4 6514/5/4 6531/5/4
f 6531/5/4 6514/5/4 6532/5/4
f 6515/1/4 6516/1/4 6533/1/4
f 6516/5/4 6517/5/4 6534/5/4
f 6533/1/4 6516/1/4 6534/1/4
f 6534/5/4 6517/5/4 6535/5/4
f 6518/1/4 6519/1/4 6536/1/4
f 6519/5/4 6520/5/4 6537/5/4
f 6536/1/4 6519/1/4 6537/1/4
f 6537/5/4 6520/5/4 6538/5/4
f 6521/1/4 6522/1/4 6539/1/4
f 6522/5/4 6523/5/4 6540/5/4
f 6539/1/4 6522/1/4 6540/1/4
f 6540/5/4 6523/5/4 6541/5/4
f 6524/5/4 6525/5/4 6542/5/4
f 6525/5/4 6526/5/4 6542/5/4
f 6542/5/4 6526/5/4 6543/5/4
f 6527/1/4 6528/1/4 6544/1/4
f 6544/1/4 6528/1/4 6545/1/4
f 6529/16/4 6530/16/4 6546/16/4
f 6546/16/4 6530/16/4 6547/16/4
f 6531/14/4 6532/14/4 6548/14/4
f 6532/5/4 6514/5/4 6549/5/4
f 6548/14/4 6532/14/4 6549/14/4
f 6549/5/4 6514/5/4 6550/5/4
f 6533/14/4 6534/14/4 6551/14/4
f 6534/1/4 6535/1/4 6552/1/4
f 6551/14/4 6534/14/4 6552/14/4
f 6536/5/4 6537/5/4 6553/5/4
f 6537/1/4 6538/1/4 6554/1/4
f 6553/5/4 6537/5/4 6554/5/4
f 6544/5/4 6545/5/4 6555/5/4
f 6546/13/4 6547/13/4 6556/13/4
f 6556/13/4 6547/13/4 6557/13/4
f 6548/13/4 6549/13/4 6558/13/4
f 6549/14/4 6550/14/4 6559/14/4
f 6558/13/4 6549/13/4 6559/13/4
f 6559/14/4 6550/14/4 6560/14/4
f 6552/1/4 6535/1/4 6561/1/4
f 6551/1/4 6552/1/4 6561/1/4
f 6561/1/4 6535/1/4 6562/1/4
f 6553/13/4 6554/13/4 6563/13/4
f 6554/1/4 6538/1/4 6564/1/4
f 6563/13/4 6554/13/4 6564/13/4
f 6564/1/4 6538/1/4 6565/1/4
f 6539/5/4 6540/5/4 6566/5/4
f 6540/1/4 6541/1/4 6567/1/4
f 6566/5/4 6540/5/4 6567/5/4
f 6567/1/4 6541/1/4 6568/1/4
f 6544/5/4 6555/5/4 6569/5/4
f 6569/5/4 6555/5/4 6570/5/4
f 6556/14/4 6557/14/4 6571/14/4
f 6571/14/4 6557/14/4 6572/14/4
f 6559/1/4 6560/1/4 6573/1/4
f 6558/1/4 6559/1/4 6573/1/4
f 6573/1/4 6560/1/4 6574/1/4
f 6551/1/4 6561/1/4 6575/1/4
f 6561/5/4 6562/5/4 6576/5/4
f 6575/1/4 6561/1/4 6576/1/4
f 6563/1/4 6564/1/4 6577/1/4
f 6564/5/4 6565/5/4 6578/5/4
f 6577/1/4 6564/1/4 6578/1/4
f 6578/5/4 6565/5/4 6579/5/4
f 6566/1/4 6567/1/4 6580/1/4
f 6567/5/4 6568/5/4 6581/5/4
f 6580/1/4 6567/1/4 6581/1/4
f 6581/5/4 6568/5/4 6582/5/4
f 6569/1/4 6570/1/4 6583/1/4
f 6571/16/4 6572/16/4 6584/16/4
f 6584/16/4 6572/16/4 6585/16/4
f 6573/14/4 6574/14/4 6586/14/4
f 6574/1/4 6560/1/4 6587/1/4
f 6586/14/4 6574/14/4 6587/14/4
f 6575/13/4 6576/13/4 6588/13/4
f 6576/5/4 6562/5/4 6589/5/4
f 6588/13/4 6576/13/4 6589/13/4
f 6589/5/4 6562/5/4 6590/5/4
f 6578/1/4 6579/1/4 6591/1/4
f 6577/5/4 6578/5/4 6591/5/4
f 6591/1/4 6579/1/4 6592/1/4
f 6581/1/4 6582/1/4 6593/1/4
f 6580/5/4 6581/5/4 6593/5/4
f 6593/1/4 6582/1/4 6594/1/4
f 6524/5/4 6542/5/4 6595/5/4
f 6542/1/4 6543/1/4 6596/1/4
f 6595/5/4 6542/5/4 6596/5/4
f 6596/1/4 6543/1/4 6597/1/4
f 6569/1/4 6583/1/4 6598/1/4
f 6584/13/4 6585/13/4 6599/13/4
f 6599/13/4 6585/13/4 6600/13/4
f 6586/5/4 6587/5/4 6601/5/4
f 6587/1/4 6560/1/4 6602/1/4
f 6601/5/4 6587/5/4 6602/5/4
f 6602/1/4 6560/1/4 6603/1/4
f 6588/14/4 6589/14/4 6604/14/4
f 6589/1/4 6590/1/4 6605/1/4
f 6604/14/4 6589/14/4 6605/14/4
f 6605/1/4 6590/1/4 6606/1/4
f 6593/5/4 6594/5/4 6607/5/4
f 6580/5/4 6593/5/4 6607/5/4
f 6607/5/4 6594/5/4 6608/5/4
f 6595/1/4 6596/1/4 6609/1/4
f 6596/5/4 6597/5/4 6610/5/4
f 6609/1/4 6596/1/4 6610/1/4
f 6569/1/4 6598/1/4 6611/1/4
f 6611/1/4 6598/1/4 6612/1/4
f 6599/16/4 6600/16/4 6613/16/4
f 6613/16/4 6600/16/4 6614/16/4
f 6605/5/4 6606/5/4 6615/5/4
f 6604/5/4 6605/5/4 6615/5/4
f 6615/5/4 6606/5/4 6616/5/4
f 6591/5/4 6592/5/4 6617/5/4
f 6577/5/4 6591/5/4 6617/5/4
f 6617/5/4 6592/5/4 6618/5/4
f 6609/5/4 6610/5/4 6619/5/4
f 6610/5/4 6597/5/4 6620/5/4
f 6619/5/4 6610/5/4 6620/5/4
f 6611/5/4 6612/5/4 6621/5/4
f 6613/15/4 6614/15/4 6622/15/4
f 6577/5/4 6617/5/4 6623/5/4
f 6617/1/4 6618/1/4 6624/1/4
f 6623/5/4 6617/5/4 6624/5/4
f 6624/1/4 6618/1/4 6625/1/4
f 6611/5/4 6621/5/4 6626/5/4
f 6622/15/4 6614/15/4 6627/15/4
f 6627/15/4 6614/15/4 6628/15/4
f 6615/1/4 6616/1/4 6629/1/4
f 6604/5/4 6615/5/4 6629/5/4
f 6629/1/4 6616/1/4 6630/1/4
f 6607/1/4 6608/1/4 6631/1/4
f 6608/5/4 6594/5/4 6632/5/4
f 6631/1/4 6608/1/4 6632/1/4
f 6619/1/4 6620/1/4 6633/1/4
f 6620/5/4 6597/5/4 6634/5/4
f 6633/1/4 6620/1/4 6634/1/4
f 6634/5/4 6597/5/4 6635/5/4
f 6611/5/4 6626/5/4 6636/5/4
f 6627/13/4 6628/13/4 6637/13/4
f 6629/5/4 6630/5/4 6638/5/4
f 6604/5/4 6629/5/4 6638/5/4
f 6638/5/4 6630/5/4 6639/5/4
f 6632/5/4 6594/5/4 6640/5/4
f 6631/5/4 6632/5/4 6640/5/4
f 6640/5/4 6594/5/4 6641/5/4
f 6611/5/4 6636/5/4 6642/5/4
f 6637/13/4 6628/13/4 6643/13/4
f 6643/13/4 6628/13/4 6644/13/4
f 6601/1/4 6602/1/4 6645/1/4
f 6602/5/4 6603/5/4 6646/5/4
f 6645/1/4 6602/1/4 6646/1/4
f 6646/5/4 6603/5/4 6647/5/4
f 6623/1/4 6624/1/4 6648/1/4
f 6624/5/4 6625/5/4 6649/5/4
f 6648/1/4 6624/1/4 6649/1/4
f 6649/5/4 6625/5/4 6650/5/4
f 6633/5/4 6634/5/4 6651/5/4
f 6634/1/4 6635/1/4 6652/1/4
f 6651/5/4 6634/5/4 6652/5/4
f 6652/1/4 6635/1/4 6653/1/4
f 6611/5/4 6642/5/4 6654/5/4
f 6643/15/4 6644/15/4 6655/15/4
f 6655/15/4 6644/15/4 6656/15/4
f 6646/1/4 6647/1/4 6657/1/4
f 6645/5/4 6646/5/4 6657/5/4
f 6657/1/4 6647/1/4 6658/1/4
f 6638/1/4 6639/1/4 6659/1/4
f 6639/5/4 6630/5/4 6660/5/4
f 6659/1/4 6639/1/4 6660/1/4
f 6660/5/4 6630/5/4 6661/5/4
f 6611/5/4 6654/5/4 6662/5/4
f 6655/16/4 6656/16/4 6663/16/4
f 6663/16/4 6656/16/4 6664/16/4
f 6657/5/4 6658/5/4 6665/5/4
f 6645/5/4 6657/5/4 6665/5/4
f 6665/5/4 6658/5/4 6666/5/4
f 6640/1/4 6641/1/4 6667/1/4
f 6631/5/4 6640/5/4 6667/5/4
f 6667/1/4 6641/1/4 6668/1/4
f 6652/5/4 6653/5/4 6669/5/4
f 6651/1/4 6652/1/4 6669/1/4
f 6669/5/4 6653/5/4 6670/5/4
f 6645/5/4 6665/5/4 6671/5/4
f 6665/1/4 6666/1/4 6672/1/4
f 6671/5/4 6665/5/4 6672/5/4
f 6672/1/4 6666/1/4 6673/1/4
f 6648/5/4 6649/5/4 6674/5/4
f 6649/1/4 6650/1/4 6675/1/4
f 6674/5/4 6649/5/4 6675/5/4
f 6675/1/4 6650/1/4 6676/1/4
f 6667/5/4 6668/5/4 6677/5/4
f 6631/5/4 6667/5/4 6677/5/4
f 6677/5/4 6668/5/4 6678/5/4
f 6651/1/4 6669/1/4 6679/1/4
f 6679/1/4 6669/1/4 6680/1/4
f 6611/5/4 6662/5/4 6681/5/4
f 6663/15/4 6664/15/4 6682/15/4
f 6674/1/4 6675/1/4 6683/1/4
f 6675/5/4 6676/5/4 6684/5/4
f 6683/1/4 6675/1/4 6684/1/4
f 6631/5/4 6677/5/4 6685/5/4
f 6677/1/4 6678/1/4 6686/1/4
f 6685/5/4 6677/5/4 6686/5/4
f 6686/1/4 6678/1/4 6687/1/4
f 6682/15/4 6664/15/4 6688/15/4
f 6688/15/4 6664/15/4 6689/15/4
f 6671/1/4 6672/1/4 6690/1/4
f 6672/5/4 6673/5/4 6691/5/4
f 6690/1/4 6672/1/4 6691/1/4
f 6691/5/4 6673/5/4 6692/5/4
f 6660/1/4 6661/1/4 6693/1/4
f 6659/5/4 6660/5/4 6693/5/4
f 6693/1/4 6661/1/4 6694/1/4
f 6683/5/4 6684/5/4 6695/5/4
f 6684/5/4 6676/5/4 6696/5/4
f 6695/5/4 6684/5/4 6696/5/4
f 6611/5/4 6681/5/4 6697/5/4
f 6697/5/4 6681/5/4 6698/5/4
f 6688/14/4 6689/14/4 6699/14/4
f 6699/14/4 6689/14/4 6700/14/4
f 6691/1/4 6692/1/4 6701/1/4
f 6690/5/4 6691/5/4 6701/5/4
f 6701/1/4 6692/1/4 6702/1/4
f 6693/5/4 6694/5/4 6703/5/4
f 6659/5/4 6693/5/4 6703/5/4
f 6703/5/4 6694/5/4 6704/5/4
f 6704/5/4 6694/5/4 6705/5/4
f 6699/13/4 6700/13/4 6708/13/4
f 6708/13/4 6700/13/4 6709/13/4
f 6701/5/4 6702/5/4 6710/5/4
f 6690/5/4 6701/5/4 6710/5/4
f 6710/5/4 6702/5/4 6711/5/4
f 6685/1/4 6686/1/4 6712/1/4
f 6686/5/4 6687/5/4 6713/5/4
f 6712/1/4 6686/1/4 6713/1/4
f 6713/5/4 6687/5/4 6714/5/4
f 6679/5/4 6680/5/4 6715/5/4
f 6715/5/4 6680/5/4 6716/5/4
f 6706/5/4 6707/5/4 6717/5/4
f 6708/16/4 6709/16/4 6718/16/4
f 6718/16/4 6709/16/4 6719/16/4
f 6703/1/4 6704/1/4 6720/1/4
f 6720/1/4 6704/1/4 6721/1/4
f 6715/1/4 6716/1/4 6723/1/4
f 6706/5/4 6717/5/4 6725/5/4
f 6718/15/4 6719/15/4 6726/15/4
f 6726/15/4 6719/15/4 6727/15/4
f 6721/5/4 6722/5/4 6728/5/4
f 6720/5/4 6721/5/4 6728/5/4
f 6728/5/4 6722/5/4 6729/5/4
f 6695/1/4 6696/1/4 6730/1/4
f 6696/5/4 6676/5/4 6731/5/4
f 6730/1/4 6696/1/4 6731/1/4
f 6731/5/4 6676/5/4 6732/5/4
f 6715/1/4 6723/1/4 6733/1/4
f 6723/5/4 6724/5/4 6734/5/4
f 6733/1/4 6723/1/4 6734/1/4
f 6726/16/4 6727/16/4 6735/16/4
f 6735/16/4 6727/16/4 6736/16/4
f 6731/1/4 6732/1/4 6737/1/4
f 6730/5/4 6731/5/4 6737/5/4
f 6737/1/4 6732/1/4 6738/1/4
f 6713/1/4 6714/1/4 6739/1/4
f 6712/5/4 6713/5/4 6739/5/4
f 6739/1/4 6714/1/4 6740/1/4
f 6735/15/4 6736/15/4 6741/15/4
f 6741/15/4 6736/15/4 6742/15/4
f 6711/5/4 6702/5/4 6743/5/4
f 6710/1/4 6711/1/4 6743/1/4
f 6743/5/4 6702/5/4 6744/5/4
f 6737/5/4 6738/5/4 6745/5/4
f 6730/5/4 6737/5/4 6745/5/4
f 6745/5/4 6738/5/4 6746/5/4
f 6739/5/4 6740/5/4 6747/5/4
f 6712/5/4 6739/5/4 6747/5/4
f 6747/5/4 6740/5/4 6748/5/4
f 6733/5/4 6734/5/4 6749/5/4
f 6734/5/4 6724/5/4 6750/5/4
f 6749/5/4 6734/5/4 6750/5/4
f 6706/5/4 6725/5/4 6751/5/4
f 6741/14/4 6742/14/4 6752/14/4
f 6743/14/4 6744/14/4 6753/14/4
f 6710/1/4 6743/1/4 6753/1/4
f 6753/14/4 6744/14/4 6754/14/4
f 6720/5/4 6728/5/4 6755/5/4
f 6728/1/4 6729/1/4 6756/1/4
f 6755/5/4 6728/5/4 6756/5/4
f 6706/5/4 6751/5/4 6757/5/4
f 6752/14/4 6742/14/4 6758/14/4
f 6758/14/4 6742/14/4 6759/14/4
f 6710/1/4 6753/1/4 6760/1/4
f 6753/5/4 6754/5/4 6761/5/4
f 6760/1/4 6753/1/4 6761/1/4
f 6761/5/4 6754/5/4 6762/5/4
f 6755/14/4 6756/14/4 6763/14/4
f 6756/1/4 6729/1/4 6764/1/4
f 6763/14/4 6756/14/4 6764/14/4
f 6764/1/4 6729/1/4 6765/1/4
f 6706/5/4 6757/5/4 6766/5/4
f 6766/5/4 6757/5/4 6767/5/4
f 6758/16/4 6759/16/4 6768/16/4
f 6768/16/4 6759/16/4 6769/16/4
f 6761/1/4 6762/1/4 6770/1/4
f 6760/14/4 6761/14/4 6770/14/4
f 6770/1/4 6762/1/4 6771/1/4
f 6712/5/4 6747/5/4 6772/5/4
f 6747/1/4 6748/1/4 6773/1/4
f 6772/5/4 6747/5/4 6773/5/4
f 6773/1/4 6748/1/4 6774/1/4
f 6766/1/4 6767/1/4 6775/1/4
f 6768/14/4 6769/14/4 6776/14/4
f 6776/14/4 6769/14/4 6777/14/4
f 6760/14/4 6770/14/4 6778/14/4
f 6770/5/4 6771/5/4 6779/5/4
f 6778/14/4 6770/14/4 6779/14/4
f 6779/5/4 6771/5/4 6780/5/4
f 6772/1/4 6773/1/4 6781/1/4
f 6773/5/4 6774/5/4 6782/5/4
f 6781/1/4 6773/1/4 6782/1/4
f 6782/5/4 6774/5/4 6783/5/4
f 6749/1/4 6750/1/4 6784/1/4
f 6750/5/4 6724/5/4 6785/5/4
f 6784/1/4 6750/1/4 6785/1/4
f 6766/1/4 6775/1/4 6786/1/4
f 6786/1/4 6775/1/4 6787/1/4
f 6776/13/4 6777/13/4 6788/13/4
f 6788/13/4 6777/13/4 6789/13/4
f 6778/5/4 6779/5/4 6790/5/4
f 6779/1/4 6780/1/4 6791/1/4
f 6790/5/4 6779/5/4 6791/5/4
f 6791/1/4 6780/1/4 6792/1/4
f 6763/1/4 6764/1/4 6793/1/4
f 6764/5/4 6765/5/4 6794/5/4
f 6793/1/4 6764/1/4 6794/1/4
f 6794/5/4 6765/5/4 6795/5/4
f 6730/5/4 6745/5/4 6796/5/4
f 6745/1/4 6746/1/4 6797/1/4
f 6796/5/4 6745/5/4 6797/5/4
f 6797/1/4 6746/1/4 6798/1/4
f 6782/1/4 6783/1/4 6799/1/4
f 6781/5/4 6782/5/4 6799/5/4
f 6799/1/4 6783/1/4 6800/1/4
f 6785/5/4 6724/5/4 6801/5/4
f 6784/5/4 6785/5/4 6801/5/4
f 6801/5/4 6724/5/4 6802/5/4
f 6786/5/4 6787/5/4 6803/5/4
f 6788/15/4 6789/15/4 6804/15/4
f 6804/15/4 6789/15/4 6805/15/4
f 6790/1/4 6791/1/4 6806/1/4
f 6791/14/4 6792/14/4 6807/14/4
f 6806/1/4 6791/1/4 6807/1/4
f 6807/14/4 6792/14/4 6808/14/4
f 6793/5/4 6794/5/4 6809/5/4
f 6794/1/4 6795/1/4 6810/1/4
f 6809/5/4 6794/5/4 6810/5/4
f 6810/1/4 6795/1/4 6811/1/4
f 6796/1/4 6797/1/4 6812/1/4
f 6797/5/4 6798/5/4 6813/5/4
f 6812/1/4 6797/1/4 6813/1/4
f 6813/5/4 6798/5/4 6814/5/4
f 6799/5/4 6800/5/4 6815/5/4
f 6781/5/4 6799/5/4 6815/5/4
f 6815/5/4 6800/5/4 6816/5/4
f 6816/5/4 6800/5/4 6817/5/4
f 6784/5/4 6801/5/4 6818/5/4
f 6801/1/4 6802/1/4 6819/1/4
f 6818/5/4 6801/5/4 6819/5/4
f 6819/1/4 6802/1/4 6820/1/4
f 6786/5/4 6803/5/4 6821/5/4
f 6821/5/4 6803/5/4 6822/5/4
f 6804/16/4 6805/16/4 6823/16/4
f 6823/16/4 6805/16/4 6824/16/4
f 6823/15/4 6824/15/4 6825/15/4
f 6825/15/4 6824/15/4 6826/15/4
f 6825/14/4 6826/14/4 6844/14/4
f 6844/14/4 6826/14/4 6845/14/4
f 6827/9/4 6828/9/4 6846/9/4
f 6828/13/4 6829/13/4 6847/13/4
f 6846/9/4 6828/9/4 6847/9/4
f 6847/13/4 6829/13/4 6848/13/4
f 6830/7/4 6831/7/4 6849/7/4
f 6831/9/4 6832/9/4 6850/9/4
f 6849/7/4 6831/7/4 6850/7/4
f 6850/9/4 6832/9/4 6851/9/4
f 6833/14/4 6834/14/4 6852/14/4
f 6834/7/4 6835/7/4 6853/7/4
f 6852/14/4 6834/14/4 6853/14/4
f 6853/7/4 6835/7/4 6854/7/4
f 6836/9/4 6837/9/4 6855/9/4
f 6837/7/4 6838/7/4 6856/7/4
f 6855/9/4 6837/9/4 6856/9/4
f 6856/7/4 6838/7/4 6857/7/4
f 6839/9/4 6840/9/4 6858/9/4
f 6840/7/4 6841/7/4 6859/7/4
f 6858/9/4 6840/9/4 6859/9/4
f 6859/7/4 6841/7/4 6860/7/4
f 6842/9/4 6843/9/4 6861/9/4
f 6843/14/4 6844/14/4 6862/14/4
f 6861/9/4 6843/9/4 6862/9/4
f 6862/14/4 6844/14/4 6863/14/4
f 6864/9/4 6865/9/4 6882/9/4
f 6865/7/4 6866/7/4 6883/7/4
f 6882/9/4 6865/9/4 6883/9/4
f 6883/7/4 6866/7/4 6884/7/4
f 6867/9/4 6868/9/4 6885/9/4
f 6868/7/4 6869/7/4 6886/7/4
f 6885/9/4 6868/9/4 6886/9/4
f 6886/7/4 6869/7/4 6887/7/4
f 6870/9/4 6871/9/4 6888/9/4
f 6871/7/4 6872/7/4 6889/7/4
f 6888/9/4 6871/9/4 6889/9/4
f 6889/7/4 6872/7/4 6890/7/4
f 6873/7/4 6874/7/4 6891/7/4
f 6874/13/4 6875/13/4 6892/13/4
f 6891/7/4 6874/7/4 6892/7/4
f 6892/13/4 6875/13/4 6893/13/4
f 6876/7/4 6877/7/4 6894/7/4
f 6877/9/4 6878/9/4 6895/9/4
f 6894/7/4 6877/7/4 6895/7/4
f 6895/9/4 6878/9/4 6896/9/4
f 6879/7/4 6880/7/4 6897/7/4
f 6880/15/4 6881/15/4 6898/15/4
f 6897/7/4 6880/7/4 6898/7/4
f 6898/15/4 6881/15/4 6899/15/4
f 6882/7/4 6883/7/4 6900/7/4
f 6883/9/4 6884/9/4 6901/9/4
f 6900/7/4 6883/7/4 6901/7/4
f 6901/9/4 6884/9/4 6902/9/4
f 6885/7/4 6886/7/4 6903/7/4
f 6886/9/4 6887/9/4 6904/9/4
f 6903/7/4 6886/7/4 6904/7/4
f 6904/9/4 6887/9/4 6905/9/4
f 6888/7/4 6889/7/4 6906/7/4
f 6889/9/4 6890/9/4 6907/9/4
f 6906/7/4 6889/7/4 6907/7/4
f 6907/9/4 6890/9/4 6908/9/4
f 6891/9/4 6892/9/4 6909/9/4
f 6892/7/4 6893/7/4 6910/7/4
f 6909/9/4 6892/9/4 6910/9/4
f 6910/7/4 6893/7/4 6911/7/4
f 6894/9/4 6895/9/4 6912/9/4
f 6895/7/4 6896/7/4 6913/7/4
f 6912/9/4 6895/9/4 6913/9/4
f 6913/7/4 6896/7/4 6914/7/4
f 6897/9/4 6898/9/4 6915/9/4
f 6898/16/4 6899/16/4 6916/16/4
f 6915/9/4 6898/9/4 6916/9/4
f 6916/16/4 6899/16/4 6917/16/4
f 6916/13/4 6917/13/4 6918/13/4
f 6918/13/4 6917/13/4 6919/13/4
f 6918/14/4 6919/14/4 6920/14/4
f 6920/14/4 6919/14/4 6921/14/4
f 6920/16/4 6921/16/4 6922/16/4
f 6922/16/4 6921/16/4 6923/16/4
f 6922/14/4 6923/14/4 6924/14/4
f 6924/14/4 6923/14/4 6925/14/4
f 6924/16/4 6925/16/4 6926/16/4
f 6926/16/4 6925/16/4 6927/16/4
f 6926/15/4 6927/15/4 6928/15/4
f 6928/15/4 6927/15/4 6929/15/4
f 6928/13/4 6929/13/4 6930/13/4
f 6930/13/4 6929/13/4 6931/13/4
f 6930/15/4 6931/15/4 6932/15/4
f 6932/15/4 6931/15/4 6933/15/4
f 6932/16/4 6933/16/4 6934/16/4
f 6934/16/4 6933/16/4 6935/16/4
f 6934/14/4 6935/14/4 6936/14/4
f 6936/14/4 6935/14/4 6937/14/4
f 6936/15/4 6937/15/4 6938/15/4
f 6938/15/4 6937/15/4 6939/15/4
f 6938/14/4 6939/14/4 6940/14/4
f 6940/14/4 6939/14/4 6941/14/4
f 6940/15/4 6941/15/4 6942/15/4
f 6942/15/4 6941/15/4 6943/15/4
f 6942/16/4 6943/16/4 6944/16/4
f 6944/16/4 6943/16/4 6945/16/4
f 6944/15/4 6945/15/4 6946/15/4
f 6946/15/4 6945/15/4 6947/15/4
f 6946/14/4 6947/14/4 6948/14/4
f 6948/14/4 6947/14/4 6949/14/4
f 6948/13/4 6949/13/4 6950/13/4
f 6950/13/4 6949/13/4 6951/13/4
f 6950/15/4 6951/15/4 6952/15/4
f 6952/15/4 6951/15/4 6953/15/4
f 6952/16/4 6953/16/4 6954/16/4
f 6954/16/4 6953/16/4 6955/16/4
f 6954/13/4 6955/13/4 6956/13/4
f 6956/13/4 6955/13/4 6957/13/4
f 6956/16/4 6957/16/4 6958/16/4
f 6958/16/4 6957/16/4 6959/16/4
f 6958/14/4 6959/14/4 6960/14/4
f 6960/14/4 6959/14/4 6961/14/4
f 6960/15/4 6961/15/4 6978/15/4
f 6962/9/4 6963/9/4 6979/9/4
f 6963/7/4 6964/7/4 6980/7/4
f 6979/9/4 6963/9/4 6980/9/4
f 6980/7/4 6964/7/4 6981/7/4
f 6965/9/4 6966/9/4 6982/9/4
f 6966/7/4 6967/7/4 6983/7/4
f 6982/9/4 6966/9/4 6983/9/4
f 6983/7/4 6967/7/4 6984/7/4
f 6968/7/4 6969/7/4 6985/7/4
f 6969/9/4 6970/9/4 6986/9/4
f 6985/7/4 6969/7/4 6986/7/4
f 6986/9/4 6970/9/4 6987/9/4
f 6971/9/4 6972/9/4 6988/9/4
f 6972/7/4 6973/7/4 6989/7/4
f 6988/9/4 6972/9/4 6989/9/4
f 6989/7/4 6973/7/4 6990/7/4
f 6974/7/4 6975/7/4 6991/7/4
f 6975/9/4 6976/9/4 6992/9/4
f 6991/7/4 6975/7/4 6992/7/4
f 6992/9/4 6976/9/4 6993/9/4
f 6977/7/4 6978/7/4 6994/7/4
f 6978/15/4 6961/15/4 6995/15/4
f 6994/7/4 6978/7/4 6995/7/4
f 6995/15/4 6961/15/4 6996/15/4
f 6979/13/4 6980/13/4 6997/13/4
f 6980/9/4 6981/9/4 6998/9/4
f 6997/13/4 6980/13/4 6998/13/4
f 6998/9/4 6981/9/4 6999/9/4
f 6982/14/4 6983/14/4 7000/14/4
f 6983/9/4 6984/9/4 7001/9/4
f 7000/14/4 6983/14/4 7001/14/4
f 7001/9/4 6984/9/4 7002/9/4
f 6985/9/4 6986/9/4 7003/9/4
f 6986/7/4 6987/7/4 7004/7/4
f 7003/9/4 6986/9/4 7004/9/4
f 7004/7/4 6987/7/4 7005/7/4
f 6988/7/4 6989/7/4 7006/7/4
f 6989/14/4 6990/14/4 7007/14/4
f 7006/7/4 6989/7/4 7007/7/4
f 7007/14/4 6990/14/4 7008/14/4
f 6991/9/4 6992/9/4 7009/9/4
f 6992/7/4 6993/7/4 7010/7/4
f 7009/9/4 6992/9/4 7010/9/4
f 7010/7/4 6993/7/4 7011/7/4
f 6994/9/4 6995/9/4 7012/9/4
f 6995/16/4 6996/16/4 7013/16/4
f 7012/9/4 6995/9/4 7013/9/4
f 7013/16/4 6996/16/4 7014/16/4
f 7027/14/5 7016/14/5 7015/14/5
f 7028/6/5 7017/6/5 7016/6/5
f 7028/14/5 7016/14/5 7027/14/5
f 7029/14/5 7018/14/5 7017/14/5
f 7029/6/5 7017/6/5 7028/6/5
f 7030/6/5 7019/6/5 7018/6/5
f 7030/14/5 7018/14/5 7029/14/5
f 7031/14/5 7020/14/5 7019/14/5
f 7031/6/5 7019/6/5 7030/6/5
f 7032/6/5 7021/6/5 7020/6/5
f 7032/14/5 7020/14/5 7031/14/5
f 7033/14/5 7022/14/5 7021/14/5
f 7033/6/5 7021/6/5 7032/6/5
f 7034/13/5 7023/13/5 7022/13/5
f 7034/14/5 7022/14/5 7033/14/5
f 7035/6/5 7024/6/5 7023/6/5
f 7035/13/5 7023/13/5 7034/13/5
f 7036/1/5 7025/1/5 7024/1/5
f 7036/6/5 7024/6/5 7035/6/5
f 7037/14/5 7026/14/5 7025/14/5
f 7037/1/5 7025/1/5 7036/1/5
f 7038/14/5 7026/14/5 7037/14/5
f 7039/14/5 7026/14/5 7038/14/5
f 7040/6/5 7028/6/5 7027/6/5
f 7041/5/5 7036/5/5 7035/5/5
f 7041/6/5 7028/6/5 7040/6/5
f 7041/5/5 7029/5/5 7028/5/5
f 7041/5/5 7030/5/5 7029/5/5
f 7041/5/5 7038/5/5 7037/5/5
f 7041/5/5 7037/5/5 7036/5/5
f 7041/5/5 7035/5/5 7034/5/5
f 7041/5/5 7034/5/5 7033/5/5
f 7041/5/5 7033/5/5 7032/5/5
f 7041/5/5 7032/5/5 7031/5/5
f 7041/5/5 7031/5/5 7030/5/5
f 7042/5/5 7038/5/5 7041/5/5
f 7043/13/5 7039/13/5 7038/13/5
f 7043/5/5 7038/5/5 7042/5/5
f 7044/13/5 7039/13/5 7043/13/5
f 7045/14/5 7041/14/5 7040/14/5
f 7046/5/5 7042/5/5 7041/5/5
f 7046/14/5 7041/14/5 7045/14/5
f 7047/1/5 7043/1/5 7042/1/5
f 7047/5/5 7042/5/5 7046/5/5
f 7048/1/5 7043/1/5 7047/1/5
f 7050/6/5 7046/6/5 7045/6/5
f 7051/5/5 7047/5/5 7046/5/5
f 7051/6/5 7046/6/5 7050/6/5
f 7051/5/5 7048/5/5 7047/5/5
f 7052/14/5 7049/14/5 7048/14/5
f 7052/5/5 7048/5/5 7051/5/5
f 7053/14/5 7049/14/5 7052/14/5
f 7054/14/5 7051/14/5 7050/14/5
f 7055/5/5 7052/5/5 7051/5/5
f 7055/14/5 7051/14/5 7054/14/5
f 7056/6/5 7055/6/5 7054/6/5
f 7057/5/5 7052/5/5 7055/5/5
f 7057/6/5 7055/6/5 7056/6/5
f 7058/14/5 7057/14/5 7056/14/5
f 7059/5/5 7052/5/5 7057/5/5
f 7059/14/5 7057/14/5 7058/14/5
f 7060/6/5 7053/6/5 7052/6/5
f 7060/5/5 7052/5/5 7059/5/5
f 7061/6/5 7053/6/5 7060/6/5
f 7062/6/5 7059/6/5 7058/6/5
f 7063/5/5 7060/5/5 7059/5/5
f 7063/6/5 7059/6/5 7062/6/5
f 7064/1/5 7063/1/5 7062/1/5
f 7065/5/5 7060/5/5 7063/5/5
f 7065/1/5 7063/1/5 7064/1/5
f 7066/14/5 7061/14/5 7060/14/5
f 7066/5/5 7060/5/5 7065/5/5
f 7067/14/5 7061/14/5 7066/14/5
f 7068/6/5 7065/6/5 7064/6/5
f 7069/5/5 7066/5/5 7065/5/5
f 7069/6/5 7065/6/5 7068/6/5
f 7070/6/5 7067/6/5 7066/6/5
f 7070/5/5 7066/5/5 7069/5/5
f 7071/6/5 7067/6/5 7070/6/5
f 7072/8/5 7069/8/5 7068/8/5
f 7073/5/5 7070/5/5 7069/5/5
f 7073/8/5 7069/8/5 7072/8/5
f 7074/14/5 7071/14/5 7070/14/5
f 7074/5/5 7070/5/5 7073/5/5
f 7075/14/5 7071/14/5 7074/14/5
f 7076/2/5 7073/2/5 7072/2/5
f 7077/5/5 7074/5/5 7073/5/5
f 7077/2/5 7073/2/5 7076/2/5
f 7077/5/5 7075/5/5 7074/5/5
f 7078/5/5 7075/5/5 7077/5/5
f 7079/5/5 7075/5/5 7078/5/5
f 7080/5/5 7075/5/5 7079/5/5
f 7081/8/5 7078/8/5 7077/8/5
f 7082/5/5 7079/5/5 7078/5/5
f 7082/8/5 7078/8/5 7081/8/5
f 7084/2/5 7082/2/5 7081/2/5
f 7085/5/5 7079/5/5 7082/5/5
f 7085/2/5 7082/2/5 7084/2/5
f 7086/5/5 7079/5/5 7085/5/5
f 7088/8/5 7084/8/5 7083/8/5
f 7089/5/5 7085/5/5 7084/5/5
f 7089/8/5 7084/8/5 7088/8/5
f 7089/5/5 7086/5/5 7085/5/5
f 7090/14/5 7087/14/5 7086/14/5
f 7090/5/5 7086/5/5 7089/5/5
f 7091/14/5 7087/14/5 7090/14/5
f 7092/14/5 7089/14/5 7088/14/5
f 7093/5/5 7090/5/5 7089/5/5
f 7093/14/5 7089/14/5 7092/14/5
f 7093/5/5 7091/5/5 7090/5/5
f 7094/5/5 7091/5/5 7093/5/5
f 7095/5/5 7091/5/5 7094/5/5
f 7096/6/5 7093/6/5 7092/6/5
f 7097/5/5 7094/5/5 7093/5/5
f 7097/6/5 7093/6/5 7096/6/5
f 7098/6/5 7095/6/5 7094/6/5
f 7098/5/5 7094/5/5 7097/5/5
f 7099/6/5 7095/6/5 7098/6/5
f 7100/5/5 7098/5/5 7097/5/5
f 7100/1/5 7099/1/5 7098/1/5
f 7101/1/5 7099/1/5 7100/1/5
f 7102/14/5 7097/14/5 7096/14/5
f 7103/5/5 7100/5/5 7097/5/5
f 7103/14/5 7097/14/5 7102/14/5
f 7104/6/5 7101/6/5 7100/6/5
f 7104/5/5 7100/5/5 7103/5/5
f 7105/6/5 7101/6/5 7104/6/5
f 7106/5/5 7104/5/5 7103/5/5
f 7106/14/5 7105/14/5 7104/14/5
f 7107/14/5 7105/14/5 7106/14/5
f 7108/5/5 7106/5/5 7103/5/5
f 7108/6/5 7107/6/5 7106/6/5
f 7109/6/5 7107/6/5 7108/6/5
f 7110/6/5 7103/6/5 7102/6/5
f 7111/5/5 7108/5/5 7103/5/5
f 7111/6/5 7103/6/5 7110/6/5
f 7112/14/5 7109/14/5 7108/14/5
f 7112/5/5 7108/5/5 7111/5/5
f 7113/14/5 7109/14/5 7112/14/5
f 7114/14/5 7111/14/5 7110/14/5
f 7115/5/5 7112/5/5 7111/5/5
f 7115/14/5 7111/14/5 7114/14/5
f 7116/6/5 7113/6/5 7112/6/5
f 7116/5/5 7112/5/5 7115/5/5
f 7117/6/5 7113/6/5 7116/6/5
f 7118/6/5 7115/6/5 7114/6/5
f 7119/5/5 7116/5/5 7115/5/5
f 7119/6/5 7115/6/5 7118/6/5
f 7120/14/5 7117/14/5 7116/14/5
f 7120/5/5 7116/5/5 7119/5/5
f 7121/14/5 7117/14/5 7120/14/5
f 7122/13/5 7119/13/5 7118/13/5
f 7123/5/5 7120/5/5 7119/5/5
f 7123/13/5 7119/13/5 7122/13/5
f 7124/5/5 7120/5/5 7123/5/5
f 7125/5/5 7120/5/5 7124/5/5
f 7126/5/5 7120/5/5 7125/5/5
f 7127/5/5 7120/5/5 7126/5/5
f 7128/5/5 7120/5/5 7127/5/5
f 7129/5/5 7120/5/5 7128/5/5
f 7130/5/5 7120/5/5 7129/5/5
f 7131/5/5 7120/5/5 7130/5/5
f 7132/5/5 7120/5/5 7131/5/5
f 7133/5/5 7120/5/5 7132/5/5
f 7134/5/5 7120/5/5 7133/5/5
f 7135/6/5 7121/6/5 7120/6/5
f 7135/5/5 7120/5/5 7134/5/5
f 7136/6/5 7121/6/5 7135/6/5
f 7137/14/5 7123/14/5 7122/14/5
f 7137/14/5 7124/14/5 7123/14/5
f 7138/1/5 7125/1/5 7124/1/5
f 7138/14/5 7124/14/5 7137/14/5
f 7139/6/5 7126/6/5 7125/6/5
f 7139/1/5 7125/1/5 7138/1/5
f 7140/13/5 7127/13/5 7126/13/5
f 7140/6/5 7126/6/5 7139/6/5
f 7141/14/5 7128/14/5 7127/14/5
f 7141/13/5 7127/13/5 7140/13/5
f 7142/6/5 7129/6/5 7128/6/5
f 7142/14/5 7128/14/5 7141/14/5
f 7143/1/5 7130/1/5 7129/1/5
f 7143/6/5 7129/6/5 7142/6/5
f 7144/6/5 7131/6/5 7130/6/5
f 7144/1/5 7130/1/5 7143/1/5
f 7145/14/5 7132/14/5 7131/14/5
f 7145/6/5 7131/6/5 7144/6/5
f 7146/6/5 7133/6/5 7132/6/5
f 7146/14/5 7132/14/5 7145/14/5
f 7147/14/5 7134/14/5 7133/14/5
f 7147/6/5 7133/6/5 7146/6/5
f 7148/6/5 7135/6/5 7134/6/5
f 7148/14/5 7134/14/5 7147/14/5
f 7149/14/5 7136/14/5 7135/14/5
f 7149/6/5 7135/6/5 7148/6/5
f 7150/14/5 7136/14/5 7149/14/5
f 7158/13/5 7152/13/5 7151/13/5
f 7159/9/5 7153/9/5 7152/9/5
f 7159/13/5 7152/13/5 7158/13/5
f 7160/9/5 7153/9/5 7159/9/5
f 7174/7/5 7155/7/5 7154/7/5
f 7175/9/5 7156/9/5 7155/9/5
f 7175/7/5 7155/7/5 7174/7/5
f 7176/9/5 7156/9/5 7175/9/5
f 7178/9/5 7158/9/5 7157/9/5
f 7179/5/5 7159/5/5 7158/5/5
f 7179/9/5 7158/9/5 7178/9/5
f 7179/5/5 7160/5/5 7159/5/5
f 7180/5/5 7160/5/5 7179/5/5
f 7181/1/5 7161/1/5 7160/1/5
f 7181/5/5 7160/5/5 7180/5/5
f 7182/5/5 7162/5/5 7161/5/5
f 7182/1/5 7161/1/5 7181/1/5
f 7183/14/5 7163/14/5 7162/14/5
f 7183/5/5 7162/5/5 7182/5/5
f 7184/14/5 7163/14/5 7183/14/5
f 7185/1/5 7164/1/5 7163/1/5
f 7185/14/5 7163/14/5 7184/14/5
f 7186/1/5 7164/1/5 7185/1/5
f 7187/14/5 7165/14/5 7164/14/5
f 7187/1/5 7164/1/5 7186/1/5
f 7188/5/5 7166/5/5 7165/5/5
f 7188/14/5 7165/14/5 7187/14/5
f 7189/1/5 7167/1/5 7166/1/5
f 7189/5/5 7166/5/5 7188/5/5
f 7190/5/5 7168/5/5 7167/5/5
f 7190/1/5 7167/1/5 7189/1/5
f 7191/1/5 7169/1/5 7168/1/5
f 7191/5/5 7168/5/5 7190/5/5
f 7192/1/5 7169/1/5 7191/1/5
f 7193/14/5 7170/14/5 7169/14/5
f 7193/1/5 7169/1/5 7192/1/5
f 7194/1/5 7171/1/5 7170/1/5
f 7194/14/5 7170/14/5 7193/14/5
f 7195/13/5 7172/13/5 7171/13/5
f 7195/1/5 7171/1/5 7194/1/5
f 7196/14/5 7173/14/5 7172/14/5
f 7196/13/5 7172/13/5 7195/13/5
f 7197/5/5 7174/5/5 7173/5/5
f 7197/14/5 7173/14/5 7196/14/5
f 7197/5/5 7176/5/5 7175/5/5
f 7197/5/5 7175/5/5 7174/5/5
f 7198/5/5 7176/5/5 7197/5/5
f 7199/13/5 7177/13/5 7176/13/5
f 7199/5/5 7176/5/5 7198/5/5
f 7200/13/5 7177/13/5 7199/13/5
f 7201/7/5 7179/7/5 7178/7/5
f 7202/14/5 7180/14/5 7179/14/5
f 7202/7/5 7179/7/5 7201/7/5
f 7203/14/5 7180/14/5 7202/14/5
f 7204/14/5 7199/14/5 7198/14/5
f 7205/14/5 7199/14/5 7204/14/5
f 7206/1/5 7203/1/5 7202/1/5
f 7207/1/5 7206/1/5 7202/1/5
f 7208/1/5 7206/1/5 7207/1/5
f 7211/5/5 7208/5/5 7207/5/5
f 7212/13/5 7210/13/5 7209/13/5
f 7213/5/5 7211/5/5 7207/5/5
f 7214/5/5 7211/5/5 7213/5/5
f 7215/13/5 7210/13/5 7212/13/5
f 7216/13/5 7210/13/5 7215/13/5
f 7217/14/5 7214/14/5 7213/14/5
f 7218/14/5 7214/14/5 7217/14/5
f 7219/14/5 7216/14/5 7215/14/5
f 7220/14/5 7216/14/5 7219/14/5
f 7221/13/5 7218/13/5 7217/13/5
f 7222/13/5 7218/13/5 7221/13/5
f 7223/5/5 7222/5/5 7221/5/5
f 7224/5/5 7223/5/5 7221/5/5
f 7225/5/5 7223/5/5 7224/5/5
f 7226/1/5 7220/1/5 7219/1/5
f 7227/1/5 7220/1/5 7226/1/5
f 7228/1/5 7225/1/5 7224/1/5
f 7229/5/5 7227/5/5 7226/5/5
f 7230/5/5 7227/5/5 7229/5/5
f 7231/1/5 7228/1/5 7224/1/5
f 7232/1/5 7228/1/5 7231/1/5
f 7233/14/5 7230/14/5 7229/14/5
f 7234/14/5 7230/14/5 7233/14/5
f 7235/5/5 7232/5/5 7231/5/5
f 7236/5/5 7232/5/5 7235/5/5
f 7237/13/5 7234/13/5 7233/13/5
f 7238/13/5 7234/13/5 7237/13/5
f 7239/1/5 7238/1/5 7237/1/5
f 7243/1/5 7238/1/5 7239/1/5
f 7244/1/5 7238/1/5 7243/1/5
f 7245/2/5 7241/2/5 7240/2/5
f 7246/5/5 7243/5/5 7242/5/5
f 7246/5/5 7244/5/5 7243/5/5
f 7247/5/5 7244/5/5 7246/5/5
f 7248/2/5 7245/2/5 7240/2/5
f 7249/2/5 7245/2/5 7248/2/5
f 7250/5/5 7246/5/5 7242/5/5
f 7251/14/5 7247/14/5 7246/14/5
f 7251/5/5 7246/5/5 7250/5/5
f 7252/14/5 7247/14/5 7251/14/5
f 7255/5/5 7252/5/5 7251/5/5
f 7256/5/5 7252/5/5 7255/5/5
f 7257/5/5 7254/5/5 7253/5/5
f 7258/5/5 7254/5/5 7257/5/5
f 7259/1/5 7256/1/5 7255/1/5
f 7260/1/5 7256/1/5 7259/1/5
f 7261/13/5 7258/13/5 7257/13/5
f 7262/13/5 7258/13/5 7261/13/5
f 7263/5/5 7260/5/5 7259/5/5
f 7264/5/5 7260/5/5 7263/5/5
f 7265/14/5 7262/14/5 7261/14/5
f 7266/14/5 7262/14/5 7265/14/5
f 7267/1/5 7264/1/5 7263/1/5
f 7268/5/5 7266/5/5 7265/5/5
f 7269/5/5 7266/5/5 7268/5/5
f 7270/1/5 7264/1/5 7267/1/5
f 7271/1/5 7264/1/5 7270/1/5
f 7272/5/5 7271/5/5 7270/5/5
f 7273/1/5 7269/1/5 7268/1/5
f 7274/1/5 7269/1/5 7273/1/5
f 7275/5/5 7271/5/5 7272/5/5
f 7276/5/5 7271/5/5 7275/5/5
f 7277/5/5 7274/5/5 7273/5/5
f 7278/5/5 7274/5/5 7277/5/5
f 7279/13/5 7276/13/5 7275/13/5
f 7280/13/5 7276/13/5 7279/13/5
f 7281/14/5 7278/14/5 7277/14/5
f 7282/14/5 7278/14/5 7281/14/5
f 7283/14/5 7280/14/5 7279/14/5
f 7284/14/5 7280/14/5 7283/14/5
f 7285/13/5 7282/13/5 7281/13/5
f 7286/13/5 7282/13/5 7285/13/5
f 7287/5/5 7284/5/5 7283/5/5
f 7288/1/5 7286/1/5 7285/1/5
f 7289/1/5 7286/1/5 7288/1/5
f 7290/5/5 7284/5/5 7287/5/5
f 7291/5/5 7284/5/5 7290/5/5
f 7292/14/5 7289/14/5 7288/14/5
f 7293/14/5 7289/14/5 7292/14/5
f 7294/13/5 7291/13/5 7290/13/5
f 7295/13/5 7291/13/5 7294/13/5
f 7297/1/5 7293/1/5 7292/1/5
f 7298/1/5 7293/1/5 7297/1/5
f 7299/1/5 7295/1/5 7294/1/5
f 7300/1/5 7295/1/5 7299/1/5
f 7302/7/5 7297/7/5 7296/7/5
f 7303/14/5 7298/14/5 7297/14/5
f 7303/7/5 7297/7/5 7302/7/5
f 7304/14/5 7298/14/5 7303/14/5
f 7322/14/5 7300/14/5 7299/14/5
f 7323/7/5 7301/7/5 7300/7/5
f 7323/14/5 7300/14/5 7322/14/5
f 7324/7/5 7301/7/5 7323/7/5
f 7325/13/5 7303/13/5 7302/13/5
f 7326/5/5 7304/5/5 7303/5/5
f 7326/13/5 7303/13/5 7325/13/5
f 7326/5/5 7305/5/5 7304/5/5
f 7327/5/5 7305/5/5 7326/5/5
f 7328/5/5 7305/5/5 7327/5/5
f 7329/14/5 7306/14/5 7305/14/5
f 7329/5/5 7305/5/5 7328/5/5
f 7330/13/5 7307/13/5 7306/13/5
f 7330/14/5 7306/14/5 7329/14/5
f 7331/1/5 7308/1/5 7307/1/5
f 7331/13/5 7307/13/5 7330/13/5
f 7332/14/5 7309/14/5 7308/14/5
f 7332/1/5 7308/1/5 7331/1/5
f 7333/5/5 7310/5/5 7309/5/5
f 7333/14/5 7309/14/5 7332/14/5
f 7334/1/5 7311/1/5 7310/1/5
f 7334/5/5 7310/5/5 7333/5/5
f 7335/5/5 7312/5/5 7311/5/5
f 7335/1/5 7311/1/5 7334/1/5
f 7336/1/5 7313/1/5 7312/1/5
f 7336/5/5 7312/5/5 7335/5/5
f 7337/5/5 7314/5/5 7313/5/5
f 7337/1/5 7313/1/5 7336/1/5
f 7338/1/5 7315/1/5 7314/1/5
f 7338/5/5 7314/5/5 7337/5/5
f 7338/1/5 7316/1/5 7315/1/5
f 7338/1/5 7317/1/5 7316/1/5
f 7339/14/5 7318/14/5 7317/14/5
f 7339/1/5 7317/1/5 7338/1/5
f 7339/14/5 7319/14/5 7318/14/5
f 7340/5/5 7320/5/5 7319/5/5
f 7340/14/5 7319/14/5 7339/14/5
f 7341/1/5 7321/1/5 7320/1/5
f 7341/5/5 7320/5/5 7340/5/5
f 7342/5/5 7322/5/5 7321/5/5
f 7342/1/5 7321/1/5 7341/1/5
f 7342/5/5 7323/5/5 7322/5/5
f 7343/5/5 7323/5/5 7342/5/5
f 7344/9/5 7324/9/5 7323/9/5
f 7344/5/5 7323/5/5 7343/5/5
f 7345/9/5 7324/9/5 7344/9/5
f 7346/9/5 7327/9/5 7326/9/5
f 7347/7/5 7328/7/5 7327/7/5
f 7347/9/5 7327/9/5 7346/9/5
f 7348/7/5 7328/7/5 7347/7/5
f 7349/9/5 7343/9/5 7342/9/5
f 7350/13/5 7344/13/5 7343/13/5
f 7350/9/5 7343/9/5 7349/9/5
f 7351/13/5 7344/13/5 7350/13/5
f 7356/5/5 7353/5/5 7352/5/5
f 7356/5/5 7354/5/5 7353/5/5
f 7357/1/5 7355/1/5 7354/1/5
f 7357/5/5 7354/5/5 7356/5/5
f 7358/1/5 7355/1/5 7357/1/5
f 7361/5/5 7360/5/5 7359/5/5
f 7362/5/5 7360/5/5 7361/5/5
f 7370/14/5 7364/14/5 7363/14/5
f 7371/9/5 7365/9/5 7364/9/5
f 7371/14/5 7364/14/5 7370/14/5
f 7372/9/5 7365/9/5 7371/9/5
f 7386/7/5 7367/7/5 7366/7/5
f 7387/9/5 7368/9/5 7367/9/5
f 7387/7/5 7367/7/5 7386/7/5
f 7388/9/5 7368/9/5 7387/9/5
f 7390/7/5 7370/7/5 7369/7/5
f 7391/5/5 7371/5/5 7370/5/5
f 7391/7/5 7370/7/5 7390/7/5
f 7391/5/5 7372/5/5 7371/5/5
f 7391/5/5 7373/5/5 7372/5/5
f 7392/5/5 7373/5/5 7391/5/5
f 7393/1/5 7374/1/5 7373/1/5
f 7393/5/5 7373/5/5 7392/5/5
f 7394/1/5 7374/1/5 7393/1/5
f 7395/14/5 7375/14/5 7374/14/5
f 7395/1/5 7374/1/5 7394/1/5
f 7396/5/5 7376/5/5 7375/5/5
f 7396/14/5 7375/14/5 7395/14/5
f 7397/5/5 7376/5/5 7396/5/5
f 7398/1/5 7378/1/5 7377/1/5
f 7399/5/5 7379/5/5 7378/5/5
f 7399/1/5 7378/1/5 7398/1/5
f 7400/1/5 7380/1/5 7379/1/5
f 7400/5/5 7379/5/5 7399/5/5
f 7401/5/5 7381/5/5 7380/5/5
f 7401/1/5 7380/1/5 7400/1/5
f 7402/14/5 7382/14/5 7381/14/5
f 7402/5/5 7381/5/5 7401/5/5
f 7403/13/5 7383/13/5 7382/13/5
f 7403/14/5 7382/14/5 7402/14/5
f 7404/1/5 7384/1/5 7383/1/5
f 7404/13/5 7383/13/5 7403/13/5
f 7405/14/5 7385/14/5 7384/14/5
f 7405/1/5 7384/1/5 7404/1/5
f 7406/1/5 7386/1/5 7385/1/5
f 7406/14/5 7385/14/5 7405/14/5
f 7407/5/5 7388/5/5 7387/5/5
f 7407/1/5 7386/1/5 7406/1/5
f 7407/5/5 7387/5/5 7386/5/5
f 7408/5/5 7388/5/5 7407/5/5
f 7409/13/5 7389/13/5 7388/13/5
f 7409/5/5 7388/5/5 7408/5/5
f 7410/13/5 7389/13/5 7409/13/5
f 7411/9/5 7391/9/5 7390/9/5
f 7412/5/5 7392/5/5 7391/5/5
f 7412/9/5 7391/9/5 7411/9/5
f 7414/5/5 7409/5/5 7408/5/5
f 7415/9/5 7410/9/5 7409/9/5
f 7415/5/5 7409/5/5 7414/5/5
f 7416/9/5 7410/9/5 7415/9/5
f 7417/5/5 7392/5/5 7412/5/5
f 7418/5/5 7392/5/5 7417/5/5
f 7419/5/5 7414/5/5 7413/5/5
f 7419/5/5 7415/5/5 7414/5/5
f 7420/5/5 7415/5/5 7419/5/5
f 7421/5/5 7415/5/5 7420/5/5
f 7422/1/5 7418/1/5 7417/1/5
f 7423/1/5 7418/1/5 7422/1/5
f 7425/1/5 7421/1/5 7420/1/5
f 7426/1/5 7421/1/5 7425/1/5
f 7427/13/5 7426/13/5 7425/13/5
f 7428/13/5 7426/13/5 7427/13/5
f 7430/6/5 7424/6/5 7423/6/5
f 7431/6/5 7424/6/5 7430/6/5
f 7432/5/5 7430/5/5 7429/5/5
f 7433/5/5 7430/5/5 7432/5/5
f 7434/13/5 7433/13/5 7432/13/5
f 7435/13/5 7433/13/5 7434/13/5
f 7436/5/5 7428/5/5 7427/5/5
f 7437/5/5 7428/5/5 7436/5/5
f 7438/14/5 7435/14/5 7434/14/5
f 7439/14/5 7435/14/5 7438/14/5
f 7440/13/5 7437/13/5 7436/13/5
f 7441/13/5 7437/13/5 7440/13/5
f 7444/1/5 7441/1/5 7440/1/5
f 7445/1/5 7441/1/5 7444/1/5
f 7446/17/5 7443/17/5 7442/17/5
f 7447/17/5 7443/17/5 7446/17/5
f 7450/5/5 7445/5/5 7444/5/5
f 7451/5/5 7445/5/5 7450/5/5
f 7453/17/5 7451/17/5 7450/17/5
f 7453/17/5 7452/17/5 7451/17/5
f 7454/17/5 7452/17/5 7453/17/5
f 7455/17/5 7452/17/5 7454/17/5
f 7457/17/5 7455/17/5 7454/17/5
f 7457/5/5 7454/5/5 7453/5/5
f 7458/14/5 7456/14/5 7455/14/5
f 7458/17/5 7455/17/5 7457/17/5
f 7459/14/5 7456/14/5 7458/14/5
f 7460/5/5 7457/5/5 7453/5/5
f 7460/14/5 7458/14/5 7457/14/5
f 7461/13/5 7459/13/5 7458/13/5
f 7461/14/5 7458/14/5 7460/14/5
f 7462/13/5 7459/13/5 7461/13/5
f 7463/17/5 7461/17/5 7460/17/5
f 7463/17/5 7462/17/5 7461/17/5
f 7464/17/5 7462/17/5 7463/17/5
f 7465/17/5 7463/17/5 7460/17/5
f 7465/13/5 7464/13/5 7463/13/5
f 7466/13/5 7464/13/5 7465/13/5
f 7467/5/5 7460/5/5 7453/5/5
f 7467/17/5 7465/17/5 7460/17/5
f 7467/17/5 7466/17/5 7465/17/5
f 7468/17/5 7466/17/5 7467/17/5
f 7470/5/5 7467/5/5 7453/5/5
f 7471/13/5 7468/13/5 7467/13/5
f 7471/5/5 7467/5/5 7470/5/5
f 7472/17/5 7466/17/5 7468/17/5
f 7472/13/5 7468/13/5 7471/13/5
f 7473/17/5 7466/17/5 7472/17/5
f 7474/5/5 7449/5/5 7448/5/5
f 7475/5/5 7449/5/5 7474/5/5
f 7476/17/5 7471/17/5 7470/17/5
f 7476/6/5 7470/6/5 7469/6/5
f 7476/17/5 7472/17/5 7471/17/5
f 7477/17/5 7472/17/5 7476/17/5
f 7478/17/5 7472/17/5 7477/17/5
f 7479/6/5 7476/6/5 7469/6/5
f 7480/1/5 7477/1/5 7476/1/5
f 7480/6/5 7476/6/5 7479/6/5
f 7481/1/5 7475/1/5 7474/1/5
f 7482/1/5 7475/1/5 7481/1/5
f 7483/1/5 7477/1/5 7480/1/5
f 7484/1/5 7477/1/5 7483/1/5
f 7486/5/5 7482/5/5 7481/5/5
f 7487/5/5 7482/5/5 7486/5/5
f 7488/13/5 7484/13/5 7483/13/5
f 7489/13/5 7484/13/5 7488/13/5
f 7491/9/5 7486/9/5 7485/9/5
f 7492/5/5 7487/5/5 7486/5/5
f 7492/9/5 7486/9/5 7491/9/5
f 7493/5/5 7487/5/5 7492/5/5
f 7509/5/5 7489/5/5 7488/5/5
f 7510/9/5 7490/9/5 7489/9/5
f 7510/5/5 7489/5/5 7509/5/5
f 7511/9/5 7490/9/5 7510/9/5
f 7512/13/5 7492/13/5 7491/13/5
f 7513/5/5 7493/5/5 7492/5/5
f 7513/13/5 7492/13/5 7512/13/5
f 7513/5/5 7494/5/5 7493/5/5
f 7514/5/5 7494/5/5 7513/5/5
f 7515/1/5 7495/1/5 7494/1/5
f 7515/5/5 7494/5/5 7514/5/5
f 7516/14/5 7496/14/5 7495/14/5
f 7516/1/5 7495/1/5 7515/1/5
f 7517/1/5 7497/1/5 7496/1/5
f 7517/14/5 7496/14/5 7516/14/5
f 7518/13/5 7498/13/5 7497/13/5
f 7518/1/5 7497/1/5 7517/1/5
f 7519/14/5 7499/14/5 7498/14/5
f 7519/13/5 7498/13/5 7518/13/5
f 7520/5/5 7500/5/5 7499/5/5
f 7520/14/5 7499/14/5 7519/14/5
f 7521/1/5 7501/1/5 7500/1/5
f 7521/5/5 7500/5/5 7520/5/5
f 7522/5/5 7502/5/5 7501/5/5
f 7522/1/5 7501/1/5 7521/1/5
f 7523/1/5 7503/1/5 7502/1/5
f 7523/5/5 7502/5/5 7522/5/5
f 7524/5/5 7504/5/5 7503/5/5
f 7524/1/5 7503/1/5 7523/1/5
f 7525/14/5 7505/14/5 7504/14/5
f 7525/5/5 7504/5/5 7524/5/5
f 7526/1/5 7506/1/5 7505/1/5
f 7526/14/5 7505/14/5 7525/14/5
f 7526/1/5 7507/1/5 7506/1/5
f 7527/5/5 7508/5/5 7507/5/5
f 7527/1/5 7507/1/5 7526/1/5
f 7527/5/5 7509/5/5 7508/5/5
f 7527/5/5 7510/5/5 7509/5/5
f 7528/5/5 7510/5/5 7527/5/5
f 7529/5/5 7510/5/5 7528/5/5
f 7530/7/5 7511/7/5 7510/7/5
f 7530/5/5 7510/5/5 7529/5/5
f 7531/7/5 7511/7/5 7530/7/5
f 7532/9/5 7514/9/5 7513/9/5
f 7533/7/5 7515/7/5 7514/7/5
f 7533/9/5 7514/9/5 7532/9/5
f 7534/7/5 7515/7/5 7533/7/5
f 7535/9/5 7529/9/5 7528/9/5
f 7536/14/5 7530/14/5 7529/14/5
f 7536/9/5 7529/9/5 7535/9/5
f 7537/14/5 7530/14/5 7536/14/5
f 7541/1/5 7539/1/5 7538/1/5
f 7542/5/5 7540/5/5 7539/5/5
f 7542/1/5 7539/1/5 7541/1/5
f 7543/5/5 7540/5/5 7542/5/5
f 7546/5/5 7545/5/5 7544/5/5
f 7547/5/5 7545/5/5 7546/5/5
f 7548/1/5 7547/1/5 7546/1/5
f 7549/1/5 7547/1/5 7548/1/5
f 7552/4/5 7551/4/5 7550/4/5
f 7553/4/5 7551/4/5 7552/4/5
f 7556/16/5 7555/16/5 7554/16/5
f 7557/16/5 7555/16/5 7556/16/5
f 7560/16/5 7559/16/5 7558/16/5
f 7561/16/5 7559/16/5 7560/16/5
f 7565/5/5 7563/5/5 7562/5/5
f 7566/5/5 7563/5/5 7565/5/5
f 7567/6/5 7565/6/5 7564/6/5
f 7567/6/5 7566/6/5 7565/6/5
f 7568/6/5 7566/6/5 7567/6/5
f 7576/9/5 7570/9/5 7569/9/5
f 7577/7/5 7571/7/5 7570/7/5
f 7577/9/5 7570/9/5 7576/9/5
f 7578/7/5 7571/7/5 7577/7/5
f 7588/7/5 7573/7/5 7572/7/5
f 7589/9/5 7574/9/5 7573/9/5
f 7589/7/5 7573/7/5 7588/7/5
f 7590/9/5 7574/9/5 7589/9/5
f 7592/14/5 7576/14/5 7575/14/5
f 7593/5/5 7577/5/5 7576/5/5
f 7593/14/5 7576/14/5 7592/14/5
f 7593/5/5 7578/5/5 7577/5/5
f 7594/5/5 7578/5/5 7593/5/5
f 7595/1/5 7579/1/5 7578/1/5
f 7595/5/5 7578/5/5 7594/5/5
f 7596/5/5 7580/5/5 7579/5/5
f 7596/1/5 7579/1/5 7595/1/5
f 7597/1/5 7581/1/5 7580/1/5
f 7597/5/5 7580/5/5 7596/5/5
f 7598/5/5 7582/5/5 7581/5/5
f 7598/1/5 7581/1/5 7597/1/5
f 7599/5/5 7582/5/5 7598/5/5
f 7600/5/5 7582/5/5 7599/5/5
f 7601/1/5 7583/1/5 7582/1/5
f 7601/5/5 7582/5/5 7600/5/5
f 7602/5/5 7584/5/5 7583/5/5
f 7602/1/5 7583/1/5 7601/1/5
f 7603/5/5 7584/5/5 7602/5/5
f 7604/1/5 7585/1/5 7584/1/5
f 7604/5/5 7584/5/5 7603/5/5
f 7605/13/5 7586/13/5 7585/13/5
f 7605/1/5 7585/1/5 7604/1/5
f 7606/5/5 7587/5/5 7586/5/5
f 7606/13/5 7586/13/5 7605/13/5
f 7607/1/5 7588/1/5 7587/1/5
f 7607/5/5 7587/5/5 7606/5/5
f 7608/5/5 7590/5/5 7589/5/5
f 7608/1/5 7588/1/5 7607/1/5
f 7608/5/5 7589/5/5 7588/5/5
f 7609/5/5 7590/5/5 7608/5/5
f 7610/7/5 7591/7/5 7590/7/5
f 7610/5/5 7590/5/5 7609/5/5
f 7611/7/5 7591/7/5 7610/7/5
f 7612/7/5 7593/7/5 7592/7/5
f 7613/5/5 7594/5/5 7593/5/5
f 7613/7/5 7593/7/5 7612/7/5
f 7614/5/5 7594/5/5 7613/5/5
f 7615/5/5 7610/5/5 7609/5/5
f 7616/14/5 7611/14/5 7610/14/5
f 7616/5/5 7610/5/5 7615/5/5
f 7617/14/5 7611/14/5 7616/14/5
f 7618/5/5 7614/5/5 7613/5/5
f 7619/5/5 7614/5/5 7618/5/5
f 7620/5/5 7616/5/5 7615/5/5
f 7621/5/5 7616/5/5 7620/5/5
f 7622/1/5 7619/1/5 7618/1/5
f 7623/1/5 7619/1/5 7622/1/5
f 7624/5/5 7623/5/5 7622/5/5
f 7625/5/5 7623/5/5 7624/5/5
f 7626/1/5 7621/1/5 7620/1/5
f 7627/1/5 7621/1/5 7626/1/5
f 7628/1/5 7625/1/5 7624/1/5
f 7629/1/5 7625/1/5 7628/1/5
f 7630/5/5 7629/5/5 7628/5/5
f 7631/5/5 7629/5/5 7630/5/5
f 7632/5/5 7627/5/5 7626/5/5
f 7633/5/5 7627/5/5 7632/5/5
f 7634/1/5 7631/1/5 7630/1/5
f 7635/1/5 7631/1/5 7634/1/5
f 7636/5/5 7635/5/5 7634/5/5
f 7637/5/5 7635/5/5 7636/5/5
f 7638/1/5 7633/1/5 7632/1/5
f 7639/1/5 7633/1/5 7638/1/5
f 7642/4/5 7641/4/5 7640/4/5
f 7643/4/5 7641/4/5 7642/4/5
f 7646/5/5 7639/5/5 7638/5/5
f 7647/5/5 7639/5/5 7646/5/5
f 7648/14/5 7645/14/5 7644/14/5
f 7649/14/5 7645/14/5 7648/14/5
f 7650/5/5 7649/5/5 7648/5/5
f 7651/5/5 7649/5/5 7650/5/5
f 7652/1/5 7651/1/5 7650/1/5
f 7653/1/5 7651/1/5 7652/1/5
f 7654/5/5 7653/5/5 7652/5/5
f 7655/5/5 7653/5/5 7654/5/5
f 7658/5/5 7657/5/5 7656/5/5
f 7659/5/5 7657/5/5 7658/5/5
f 7660/1/5 7655/1/5 7654/1/5
f 7661/1/5 7655/1/5 7660/1/5
f 7662/1/5 7659/1/5 7658/1/5
f 7664/5/5 7661/5/5 7660/5/5
f 7665/5/5 7661/5/5 7664/5/5
f 7666/1/5 7659/1/5 7662/1/5
f 7667/1/5 7659/1/5 7666/1/5
f 7669/14/5 7664/14/5 7663/14/5
f 7670/5/5 7665/5/5 7664/5/5
f 7670/14/5 7664/14/5 7669/14/5
f 7671/5/5 7665/5/5 7670/5/5
f 7690/5/5 7667/5/5 7666/5/5
f 7691/7/5 7668/7/5 7667/7/5
f 7691/5/5 7667/5/5 7690/5/5
f 7692/7/5 7668/7/5 7691/7/5
f 7693/7/5 7670/7/5 7669/7/5
f 7694/5/5 7671/5/5 7670/5/5
f 7694/7/5 7670/7/5 7693/7/5
f 7694/5/5 7672/5/5 7671/5/5
f 7695/5/5 7672/5/5 7694/5/5
f 7696/1/5 7673/1/5 7672/1/5
f 7696/5/5 7672/5/5 7695/5/5
f 7697/5/5 7674/5/5 7673/5/5
f 7697/1/5 7673/1/5 7696/1/5
f 7698/13/5 7675/13/5 7674/13/5
f 7698/5/5 7674/5/5 7697/5/5
f 7699/1/5 7676/1/5 7675/1/5
f 7699/13/5 7675/13/5 7698/13/5
f 7700/5/5 7677/5/5 7676/5/5
f 7700/1/5 7676/1/5 7699/1/5
f 7700/5/5 7678/5/5 7677/5/5
f 7701/1/5 7679/1/5 7678/1/5
f 7701/5/5 7678/5/5 7700/5/5
f 7702/5/5 7680/5/5 7679/5/5
f 7702/1/5 7679/1/5 7701/1/5
f 7703/1/5 7681/1/5 7680/1/5
f 7703/5/5 7680/5/5 7702/5/5
f 7704/5/5 7682/5/5 7681/5/5
f 7704/1/5 7681/1/5 7703/1/5
f 7705/1/5 7683/1/5 7682/1/5
f 7705/5/5 7682/5/5 7704/5/5
f 7706/5/5 7684/5/5 7683/5/5
f 7706/1/5 7683/1/5 7705/1/5
f 7706/5/5 7685/5/5 7684/5/5
f 7706/5/5 7686/5/5 7685/5/5
f 7706/5/5 7687/5/5 7686/5/5
f 7706/5/5 7688/5/5 7687/5/5
f 7707/1/5 7689/1/5 7688/1/5
f 7707/5/5 7688/5/5 7706/5/5
f 7708/5/5 7690/5/5 7689/5/5
f 7708/1/5 7689/1/5 7707/1/5
f 7708/5/5 7691/5/5 7690/5/5
f 7709/5/5 7691/5/5 7708/5/5
f 7710/14/5 7692/14/5 7691/14/5
f 7710/5/5 7691/5/5 7709/5/5
f 7711/14/5 7692/14/5 7710/14/5
f 7712/9/5 7695/9/5 7694/9/5
f 7713/7/5 7696/7/5 7695/7/5
f 7713/9/5 7695/9/5 7712/9/5
f 7714/7/5 7696/7/5 7713/7/5
f 7715/7/5 7709/7/5 7708/7/5
f 7716/9/5 7710/9/5 7709/9/5
f 7716/7/5 7709/7/5 7715/7/5
f 7717/9/5 7710/9/5 7716/9/5
f 7720/2/5 7719/2/5 7718/2/5
f 7721/2/5 7719/2/5 7720/2/5
f 7729/7/5 7723/7/5 7722/7/5
f 7730/9/5 7724/9/5 7723/9/5
f 7730/7/5 7723/7/5 7729/7/5
f 7731/9/5 7724/9/5 7730/9/5
f 7739/9/5 7726/9/5 7725/9/5
f 7740/7/5 7727/7/5 7726/7/5
f 7740/9/5 7726/9/5 7739/9/5
f 7741/7/5 7727/7/5 7740/7/5
f 7743/9/5 7729/9/5 7728/9/5
f 7744/5/5 7730/5/5 7729/5/5
f 7744/9/5 7729/9/5 7743/9/5
f 7744/5/5 7731/5/5 7730/5/5
f 7745/5/5 7731/5/5 7744/5/5
f 7746/1/5 7732/1/5 7731/1/5
f 7746/5/5 7731/5/5 7745/5/5
f 7747/5/5 7733/5/5 7732/5/5
f 7747/1/5 7732/1/5 7746/1/5
f 7748/5/5 7733/5/5 7747/5/5
f 7749/5/5 7733/5/5 7748/5/5
f 7750/1/5 7735/1/5 7734/1/5
f 7751/1/5 7735/1/5 7750/1/5
f 7752/5/5 7736/5/5 7735/5/5
f 7752/1/5 7735/1/5 7751/1/5
f 7753/1/5 7737/1/5 7736/1/5
f 7753/5/5 7736/5/5 7752/5/5
f 7754/5/5 7738/5/5 7737/5/5
f 7754/1/5 7737/1/5 7753/1/5
f 7755/5/5 7738/5/5 7754/5/5
f 7756/1/5 7739/1/5 7738/1/5
f 7756/5/5 7738/5/5 7755/5/5
f 7757/5/5 7741/5/5 7740/5/5
f 7757/1/5 7739/1/5 7756/1/5
f 7757/5/5 7740/5/5 7739/5/5
f 7758/5/5 7741/5/5 7757/5/5
f 7759/7/5 7742/7/5 7741/7/5
f 7759/5/5 7741/5/5 7758/5/5
f 7760/7/5 7742/7/5 7759/7/5
f 7761/7/5 7744/7/5 7743/7/5
f 7762/5/5 7745/5/5 7744/5/5
f 7762/7/5 7744/7/5 7761/7/5
f 7763/5/5 7745/5/5 7762/5/5
f 7764/5/5 7759/5/5 7758/5/5
f 7765/9/5 7760/9/5 7759/9/5
f 7765/5/5 7759/5/5 7764/5/5
f 7766/9/5 7760/9/5 7765/9/5
f 7767/5/5 7763/5/5 7762/5/5
f 7768/5/5 7763/5/5 7767/5/5
f 7769/5/5 7765/5/5 7764/5/5
f 7770/5/5 7765/5/5 7769/5/5
f 7771/1/5 7768/1/5 7767/1/5
f 7772/1/5 7768/1/5 7771/1/5
f 7773/5/5 7772/5/5 7771/5/5
f 7774/5/5 7772/5/5 7773/5/5
f 7776/1/5 7770/1/5 7769/1/5
f 7777/1/5 7770/1/5 7776/1/5
f 7778/1/5 7774/1/5 7773/1/5
f 7779/1/5 7774/1/5 7778/1/5
f 7780/5/5 7779/5/5 7778/5/5
f 7781/6/5 7776/6/5 7775/6/5
f 7782/6/5 7776/6/5 7781/6/5
f 7784/5/5 7780/5/5 7778/5/5
f 7785/5/5 7780/5/5 7784/5/5
f 7786/5/5 7783/5/5 7782/5/5
f 7786/5/5 7782/5/5 7781/5/5
f 7787/5/5 7783/5/5 7786/5/5
f 7788/13/5 7785/13/5 7784/13/5
f 7789/13/5 7785/13/5 7788/13/5
f 7790/14/5 7789/14/5 7788/14/5
f 7791/14/5 7789/14/5 7790/14/5
f 7792/5/5 7783/5/5 7787/5/5
f 7793/5/5 7783/5/5 7792/5/5
f 7794/13/5 7791/13/5 7790/13/5
f 7795/13/5 7791/13/5 7794/13/5
f 7797/14/5 7793/14/5 7792/14/5
f 7798/14/5 7793/14/5 7797/14/5
f 7799/1/5 7795/1/5 7794/1/5
f 7800/5/5 7796/5/5 7795/5/5
f 7800/1/5 7795/1/5 7799/1/5
f 7801/5/5 7796/5/5 7800/5/5
f 7802/5/5 7800/5/5 7799/5/5
f 7803/5/5 7800/5/5 7802/5/5
f 7804/1/5 7803/1/5 7802/1/5
f 7805/1/5 7803/1/5 7804/1/5
f 7808/5/5 7807/5/5 7806/5/5
f 7809/5/5 7807/5/5 7808/5/5
f 7810/1/5 7809/1/5 7808/1/5
f 7811/1/5 7809/1/5 7810/1/5
f 7813/5/5 7805/5/5 7804/5/5
f 7814/5/5 7805/5/5 7813/5/5
f 7815/5/5 7811/5/5 7810/5/5
f 7817/9/5 7813/9/5 7812/9/5
f 7818/5/5 7814/5/5 7813/5/5
f 7818/9/5 7813/9/5 7817/9/5
f 7819/5/5 7814/5/5 7818/5/5
f 7831/5/5 7815/5/5 7810/5/5
f 7832/7/5 7816/7/5 7815/7/5
f 7832/5/5 7815/5/5 7831/5/5
f 7833/7/5 7816/7/5 7832/7/5
f 7834/7/5 7818/7/5 7817/7/5
f 7835/5/5 7819/5/5 7818/5/5
f 7835/7/5 7818/7/5 7834/7/5
f 7835/5/5 7820/5/5 7819/5/5
f 7836/5/5 7820/5/5 7835/5/5
f 7837/1/5 7821/1/5 7820/1/5
f 7837/5/5 7820/5/5 7836/5/5
f 7838/5/5 7822/5/5 7821/5/5
f 7838/1/5 7821/1/5 7837/1/5
f 7839/1/5 7823/1/5 7822/1/5
f 7839/5/5 7822/5/5 7838/5/5
f 7840/5/5 7824/5/5 7823/5/5
f 7840/1/5 7823/1/5 7839/1/5
f 7841/1/5 7825/1/5 7824/1/5
f 7841/5/5 7824/5/5 7840/5/5
f 7842/5/5 7826/5/5 7825/5/5
f 7842/1/5 7825/1/5 7841/1/5
f 7843/1/5 7827/1/5 7826/1/5
f 7843/5/5 7826/5/5 7842/5/5
f 7844/5/5 7828/5/5 7827/5/5
f 7844/1/5 7827/1/5 7843/1/5
f 7845/1/5 7829/1/5 7828/1/5
f 7845/5/5 7828/5/5 7844/5/5
f 7846/5/5 7830/5/5 7829/5/5
f 7846/1/5 7829/1/5 7845/1/5
f 7846/5/5 7831/5/5 7830/5/5
f 7846/5/5 7832/5/5 7831/5/5
f 7847/5/5 7832/5/5 7846/5/5
f 7848/5/5 7832/5/5 7847/5/5
f 7849/9/5 7833/9/5 7832/9/5
f 7849/5/5 7832/5/5 7848/5/5
f 7850/9/5 7833/9/5 7849/9/5
f 7851/7/5 7836/7/5 7835/7/5
f 7852/9/5 7837/9/5 7836/9/5
f 7852/7/5 7836/7/5 7851/7/5
f 7853/9/5 7837/9/5 7852/9/5
f 7854/9/5 7848/9/5 7847/9/5
f 7855/7/5 7849/7/5 7848/7/5
f 7855/9/5 7848/9/5 7854/9/5
f 7856/7/5 7849/7/5 7855/7/5
f 7859/3/5 7858/3/5 7857/3/5
f 7860/3/5 7858/3/5 7859/3/5
f 7863/5/5 7862/5/5 7861/5/5
f 7864/5/5 7862/5/5 7863/5/5
f 7865/1/5 7864/1/5 7863/1/5
f 7866/1/5 7864/1/5 7865/1/5
f 7869/14/5 7868/14/5 7867/14/5
f 7870/14/5 7868/14/5 7869/14/5
f 7877/1/5 7872/1/5 7871/1/5
f 7878/1/5 7872/1/5 7877/1/5
f 7879/1/5 7874/1/5 7873/1/5
f 7880/3/5 7875/3/5 7874/3/5
f 7880/1/5 7874/1/5 7879/1/5
f 7881/1/5 7876/1/5 7875/1/5
f 7881/3/5 7875/3/5 7880/3/5
f 7882/1/5 7876/1/5 7881/1/5
f 7885/16/5 7884/16/5 7883/16/5
f 7886/16/5 7884/16/5 7885/16/5
f 7887/16/5 7884/16/5 7886/16/5
f 7888/16/5 7884/16/5 7887/16/5
f 7889/16/5 7884/16/5 7888/16/5
f 7890/15/5 7889/15/5 7888/15/5
f 7891/15/5 7889/15/5 7890/15/5
f 7892/16/5 7891/16/5 7890/16/5
f 7893/16/5 7891/16/5 7892/16/5
f 7901/9/5 7895/9/5 7894/9/5
f 7902/7/5 7896/7/5 7895/7/5
f 7902/9/5 7895/9/5 7901/9/5
f 7903/7/5 7896/7/5 7902/7/5
f 7913/9/5 7898/9/5 7897/9/5
f 7914/7/5 7899/7/5 7898/7/5
f 7914/9/5 7898/9/5 7913/9/5
f 7915/7/5 7899/7/5 7914/7/5
f 7917/9/5 7901/9/5 7900/9/5
f 7918/5/5 7902/5/5 7901/5/5
f 7918/9/5 7901/9/5 7917/9/5
f 7918/5/5 7903/5/5 7902/5/5
f 7918/5/5 7904/5/5 7903/5/5
f 7919/5/5 7904/5/5 7918/5/5
f 7920/1/5 7905/1/5 7904/1/5
f 7920/5/5 7904/5/5 7919/5/5
f 7921/5/5 7906/5/5 7905/5/5
f 7921/1/5 7905/1/5 7920/1/5
f 7922/5/5 7906/5/5 7921/5/5
f 7923/5/5 7906/5/5 7922/5/5
f 7924/1/5 7907/1/5 7906/1/5
f 7924/5/5 7906/5/5 7923/5/5
f 7925/1/5 7907/1/5 7924/1/5
f 7927/1/5 7909/1/5 7908/1/5
f 7928/1/5 7909/1/5 7927/1/5
f 7929/5/5 7910/5/5 7909/5/5
f 7929/1/5 7909/1/5 7928/1/5
f 7930/5/5 7910/5/5 7929/5/5
f 7931/1/5 7911/1/5 7910/1/5
f 7931/5/5 7910/5/5 7930/5/5
f 7932/5/5 7912/5/5 7911/5/5
f 7932/1/5 7911/1/5 7931/1/5
f 7933/5/5 7912/5/5 7932/5/5
f 7934/1/5 7913/1/5 7912/1/5
f 7934/5/5 7912/5/5 7933/5/5
f 7935/5/5 7915/5/5 7914/5/5
f 7935/1/5 7913/1/5 7934/1/5
f 7935/5/5 7914/5/5 7913/5/5
f 7936/5/5 7915/5/5 7935/5/5
f 7937/7/5 7916/7/5 7915/7/5
f 7937/5/5 7915/5/5 7936/5/5
f 7938/7/5 7916/7/5 7937/7/5
f 7939/7/5 7918/7/5 7917/7/5
f 7940/5/5 7919/5/5 7918/5/5
f 7940/7/5 7918/7/5 7939/7/5
f 7941/5/5 7919/5/5 7940/5/5
f 7942/5/5 7925/5/5 7924/5/5
f 7942/5/5 7924/5/5 7923/5/5
f 7943/1/5 7926/1/5 7925/1/5
f 7943/5/5 7925/5/5 7942/5/5
f 7944/1/5 7926/1/5 7943/1/5
f 7945/1/5 7926/1/5 7944/1/5
f 7946/5/5 7927/5/5 7926/5/5
f 7946/1/5 7926/1/5 7945/1/5
f 7946/5/5 7928/5/5 7927/5/5
f 7947/5/5 7928/5/5 7946/5/5
f 7948/5/5 7928/5/5 7947/5/5
f 7949/5/5 7937/5/5 7936/5/5
f 7950/9/5 7938/9/5 7937/9/5
f 7950/5/5 7937/5/5 7949/5/5
f 7951/9/5 7938/9/5 7950/9/5
f 7952/5/5 7950/5/5 7949/5/5
f 7953/5/5 7950/5/5 7952/5/5
f 7954/5/5 7941/5/5 7940/5/5
f 7955/5/5 7941/5/5 7954/5/5
f 7956/1/5 7953/1/5 7952/1/5
f 7957/1/5 7953/1/5 7956/1/5
f 7958/1/5 7955/1/5 7954/1/5
f 7959/1/5 7955/1/5 7958/1/5
f 7960/5/5 7957/5/5 7956/5/5
f 7961/5/5 7957/5/5 7960/5/5
f 7962/1/5 7961/1/5 7960/1/5
f 7963/1/5 7961/1/5 7962/1/5
f 7964/5/5 7959/5/5 7958/5/5
f 7965/5/5 7959/5/5 7964/5/5
f 7966/14/5 7965/14/5 7964/14/5
f 7967/14/5 7965/14/5 7966/14/5
f 7968/5/5 7963/5/5 7962/5/5
f 7969/5/5 7963/5/5 7968/5/5
f 7970/1/5 7969/1/5 7968/1/5
f 7971/1/5 7969/1/5 7970/1/5
f 7972/5/5 7971/5/5 7970/5/5
f 7973/5/5 7971/5/5 7972/5/5
f 7974/5/5 7967/5/5 7966/5/5
f 7975/5/5 7967/5/5 7974/5/5
f 7977/14/5 7973/14/5 7972/14/5
f 7978/14/5 7973/14/5 7977/14/5
f 7980/6/5 7976/6/5 7975/6/5
f 7981/6/5 7976/6/5 7980/6/5
f 7982/5/5 7980/5/5 7979/5/5
f 7982/5/5 7981/5/5 7980/5/5
f 7983/5/5 7981/5/5 7982/5/5
f 7984/5/5 7981/5/5 7983/5/5
f 7985/1/5 7983/1/5 7982/1/5
f 7986/1/5 7983/1/5 7985/1/5
f 7989/5/5 7988/5/5 7987/5/5
f 7990/5/5 7988/5/5 7989/5/5
f 7991/5/5 7986/5/5 7985/5/5
f 7992/5/5 7986/5/5 7991/5/5
f 7993/1/5 7990/1/5 7989/1/5
f 7994/1/5 7990/1/5 7993/1/5
f 7995/1/5 7992/1/5 7991/1/5
f 7996/1/5 7992/1/5 7995/1/5
f 7998/5/5 7996/5/5 7995/5/5
f 7999/5/5 7996/5/5 7998/5/5
f 8000/5/5 7994/5/5 7993/5/5
f 8001/5/5 7994/5/5 8000/5/5
f 8003/9/5 7998/9/5 7997/9/5
f 8004/5/5 7999/5/5 7998/5/5
f 8004/9/5 7998/9/5 8003/9/5
f 8005/5/5 7999/5/5 8004/5/5
f 8021/5/5 8001/5/5 8000/5/5
f 8022/7/5 8002/7/5 8001/7/5
f 8022/5/5 8001/5/5 8021/5/5
f 8023/7/5 8002/7/5 8022/7/5
f 8024/7/5 8004/7/5 8003/7/5
f 8025/5/5 8005/5/5 8004/5/5
f 8025/7/5 8004/7/5 8024/7/5
f 8025/5/5 8006/5/5 8005/5/5
f 8025/5/5 8007/5/5 8006/5/5
f 8025/5/5 8008/5/5 8007/5/5
f 8026/5/5 8008/5/5 8025/5/5
f 8027/5/5 8008/5/5 8026/5/5
f 8028/1/5 8009/1/5 8008/1/5
f 8028/5/5 8008/5/5 8027/5/5
f 8029/5/5 8010/5/5 8009/5/5
f 8029/1/5 8009/1/5 8028/1/5
f 8030/1/5 8011/1/5 8010/1/5
f 8030/5/5 8010/5/5 8029/5/5
f 8031/5/5 8012/5/5 8011/5/5
f 8031/1/5 8011/1/5 8030/1/5
f 8032/1/5 8013/1/5 8012/1/5
f 8032/5/5 8012/5/5 8031/5/5
f 8032/1/5 8014/1/5 8013/1/5
f 8033/5/5 8015/5/5 8014/5/5
f 8033/1/5 8014/1/5 8032/1/5
f 8033/5/5 8016/5/5 8015/5/5
f 8034/1/5 8017/1/5 8016/1/5
f 8034/5/5 8016/5/5 8033/5/5
f 8035/5/5 8018/5/5 8017/5/5
f 8035/1/5 8017/1/5 8034/1/5
f 8036/1/5 8019/1/5 8018/1/5
f 8036/5/5 8018/5/5 8035/5/5
f 8037/5/5 8020/5/5 8019/5/5
f 8037/1/5 8019/1/5 8036/1/5
f 8037/5/5 8021/5/5 8020/5/5
f 8037/5/5 8022/5/5 8021/5/5
f 8038/5/5 8022/5/5 8037/5/5
f 8039/5/5 8022/5/5 8038/5/5
f 8040/9/5 8023/9/5 8022/9/5
f 8040/5/5 8022/5/5 8039/5/5
f 8041/9/5 8023/9/5 8040/9/5
f 8042/7/5 8026/7/5 8025/7/5
f 8043/9/5 8027/9/5 8026/9/5
f 8043/7/5 8026/7/5 8042/7/5
f 8044/9/5 8027/9/5 8043/9/5
f 8045/7/5 8039/7/5 8038/7/5
f 8046/9/5 8040/9/5 8039/9/5
f 8046/7/5 8039/7/5 8045/7/5
f 8047/9/5 8040/9/5 8046/9/5
f 8052/5/5 8049/5/5 8048/5/5
f 8053/1/5 8050/1/5 8049/1/5
f 8053/5/5 8049/5/5 8052/5/5
f 8054/5/5 8051/5/5 8050/5/5
f 8054/1/5 8050/1/5 8053/1/5
f 8055/5/5 8051/5/5 8054/5/5
f 8056/5/5 8051/5/5 8055/5/5
f 8061/5/5 8060/5/5 8059/5/5
f 8062/5/5 8060/5/5 8061/5/5
f 8063/5/5 8058/5/5 8057/5/5
f 8064/5/5 8058/5/5 8063/5/5
f 8065/1/5 8062/1/5 8061/1/5
f 8066/1/5 8062/1/5 8065/1/5
f 8067/5/5 8066/5/5 8065/5/5
f 8068/5/5 8066/5/5 8067/5/5
f 8069/5/5 8066/5/5 8068/5/5
f 8070/1/5 8069/1/5 8068/1/5
f 8071/1/5 8069/1/5 8070/1/5
f 8077/6/5 8073/6/5 8072/6/5
f 8078/6/5 8073/6/5 8077/6/5
f 8079/6/5 8075/6/5 8074/6/5
f 8080/6/5 8075/6/5 8079/6/5
f 8082/6/5 8078/6/5 8077/6/5
f 8082/6/5 8081/6/5 8080/6/5
f 8082/6/5 8080/6/5 8079/6/5
f 8082/6/5 8079/6/5 8078/6/5
f 8082/6/5 8077/6/5 8076/6/5
f 8083/6/5 8081/6/5 8082/6/5
f 8091/9/5 8085/9/5 8084/9/5
f 8092/7/5 8086/7/5 8085/7/5
f 8092/9/5 8085/9/5 8091/9/5
f 8093/7/5 8086/7/5 8092/7/5
f 8105/9/5 8088/9/5 8087/9/5
f 8106/7/5 8089/7/5 8088/7/5
f 8106/9/5 8088/9/5 8105/9/5
f 8107/7/5 8089/7/5 8106/7/5
f 8109/9/5 8091/9/5 8090/9/5
f 8110/5/5 8092/5/5 8091/5/5
f 8110/9/5 8091/9/5 8109/9/5
f 8110/5/5 8093/5/5 8092/5/5
f 8110/5/5 8094/5/5 8093/5/5
f 8111/5/5 8094/5/5 8110/5/5
f 8112/1/5 8095/1/5 8094/1/5
f 8112/5/5 8094/5/5 8111/5/5
f 8113/5/5 8096/5/5 8095/5/5
f 8113/1/5 8095/1/5 8112/1/5
f 8114/1/5 8097/1/5 8096/1/5
f 8114/5/5 8096/5/5 8113/5/5
f 8115/5/5 8098/5/5 8097/5/5
f 8115/1/5 8097/1/5 8114/1/5
f 8116/1/5 8099/1/5 8098/1/5
f 8116/5/5 8098/5/5 8115/5/5
f 8117/5/5 8100/5/5 8099/5/5
f 8117/1/5 8099/1/5 8116/1/5
f 8118/1/5 8101/1/5 8100/1/5
f 8118/5/5 8100/5/5 8117/5/5
f 8119/1/5 8101/1/5 8118/1/5
f 8120/5/5 8102/5/5 8101/5/5
f 8120/1/5 8101/1/5 8119/1/5
f 8121/1/5 8103/1/5 8102/1/5
f 8121/5/5 8102/5/5 8120/5/5
f 8122/5/5 8104/5/5 8103/5/5
f 8122/1/5 8103/1/5 8121/1/5
f 8123/1/5 8105/1/5 8104/1/5
f 8123/5/5 8104/5/5 8122/5/5
f 8124/5/5 8107/5/5 8106/5/5
f 8124/1/5 8105/1/5 8123/1/5
f 8124/5/5 8106/5/5 8105/5/5
f 8125/5/5 8107/5/5 8124/5/5
f 8126/7/5 8108/7/5 8107/7/5
f 8126/5/5 8107/5/5 8125/5/5
f 8127/7/5 8108/7/5 8126/7/5
f 8128/7/5 8110/7/5 8109/7/5
f 8129/5/5 8111/5/5 8110/5/5
f 8129/7/5 8110/7/5 8128/7/5
f 8130/5/5 8126/5/5 8125/5/5
f 8131/9/5 8127/9/5 8126/9/5
f 8131/5/5 8126/5/5 8130/5/5
f 8132/9/5 8127/9/5 8131/9/5
f 8133/5/5 8131/5/5 8130/5/5
f 8134/5/5 8131/5/5 8133/5/5
f 8135/5/5 8111/5/5 8129/5/5
f 8136/5/5 8111/5/5 8135/5/5
f 8137/1/5 8134/1/5 8133/1/5
f 8138/1/5 8134/1/5 8137/1/5
f 8139/1/5 8134/1/5 8138/1/5
f 8140/13/5 8139/13/5 8138/13/5
f 8141/13/5 8139/13/5 8140/13/5
f 8142/1/5 8136/1/5 8135/1/5
f 8143/1/5 8136/1/5 8142/1/5
f 8144/5/5 8141/5/5 8140/5/5
f 8145/5/5 8141/5/5 8144/5/5
f 8146/5/5 8143/5/5 8142/5/5
f 8147/5/5 8143/5/5 8146/5/5
f 8148/1/5 8147/1/5 8146/1/5
f 8149/1/5 8147/1/5 8148/1/5
f 8150/1/5 8145/1/5 8144/1/5
f 8151/1/5 8145/1/5 8150/1/5
f 8152/5/5 8151/5/5 8150/5/5
f 8153/5/5 8151/5/5 8152/5/5
f 8154/5/5 8149/5/5 8148/5/5
f 8155/5/5 8149/5/5 8154/5/5
f 8156/1/5 8153/1/5 8152/1/5
f 8157/1/5 8153/1/5 8156/1/5
f 8158/5/5 8157/5/5 8156/5/5
f 8159/5/5 8157/5/5 8158/5/5
f 8160/13/5 8159/13/5 8158/13/5
f 8161/13/5 8159/13/5 8160/13/5
f 8162/1/5 8155/1/5 8154/1/5
f 8163/1/5 8155/1/5 8162/1/5
f 8164/5/5 8161/5/5 8160/5/5
f 8165/5/5 8161/5/5 8164/5/5
f 8166/5/5 8163/5/5 8162/5/5
f 8167/5/5 8163/5/5 8166/5/5
f 8168/1/5 8167/1/5 8166/1/5
f 8169/1/5 8165/1/5 8164/1/5
f 8170/1/5 8165/1/5 8169/1/5
f 8171/1/5 8168/1/5 8166/1/5
f 8172/1/5 8168/1/5 8171/1/5
f 8176/5/5 8172/5/5 8171/5/5
f 8177/5/5 8172/5/5 8176/5/5
f 8178/5/5 8174/5/5 8173/5/5
f 8179/5/5 8174/5/5 8178/5/5
f 8180/5/5 8170/5/5 8169/5/5
f 8181/5/5 8170/5/5 8180/5/5
f 8183/9/5 8176/9/5 8175/9/5
f 8184/5/5 8177/5/5 8176/5/5
f 8184/9/5 8176/9/5 8183/9/5
f 8185/5/5 8177/5/5 8184/5/5
f 8196/5/5 8181/5/5 8180/5/5
f 8197/7/5 8182/7/5 8181/7/5
f 8197/5/5 8181/5/5 8196/5/5
f 8198/7/5 8182/7/5 8197/7/5
f 8199/7/5 8184/7/5 8183/7/5
f 8200/5/5 8185/5/5 8184/5/5
f 8200/7/5 8184/7/5 8199/7/5
f 8200/5/5 8186/5/5 8185/5/5
f 8201/5/5 8186/5/5 8200/5/5
f 8202/1/5 8187/1/5 8186/1/5
f 8202/5/5 8186/5/5 8201/5/5
f 8203/5/5 8188/5/5 8187/5/5
f 8203/1/5 8187/1/5 8202/1/5
f 8204/1/5 8189/1/5 8188/1/5
f 8204/5/5 8188/5/5 8203/5/5
f 8204/1/5 8190/1/5 8189/1/5
f 8205/5/5 8191/5/5 8190/5/5
f 8205/1/5 8190/1/5 8204/1/5
f 8206/5/5 8191/5/5 8205/5/5
f 8207/5/5 8193/5/5 8192/5/5
f 8208/1/5 8194/1/5 8193/1/5
f 8208/5/5 8193/5/5 8207/5/5
f 8209/5/5 8195/5/5 8194/5/5
f 8209/1/5 8194/1/5 8208/1/5
f 8209/5/5 8196/5/5 8195/5/5
f 8209/5/5 8197/5/5 8196/5/5
f 8210/5/5 8197/5/5 8209/5/5
f 8211/5/5 8197/5/5 8210/5/5
f 8212/9/5 8198/9/5 8197/9/5
f 8212/5/5 8197/5/5 8211/5/5
f 8213/9/5 8198/9/5 8212/9/5
f 8214/7/5 8201/7/5 8200/7/5
f 8215/9/5 8202/9/5 8201/9/5
f 8215/7/5 8201/7/5 8214/7/5
f 8216/9/5 8202/9/5 8215/9/5
f 8217/7/5 8211/7/5 8210/7/5
f 8218/9/5 8212/9/5 8211/9/5
f 8218/7/5 8211/7/5 8217/7/5
f 8219/9/5 8212/9/5 8218/9/5
f 8244/15/5 8221/15/5 8220/15/5
f 8245/14/5 8222/14/5 8221/14/5
f 8245/15/5 8221/15/5 8244/15/5
f 8246/14/5 8222/14/5 8245/14/5
f 8247/16/5 8223/16/5 8222/16/5
f 8247/14/5 8222/14/5 8246/14/5
f 8248/13/5 8224/13/5 8223/13/5
f 8248/16/5 8223/16/5 8247/16/5
f 8249/16/5 8225/16/5 8224/16/5
f 8249/13/5 8224/13/5 8248/13/5
f 8250/15/5 8226/15/5 8225/15/5
f 8250/16/5 8225/16/5 8249/16/5
f 8251/15/5 8226/15/5 8250/15/5
f 8252/14/5 8227/14/5 8226/14/5
f 8252/15/5 8226/15/5 8251/15/5
f 8253/16/5 8228/16/5 8227/16/5
f 8253/14/5 8227/14/5 8252/14/5
f 8254/16/5 8228/16/5 8253/16/5
f 8255/13/5 8229/13/5 8228/13/5
f 8255/16/5 8228/16/5 8254/16/5
f 8256/14/5 8230/14/5 8229/14/5
f 8256/13/5 8229/13/5 8255/13/5
f 8257/15/5 8231/15/5 8230/15/5
f 8257/14/5 8230/14/5 8256/14/5
f 8258/16/5 8232/16/5 8231/16/5
f 8258/15/5 8231/15/5 8257/15/5
f 8259/16/5 8232/16/5 8258/16/5
f 8260/14/5 8233/14/5 8232/14/5
f 8260/16/5 8232/16/5 8259/16/5
f 8261/14/5 8233/14/5 8260/14/5
f 8262/15/5 8234/15/5 8233/15/5
f 8262/14/5 8233/14/5 8261/14/5
f 8263/16/5 8235/16/5 8234/16/5
f 8263/15/5 8234/15/5 8262/15/5
f 8264/14/5 8236/14/5 8235/14/5
f 8264/16/5 8235/16/5 8263/16/5
f 8265/16/5 8237/16/5 8236/16/5
f 8265/14/5 8236/14/5 8264/14/5
f 8266/15/5 8238/15/5 8237/15/5
f 8266/16/5 8237/16/5 8265/16/5
f 8267/16/5 8239/16/5 8238/16/5
f 8267/15/5 8238/15/5 8266/15/5
f 8268/14/5 8240/14/5 8239/14/5
f 8268/16/5 8239/16/5 8267/16/5
f 8269/16/5 8241/16/5 8240/16/5
f 8269/14/5 8240/14/5 8268/14/5
f 8270/14/5 8242/14/5 8241/14/5
f 8270/16/5 8241/16/5 8269/16/5
f 8271/13/5 8243/13/5 8242/13/5
f 8271/14/5 8242/14/5 8270/14/5
f 8272/13/5 8243/13/5 8271/13/5
f 8289/6/5 8274/6/5 8273/6/5
f 8290/6/5 8274/6/5 8289/6/5
f 8300/13/5 8276/13/5 8275/13/5
f 8301/14/5 8277/14/5 8276/14/5
f 8301/13/5 8276/13/5 8300/13/5
f 8302/16/5 8278/16/5 8277/16/5
f 8302/14/5 8277/14/5 8301/14/5
f 8303/14/5 8279/14/5 8278/14/5
f 8303/16/5 8278/16/5 8302/16/5
f 8304/16/5 8280/16/5 8279/16/5
f 8304/14/5 8279/14/5 8303/14/5
f 8305/15/5 8281/15/5 8280/15/5
f 8305/16/5 8280/16/5 8304/16/5
f 8306/13/5 8282/13/5 8281/13/5
f 8306/15/5 8281/15/5 8305/15/5
f 8307/15/5 8283/15/5 8282/15/5
f 8307/13/5 8282/13/5 8306/13/5
f 8308/16/5 8284/16/5 8283/16/5
f 8308/15/5 8283/15/5 8307/15/5
f 8309/14/5 8285/14/5 8284/14/5
f 8309/16/5 8284/16/5 8308/16/5
f 8310/15/5 8286/15/5 8285/15/5
f 8310/14/5 8285/14/5 8309/14/5
f 8311/14/5 8287/14/5 8286/14/5
f 8311/15/5 8286/15/5 8310/15/5
f 8312/15/5 8288/15/5 8287/15/5
f 8312/14/5 8287/14/5 8311/14/5
f 8313/16/5 8289/16/5 8288/16/5
f 8313/15/5 8288/15/5 8312/15/5
f 8314/15/5 8290/15/5 8289/15/5
f 8314/16/5 8289/16/5 8313/16/5
f 8315/14/5 8291/14/5 8290/14/5
f 8315/15/5 8290/15/5 8314/15/5
f 8316/13/5 8292/13/5 8291/13/5
f 8316/14/5 8291/14/5 8315/14/5
f 8317/15/5 8293/15/5 8292/15/5
f 8317/13/5 8292/13/5 8316/13/5
f 8318/16/5 8294/16/5 8293/16/5
f 8318/15/5 8293/15/5 8317/15/5
f 8319/13/5 8295/13/5 8294/13/5
f 8319/16/5 8294/16/5 8318/16/5
f 8320/16/5 8296/16/5 8295/16/5
f 8320/13/5 8295/13/5 8319/13/5
f 8321/14/5 8297/14/5 8296/14/5
f 8321/16/5 8296/16/5 8320/16/5
f 8321/14/5 8298/14/5 8297/14/5
f 8322/15/5 8299/15/5 8298/15/5
f 8322/14/5 8298/14/5 8321/14/5
f 8323/15/5 8299/15/5 8322/15/5
f 8328/14/5 8325/14/5 8324/14/5
f 8329/14/5 8325/14/5 8328/14/5
f 8330/15/5 8327/15/5 8326/15/5
f 8331/15/5 8327/15/5 8330/15/5
f 8332/15/5 8329/15/5 8328/15/5
f 8333/15/5 8329/15/5 8332/15/5
f 8334/13/5 8331/13/5 8330/13/5
f 8335/13/5 8331/13/5 8334/13/5
f 8336/16/5 8333/16/5 8332/16/5
f 8337/16/5 8333/16/5 8336/16/5
f 8338/16/5 8335/16/5 8334/16/5
f 8339/15/5 8337/15/5 8336/15/5
f 8340/15/5 8337/15/5 8339/15/5
f 8341/16/5 8335/16/5 8338/16/5
f 8342/16/5 8335/16/5 8341/16/5
f 8343/13/5 8340/13/5 8339/13/5
f 8344/13/5 8340/13/5 8343/13/5
f 8345/15/5 8342/15/5 8341/15/5
f 8346/15/5 8342/15/5 8345/15/5
f 8347/15/5 8342/15/5 8346/15/5
f 8348/16/5 8344/16/5 8343/16/5
f 8349/14/5 8347/14/5 8346/14/5
f 8350/14/5 8347/14/5 8349/14/5
f 8351/16/5 8348/16/5 8343/16/5
f 8352/16/5 8348/16/5 8351/16/5
f 8353/14/5 8352/14/5 8351/14/5
f 8354/14/5 8352/14/5 8353/14/5
f 8355/15/5 8354/15/5 8353/15/5
f 8356/15/5 8354/15/5 8355/15/5
f 8357/15/5 8350/15/5 8349/15/5
f 8358/15/5 8350/15/5 8357/15/5
f 8359/16/5 8356/16/5 8355/16/5
f 8360/14/5 8358/14/5 8357/14/5
f 8361/14/5 8358/14/5 8360/14/5
f 8362/16/5 8359/16/5 8355/16/5
f 8363/16/5 8359/16/5 8362/16/5
f 8364/16/5 8361/16/5 8360/16/5
f 8365/16/5 8361/16/5 8364/16/5
f 8366/15/5 8363/15/5 8362/15/5
f 8367/15/5 8366/15/5 8362/15/5
f 8368/15/5 8366/15/5 8367/15/5
f 8369/14/5 8368/14/5 8367/14/5
f 8370/14/5 8368/14/5 8369/14/5
f 8371/15/5 8365/15/5 8364/15/5
f 8372/15/5 8370/15/5 8369/15/5
f 8373/15/5 8370/15/5 8372/15/5
f 8374/15/5 8365/15/5 8371/15/5
f 8375/15/5 8365/15/5 8374/15/5
f 8376/16/5 8373/16/5 8372/16/5
f 8377/16/5 8373/16/5 8376/16/5
f 8378/16/5 8375/16/5 8374/16/5
f 8379/14/5 8377/14/5 8376/14/5
f 8380/14/5 8377/14/5 8379/14/5
f 8381/16/5 8375/16/5 8378/16/5
f 8382/16/5 8375/16/5 8381/16/5
f 8383/15/5 8382/15/5 8381/15/5
f 8384/15/5 8382/15/5 8383/15/5
f 8385/15/5 8380/15/5 8379/15/5
f 8386/15/5 8380/15/5 8385/15/5
f 8387/14/5 8384/14/5 8383/14/5
f 8388/14/5 8384/14/5 8387/14/5
f 8389/14/5 8386/14/5 8385/14/5
f 8390/14/5 8386/14/5 8389/14/5
f 8391/16/5 8388/16/5 8387/16/5
f 8392/15/5 8390/15/5 8389/15/5
f 8393/15/5 8392/15/5 8389/15/5
f 8394/16/5 8388/16/5 8391/16/5
f 8395/16/5 8388/16/5 8394/16/5
f 8396/15/5 8393/15/5 8389/15/5
f 8397/15/5 8393/15/5 8396/15/5
f 8398/13/5 8395/13/5 8394/13/5
f 8399/13/5 8395/13/5 8398/13/5
f 8400/16/5 8397/16/5 8396/16/5
f 8401/15/5 8399/15/5 8398/15/5
f 8402/15/5 8399/15/5 8401/15/5
f 8403/16/5 8400/16/5 8396/16/5
f 8404/16/5 8400/16/5 8403/16/5
f 8405/16/5 8402/16/5 8401/16/5
f 8406/16/5 8402/16/5 8405/16/5
f 8407/13/5 8404/13/5 8403/13/5
f 8408/13/5 8404/13/5 8407/13/5
f 8409/15/5 8406/15/5 8405/15/5
f 8410/15/5 8406/15/5 8409/15/5
f 8411/15/5 8408/15/5 8407/15/5
f 8412/15/5 8408/15/5 8411/15/5
f 8413/14/5 8410/14/5 8409/14/5
f 8414/14/5 8410/14/5 8413/14/5
f 8419/15/5 8416/15/5 8415/15/5
f 8420/15/5 8416/15/5 8419/15/5
f 8425/15/5 8418/15/5 8417/15/5
f 8426/15/5 8418/15/5 8425/15/5
f 8427/15/5 8421/15/5 8420/15/5
f 8428/5/5 8422/5/5 8421/5/5
f 8428/15/5 8421/15/5 8427/15/5
f 8429/5/5 8422/5/5 8428/5/5
f 8430/5/5 8424/5/5 8423/5/5
f 8431/15/5 8425/15/5 8424/15/5
f 8431/5/5 8424/5/5 8430/5/5
f 8432/15/5 8425/15/5 8431/15/5
f 8433/1/5 8429/1/5 8428/1/5
f 8434/1/5 8429/1/5 8433/1/5
f 8435/1/5 8431/1/5 8430/1/5
f 8436/1/5 8431/1/5 8435/1/5
f 8437/5/5 8434/5/5 8433/5/5
f 8439/5/5 8436/5/5 8435/5/5
f 8440/5/5 8436/5/5 8439/5/5
f 8441/6/5 8438/6/5 8437/6/5
f 8441/5/5 8437/5/5 8433/5/5
f 8442/6/5 8438/6/5 8441/6/5
f 8443/5/5 8441/5/5 8433/5/5
f 8444/5/5 8441/5/5 8443/5/5
f 8446/1/5 8440/1/5 8439/1/5
f 8447/16/5 8444/16/5 8443/16/5
f 8448/16/5 8444/16/5 8447/16/5
f 8449/5/5 8446/5/5 8445/5/5
f 8450/1/5 8440/1/5 8446/1/5
f 8450/5/5 8446/5/5 8449/5/5
f 8451/1/5 8440/1/5 8450/1/5
f 8452/1/5 8440/1/5 8451/1/5
f 8455/16/5 8454/16/5 8453/16/5
f 8456/16/5 8454/16/5 8455/16/5
f 8457/5/5 8452/5/5 8451/5/5
f 8458/5/5 8452/5/5 8457/5/5
f 8459/5/5 8456/5/5 8455/5/5
f 8460/5/5 8456/5/5 8459/5/5
f 8462/1/5 8460/1/5 8459/1/5
f 8463/6/5 8461/6/5 8460/6/5
f 8463/1/5 8460/1/5 8462/1/5
f 8464/6/5 8461/6/5 8463/6/5
f 8465/5/5 8463/5/5 8462/5/5
f 8466/6/5 8464/6/5 8463/6/5
f 8466/5/5 8463/5/5 8465/5/5
f 8467/6/5 8464/6/5 8466/6/5
f 8468/1/5 8458/1/5 8457/1/5
f 8469/1/5 8458/1/5 8468/1/5
f 8470/6/5 8467/6/5 8466/6/5
f 8470/1/5 8466/1/5 8465/1/5
f 8471/6/5 8467/6/5 8470/6/5
f 8473/1/5 8470/1/5 8465/1/5
f 8474/1/5 8470/1/5 8473/1/5
f 8475/5/5 8469/5/5 8468/5/5
f 8478/15/5 8473/15/5 8472/15/5
f 8479/5/5 8474/5/5 8473/5/5
f 8479/15/5 8473/15/5 8478/15/5
f 8480/5/5 8474/5/5 8479/5/5
f 8481/5/5 8475/5/5 8468/5/5
f 8482/15/5 8476/15/5 8475/15/5
f 8482/5/5 8475/5/5 8481/5/5
f 8483/15/5 8476/15/5 8482/15/5
f 8485/15/5 8478/15/5 8477/15/5
f 8486/15/5 8478/15/5 8485/15/5
f 8487/15/5 8484/15/5 8483/15/5
f 8488/15/5 8484/15/5 8487/15/5
f 8493/15/5 8490/15/5 8489/15/5
f 8494/15/5 8490/15/5 8493/15/5
f 8497/16/5 8492/16/5 8491/16/5
f 8498/16/5 8492/16/5 8497/16/5
f 8499/15/5 8495/15/5 8494/15/5
f 8500/15/5 8495/15/5 8499/15/5
f 8501/15/5 8495/15/5 8500/15/5
f 8502/15/5 8497/15/5 8496/15/5
f 8503/15/5 8497/15/5 8502/15/5
f 8504/15/5 8497/15/5 8503/15/5
f 8505/14/5 8501/14/5 8500/14/5
f 8506/14/5 8501/14/5 8505/14/5
f 8507/5/5 8503/5/5 8502/5/5
f 8508/5/5 8503/5/5 8507/5/5
f 8509/5/5 8506/5/5 8505/5/5
f 8510/5/5 8506/5/5 8509/5/5
f 8511/13/5 8510/13/5 8509/13/5
f 8512/13/5 8510/13/5 8511/13/5
f 8513/1/5 8508/1/5 8507/1/5
f 8514/1/5 8508/1/5 8513/1/5
f 8515/1/5 8512/1/5 8511/1/5
f 8516/1/5 8512/1/5 8515/1/5
f 8517/13/5 8514/13/5 8513/13/5
f 8518/13/5 8514/13/5 8517/13/5
f 8519/5/5 8516/5/5 8515/5/5
f 8520/5/5 8516/5/5 8519/5/5
f 8521/1/5 8518/1/5 8517/1/5
f 8522/1/5 8518/1/5 8521/1/5
f 8523/5/5 8522/5/5 8521/5/5
f 8524/5/5 8522/5/5 8523/5/5
f 8525/1/5 8524/1/5 8523/1/5
f 8526/1/5 8524/1/5 8525/1/5
f 8530/1/5 8528/1/5 8527/1/5
f 8531/5/5 8529/5/5 8528/5/5
f 8531/1/5 8528/1/5 8530/1/5
f 8532/5/5 8529/5/5 8531/5/5
f 8533/5/5 8526/5/5 8525/5/5
f 8534/5/5 8526/5/5 8533/5/5
f 8535/13/5 8531/13/5 8530/13/5
f 8536/13/5 8531/13/5 8535/13/5
f 8537/1/5 8534/1/5 8533/1/5
f 8538/1/5 8534/1/5 8537/1/5
f 8539/13/5 8538/13/5 8537/13/5
f 8540/13/5 8538/13/5 8539/13/5
f 8541/1/5 8536/1/5 8535/1/5
f 8542/1/5 8536/1/5 8541/1/5
f 8543/5/5 8540/5/5 8539/5/5
f 8544/5/5 8540/5/5 8543/5/5
f 8546/5/5 8542/5/5 8541/5/5
f 8547/5/5 8542/5/5 8546/5/5
f 8548/14/5 8544/14/5 8543/14/5
f 8549/14/5 8544/14/5 8548/14/5
f 8552/15/5 8546/15/5 8545/15/5
f 8552/15/5 8547/15/5 8546/15/5
f 8553/15/5 8547/15/5 8552/15/5
f 8554/15/5 8549/15/5 8548/15/5
f 8554/15/5 8550/15/5 8549/15/5
f 8555/15/5 8550/15/5 8554/15/5
f 8557/16/5 8552/16/5 8551/16/5
f 8558/16/5 8552/16/5 8557/16/5
f 8559/15/5 8556/15/5 8555/15/5
f 8560/15/5 8556/15/5 8559/15/5
f 8565/16/5 8562/16/5 8561/16/5
f 8566/16/5 8562/16/5 8565/16/5
f 8569/15/5 8564/15/5 8563/15/5
f 8570/15/5 8564/15/5 8569/15/5
f 8571/15/5 8567/15/5 8566/15/5
f 8572/15/5 8567/15/5 8571/15/5
f 8573/15/5 8569/15/5 8568/15/5
f 8574/15/5 8569/15/5 8573/15/5
f 8580/15/5 8576/15/5 8575/15/5
f 8581/15/5 8576/15/5 8580/15/5
f 8582/15/5 8578/15/5 8577/15/5
f 8583/15/5 8578/15/5 8582/15/5
f 8585/15/5 8580/15/5 8579/15/5
f 8586/15/5 8580/15/5 8585/15/5
f 8587/16/5 8584/16/5 8583/16/5
f 8588/16/5 8584/16/5 8587/16/5
f 8593/16/5 8590/16/5 8589/16/5
f 8594/16/5 8590/16/5 8593/16/5
f 8597/15/5 8592/15/5 8591/15/5
f 8598/15/5 8592/15/5 8597/15/5
f 8599/15/5 8595/15/5 8594/15/5
f 8600/15/5 8595/15/5 8599/15/5
f 8601/15/5 8597/15/5 8596/15/5
f 8602/15/5 8597/15/5 8601/15/5
f 8608/15/5 8604/15/5 8603/15/5
f 8609/15/5 8604/15/5 8608/15/5
f 8610/15/5 8606/15/5 8605/15/5
f 8611/15/5 8606/15/5 8610/15/5
f 8613/15/5 8608/15/5 8607/15/5
f 8614/15/5 8608/15/5 8613/15/5
f 8615/16/5 8612/16/5 8611/16/5
f 8616/16/5 8612/16/5 8615/16/5
f 8621/14/5 8618/14/5 8617/14/5
f 8622/14/5 8618/14/5 8621/14/5
f 8624/13/5 8620/13/5 8619/13/5
f 8625/13/5 8620/13/5 8624/13/5
f 8626/13/5 8622/13/5 8621/13/5
f 8627/5/5 8623/5/5 8622/5/5
f 8627/13/5 8622/13/5 8626/13/5
f 8628/5/5 8623/5/5 8627/5/5
f 8629/6/5 8628/6/5 8627/6/5
f 8630/6/5 8628/6/5 8629/6/5
f 8633/16/5 8632/16/5 8631/16/5
f 8634/16/5 8632/16/5 8633/16/5
f 8635/15/5 8634/15/5 8633/15/5
f 8636/15/5 8634/15/5 8635/15/5
f 8637/1/5 8625/1/5 8624/1/5
f 8638/1/5 8625/1/5 8637/1/5
f 8639/16/5 8636/16/5 8635/16/5
f 8640/16/5 8639/16/5 8635/16/5
f 8641/16/5 8639/16/5 8640/16/5
f 8644/5/5 8638/5/5 8637/5/5
f 8645/5/5 8638/5/5 8644/5/5
f 8648/1/5 8643/1/5 8642/1/5
f 8649/1/5 8643/1/5 8648/1/5
f 8650/13/5 8647/13/5 8646/13/5
f 8651/13/5 8647/13/5 8650/13/5
f 8652/13/5 8649/13/5 8648/13/5
f 8653/13/5 8649/13/5 8652/13/5
f 8654/14/5 8651/14/5 8650/14/5
f 8655/14/5 8651/14/5 8654/14/5
f 8660/14/5 8657/14/5 8656/14/5
f 8661/14/5 8657/14/5 8660/14/5
f 8664/14/5 8659/14/5 8658/14/5
f 8665/14/5 8659/14/5 8664/14/5
f 8666/15/5 8662/15/5 8661/15/5
f 8667/15/5 8662/15/5 8666/15/5
f 8668/15/5 8664/15/5 8663/15/5
f 8669/15/5 8664/15/5 8668/15/5
f 8672/5/5 8671/5/5 8670/5/5
f 8673/5/5 8671/5/5 8672/5/5
f 8674/1/5 8673/1/5 8672/1/5
f 8675/1/5 8673/1/5 8674/1/5
f 8678/1/5 8677/1/5 8676/1/5
f 8679/1/5 8677/1/5 8678/1/5
f 8685/15/5 8681/15/5 8680/15/5
f 8686/15/5 8681/15/5 8685/15/5
f 8687/15/5 8683/15/5 8682/15/5
f 8688/15/5 8683/15/5 8687/15/5
f 8690/14/5 8685/14/5 8684/14/5
f 8691/14/5 8685/14/5 8690/14/5
f 8692/14/5 8689/14/5 8688/14/5
f 8693/14/5 8689/14/5 8692/14/5
f 8698/16/5 8695/16/5 8694/16/5
f 8699/16/5 8695/16/5 8698/16/5
f 8702/14/5 8697/14/5 8696/14/5
f 8703/14/5 8697/14/5 8702/14/5
f 8704/15/5 8700/15/5 8699/15/5
f 8705/15/5 8702/15/5 8701/15/5
f 8706/15/5 8704/15/5 8699/15/5
f 8707/15/5 8704/15/5 8706/15/5
f 8708/15/5 8702/15/5 8705/15/5
f 8709/15/5 8702/15/5 8708/15/5
f 8714/15/5 8711/15/5 8710/15/5
f 8715/15/5 8713/15/5 8712/15/5
f 8717/15/5 8714/15/5 8710/15/5
f 8718/15/5 8714/15/5 8717/15/5
f 8719/15/5 8713/15/5 8715/15/5
f 8720/15/5 8713/15/5 8719/15/5
f 8722/14/5 8717/14/5 8716/14/5
f 8723/14/5 8717/14/5 8722/14/5
f 8724/16/5 8721/16/5 8720/16/5
f 8725/16/5 8721/16/5 8724/16/5
f 8730/16/5 8729/16/5 8728/16/5
f 8731/16/5 8729/16/5 8730/16/5
f 8732/16/5 8727/16/5 8726/16/5
f 8733/16/5 8727/16/5 8732/16/5
f 8736/14/5 8731/14/5 8730/14/5
f 8737/14/5 8731/14/5 8736/14/5
f 8738/15/5 8736/15/5 8735/15/5
f 8739/15/5 8734/15/5 8733/15/5
f 8740/15/5 8734/15/5 8739/15/5
f 8741/15/5 8734/15/5 8740/15/5
f 8743/15/5 8736/15/5 8738/15/5
f 8744/15/5 8736/15/5 8743/15/5
f 8745/15/5 8736/15/5 8744/15/5
f 8746/14/5 8741/14/5 8740/14/5
f 8747/14/5 8741/14/5 8746/14/5
f 8748/5/5 8744/5/5 8743/5/5
f 8748/6/5 8743/6/5 8742/6/5
f 8749/5/5 8744/5/5 8748/5/5
f 8750/13/5 8747/13/5 8746/13/5
f 8751/13/5 8747/13/5 8750/13/5
f 8752/6/5 8748/6/5 8742/6/5
f 8753/1/5 8749/1/5 8748/1/5
f 8753/6/5 8748/6/5 8752/6/5
f 8754/1/5 8749/1/5 8753/1/5
f 8760/1/5 8756/1/5 8755/1/5
f 8761/6/5 8757/6/5 8756/6/5
f 8761/1/5 8756/1/5 8760/1/5
f 8762/6/5 8757/6/5 8761/6/5
f 8763/13/5 8759/13/5 8758/13/5
f 8764/13/5 8759/13/5 8763/13/5
f 8766/5/5 8761/5/5 8760/5/5
f 8767/6/5 8762/6/5 8761/6/5
f 8767/5/5 8761/5/5 8766/5/5
f 8768/6/5 8762/6/5 8767/6/5
f 8769/14/5 8764/14/5 8763/14/5
f 8770/14/5 8764/14/5 8769/14/5
f 8772/15/5 8766/15/5 8765/15/5
f 8772/15/5 8767/15/5 8766/15/5
f 8774/15/5 8772/15/5 8765/15/5
f 8775/15/5 8772/15/5 8774/15/5
f 8776/15/5 8770/15/5 8769/15/5
f 8776/15/5 8771/15/5 8770/15/5
f 8777/15/5 8771/15/5 8776/15/5
f 8779/14/5 8774/14/5 8773/14/5
f 8780/14/5 8774/14/5 8779/14/5
f 8781/16/5 8780/16/5 8779/16/5
f 8782/16/5 8780/16/5 8781/16/5
f 8783/16/5 8778/16/5 8777/16/5
f 8784/16/5 8778/16/5 8783/16/5
f 8789/16/5 8786/16/5 8785/16/5
f 8790/16/5 8786/16/5 8789/16/5
f 8791/13/5 8788/13/5 8787/13/5
f 8792/13/5 8788/13/5 8791/13/5
f 8793/14/5 8790/14/5 8789/14/5
f 8794/14/5 8790/14/5 8793/14/5
f 8797/14/5 8792/14/5 8791/14/5
f 8798/14/5 8792/14/5 8797/14/5
f 8799/15/5 8795/15/5 8794/15/5
f 8800/16/5 8797/16/5 8796/16/5
f 8801/15/5 8799/15/5 8794/15/5
f 8802/15/5 8799/15/5 8801/15/5
f 8805/16/5 8797/16/5 8800/16/5
f 8806/16/5 8797/16/5 8805/16/5
f 8808/14/5 8803/14/5 8802/14/5
f 8809/14/5 8803/14/5 8808/14/5
f 8810/14/5 8805/14/5 8804/14/5
f 8811/14/5 8805/14/5 8810/14/5
f 8813/16/5 8808/16/5 8807/16/5
f 8814/15/5 8812/15/5 8811/15/5
f 8816/16/5 8813/16/5 8807/16/5
f 8817/16/5 8813/16/5 8816/16/5
f 8818/15/5 8812/15/5 8814/15/5
f 8819/15/5 8812/15/5 8818/15/5
f 8821/14/5 8816/14/5 8815/14/5
f 8822/14/5 8816/14/5 8821/14/5
f 8823/14/5 8820/14/5 8819/14/5
f 8824/14/5 8820/14/5 8823/14/5
f 8825/13/5 8822/13/5 8821/13/5
f 8826/13/5 8822/13/5 8825/13/5
f 8827/16/5 8824/16/5 8823/16/5
f 8828/16/5 8824/16/5 8827/16/5
f 8833/14/5 8830/14/5 8829/14/5
f 8834/14/5 8830/14/5 8833/14/5
f 8837/15/5 8832/15/5 8831/15/5
f 8838/15/5 8832/15/5 8837/15/5
f 8839/16/5 8835/16/5 8834/16/5
f 8840/16/5 8835/16/5 8839/16/5
f 8841/15/5 8837/15/5 8836/15/5
f 8842/15/5 8837/15/5 8841/15/5
f 8844/15/5 8840/15/5 8839/15/5
f 8845/15/5 8840/15/5 8844/15/5
f 8846/16/5 8842/16/5 8841/16/5
f 8847/16/5 8842/16/5 8846/16/5
f 8849/15/5 8844/15/5 8843/15/5
f 8850/15/5 8844/15/5 8849/15/5
f 8851/14/5 8848/14/5 8847/14/5
f 8852/14/5 8848/14/5 8851/14/5
f 8857/16/5 8854/16/5 8853/16/5
f 8858/16/5 8854/16/5 8857/16/5
f 8859/14/5 8856/14/5 8855/14/5
f 8860/14/5 8856/14/5 8859/14/5
f 8861/14/5 8858/14/5 8857/14/5
f 8862/14/5 8858/14/5 8861/14/5
f 8863/16/5 8860/16/5 8859/16/5
f 8864/16/5 8860/16/5 8863/16/5
f 8865/13/6 8866/13/6 8869/13/6
f 8869/13/6 8866/13/6 8870/13/6
f 8867/5/6 8868/5/6 8871/5/6
f 8868/1/6 8869/1/6 8872/1/6
f 8871/5/6 8868/5/6 8872/5/6
f 8872/1/6 8869/1/6 8873/1/6
f 8874/14/6 8875/14/6 8878/14/6
f 8878/14/6 8875/14/6 8879/14/6
f 8876/1/6 8877/1/6 8880/1/6
f 8880/1/6 8877/1/6 8881/1/6
f 8882/9/6 8883/9/6 8889/9/6
f 8883/7/6 8884/7/6 8890/7/6
f 8889/9/6 8883/9/6 8890/9/6
f 8890/7/6 8884/7/6 8891/7/6
f 8885/9/6 8886/9/6 8906/9/6
f 8886/7/6 8887/7/6 8907/7/6
f 8906/9/6 8886/9/6 8907/9/6
f 8907/7/6 8887/7/6 8908/7/6
f 8888/13/6 8889/13/6 8910/13/6
f 8889/7/6 8890/7/6 8911/7/6
f 8910/13/6 8889/13/6 8911/13/6
f 8890/5/6 8891/5/6 8912/5/6
f 8911/7/6 8890/7/6 8912/7/6
f 8891/14/6 8892/14/6 8913/14/6
f 8912/5/6 8891/5/6 8913/5/6
f 8892/1/6 8893/1/6 8914/1/6
f 8913/14/6 8892/14/6 8914/14/6
f 8893/5/6 8894/5/6 8915/5/6
f 8914/1/6 8893/1/6 8915/1/6
f 8894/1/6 8895/1/6 8916/1/6
f 8915/5/6 8894/5/6 8916/5/6
f 8895/5/6 8896/5/6 8917/5/6
f 8916/1/6 8895/1/6 8917/1/6
f 8896/14/6 8897/14/6 8918/14/6
f 8917/5/6 8896/5/6 8918/5/6
f 8897/5/6 8898/5/6 8919/5/6
f 8918/14/6 8897/14/6 8919/14/6
f 8898/1/6 8899/1/6 8920/1/6
f 8919/5/6 8898/5/6 8920/5/6
f 8899/5/6 8900/5/6 8921/5/6
f 8920/1/6 8899/1/6 8921/1/6
f 8900/1/6 8901/1/6 8922/1/6
f 8921/5/6 8900/5/6 8922/5/6
f 8901/5/6 8902/5/6 8923/5/6
f 8922/1/6 8901/1/6 8923/1/6
f 8902/1/6 8903/1/6 8924/1/6
f 8923/5/6 8902/5/6 8924/5/6
f 8903/5/6 8904/5/6 8925/5/6
f 8924/1/6 8903/1/6 8925/1/6
f 8904/14/6 8905/14/6 8926/14/6
f 8925/5/6 8904/5/6 8926/5/6
f 8905/5/6 8906/5/6 8927/5/6
f 8926/14/6 8905/14/6 8927/14/6
f 8906/5/6 8907/5/6 8927/5/6
f 8927/5/6 8907/5/6 8928/5/6
f 8908/7/6 8909/7/6 8929/7/6
f 8928/5/6 8907/5/6 8929/5/6
f 8907/7/6 8908/7/6 8929/7/6
f 8929/7/6 8909/7/6 8930/7/6
f 8910/9/6 8911/9/6 8931/9/6
f 8911/5/6 8912/5/6 8932/5/6
f 8931/9/6 8911/9/6 8932/9/6
f 8932/5/6 8912/5/6 8933/5/6
f 8932/5/6 8933/5/6 8937/5/6
f 8933/6/6 8934/6/6 8938/6/6
f 8937/5/6 8933/5/6 8938/5/6
f 8935/13/6 8936/13/6 8939/13/6
f 8939/13/6 8936/13/6 8940/13/6
f 8937/14/6 8938/14/6 8941/14/6
f 8938/6/6 8934/6/6 8942/6/6
f 8941/14/6 8938/14/6 8942/14/6
f 8941/13/6 8942/13/6 8943/13/6
f 8942/6/6 8934/6/6 8944/6/6
f 8943/13/6 8942/13/6 8944/13/6
f 8944/6/6 8934/6/6 8945/6/6
f 8939/5/6 8940/5/6 8946/5/6
f 8946/5/6 8940/5/6 8947/5/6
f 8943/5/6 8944/5/6 8948/5/6
f 8948/5/6 8944/5/6 8949/5/6
f 8946/13/6 8947/13/6 8950/13/6
f 8950/13/6 8947/13/6 8951/13/6
f 8948/1/6 8949/1/6 8952/1/6
f 8952/1/6 8949/1/6 8953/1/6
f 8950/5/6 8951/5/6 8954/5/6
f 8954/5/6 8951/5/6 8955/5/6
f 8954/13/6 8955/13/6 8956/13/6
f 8956/13/6 8955/13/6 8957/13/6
f 8952/5/6 8953/5/6 8958/5/6
f 8958/5/6 8953/5/6 8959/5/6
f 8956/5/6 8957/5/6 8960/5/6
f 8960/5/6 8957/5/6 8961/5/6
f 8962/4/6 8963/4/6 8964/4/6
f 8964/4/6 8963/4/6 8965/4/6
f 8960/1/6 8961/1/6 8968/1/6
f 8968/1/6 8961/1/6 8969/1/6
f 8968/5/6 8969/5/6 8970/5/6
f 8970/5/6 8969/5/6 8971/5/6
f 8966/5/6 8967/5/6 8972/5/6
f 8972/5/6 8967/5/6 8973/5/6
f 8970/14/6 8971/14/6 8974/14/6
f 8974/14/6 8971/14/6 8975/14/6
f 8972/13/6 8973/13/6 8976/13/6
f 8976/13/6 8973/13/6 8977/13/6
f 8974/5/6 8975/5/6 8978/5/6
f 8978/5/6 8975/5/6 8979/5/6
f 8976/5/6 8977/5/6 8980/5/6
f 8980/5/6 8977/5/6 8981/5/6
f 8980/1/6 8981/1/6 8982/1/6
f 8982/1/6 8981/1/6 8983/1/6
f 8978/1/6 8979/1/6 8985/1/6
f 8985/1/6 8979/1/6 8986/1/6
f 8984/6/6 8985/6/6 8987/6/6
f 8985/13/6 8986/13/6 8987/13/6
f 8987/13/6 8986/13/6 8988/13/6
f 8984/6/6 8987/6/6 8989/6/6
f 8987/14/6 8988/14/6 8989/14/6
f 8989/14/6 8988/14/6 8990/14/6
f 8982/5/6 8983/5/6 8991/5/6
f 8991/5/6 8983/5/6 8992/5/6
f 8984/6/6 8989/6/6 8993/6/6
f 8989/1/6 8990/1/6 8994/1/6
f 8993/6/6 8989/6/6 8994/6/6
f 8991/1/6 8992/1/6 8995/1/6
f 8995/1/6 8992/1/6 8996/1/6
f 8994/1/6 8990/1/6 8997/1/6
f 8997/1/6 8990/1/6 8998/1/6
f 8995/5/6 8996/5/6 9000/5/6
f 9000/5/6 8996/5/6 9001/5/6
f 8997/5/6 8998/5/6 9002/5/6
f 9002/5/6 8998/5/6 9003/5/6
f 8999/9/6 9000/9/6 9005/9/6
f 9000/5/6 9001/5/6 9006/5/6
f 9005/9/6 9000/9/6 9006/9/6
f 9006/5/6 9001/5/6 9007/5/6
f 9002/5/6 9003/5/6 9026/5/6
f 9003/9/6 9004/9/6 9027/9/6
f 9026/5/6 9003/5/6 9027/5/6
f 9027/9/6 9004/9/6 9028/9/6
f 9005/7/6 9006/7/6 9029/7/6
f 9006/7/6 9007/7/6 9029/7/6
f 9029/7/6 9007/7/6 9030/7/6
f 9007/5/6 9008/5/6 9031/5/6
f 9030/7/6 9007/7/6 9031/7/6
f 9008/5/6 9009/5/6 9031/5/6
f 9031/5/6 9009/5/6 9032/5/6
f 9009/14/6 9010/14/6 9033/14/6
f 9032/5/6 9009/5/6 9033/5/6
f 9010/1/6 9011/1/6 9034/1/6
f 9033/14/6 9010/14/6 9034/14/6
f 9011/1/6 9012/1/6 9034/1/6
f 9012/5/6 9013/5/6 9035/5/6
f 9034/1/6 9012/1/6 9035/1/6
f 9013/1/6 9014/1/6 9036/1/6
f 9035/5/6 9013/5/6 9036/5/6
f 9014/5/6 9015/5/6 9037/5/6
f 9036/1/6 9014/1/6 9037/1/6
f 9015/1/6 9016/1/6 9038/1/6
f 9037/5/6 9015/5/6 9038/5/6
f 9016/5/6 9017/5/6 9039/5/6
f 9038/1/6 9016/1/6 9039/1/6
f 9017/1/6 9018/1/6 9040/1/6
f 9039/5/6 9017/5/6 9040/5/6
f 9018/5/6 9019/5/6 9041/5/6
f 9040/1/6 9018/1/6 9041/1/6
f 9019/14/6 9020/14/6 9042/14/6
f 9041/5/6 9019/5/6 9042/5/6
f 9020/5/6 9021/5/6 9043/5/6
f 9042/14/6 9020/14/6 9043/14/6
f 9021/1/6 9022/1/6 9044/1/6
f 9043/5/6 9021/5/6 9044/5/6
f 9022/5/6 9023/5/6 9045/5/6
f 9044/1/6 9022/1/6 9045/1/6
f 9023/1/6 9024/1/6 9046/1/6
f 9045/5/6 9023/5/6 9046/5/6
f 9024/14/6 9025/14/6 9047/14/6
f 9046/1/6 9024/1/6 9047/1/6
f 9025/5/6 9026/5/6 9048/5/6
f 9047/14/6 9025/14/6 9048/14/6
f 9026/7/6 9027/7/6 9049/7/6
f 9048/5/6 9026/5/6 9049/5/6
f 9027/13/6 9028/13/6 9050/13/6
f 9049/7/6 9027/7/6 9050/7/6
f 9050/13/6 9028/13/6 9051/13/6
f 9030/7/6 9031/7/6 9052/7/6
f 9031/9/6 9032/9/6 9053/9/6
f 9052/7/6 9031/7/6 9053/7/6
f 9053/9/6 9032/9/6 9054/9/6
f 9048/7/6 9049/7/6 9055/7/6
f 9049/9/6 9050/9/6 9056/9/6
f 9055/7/6 9049/7/6 9056/7/6
f 9056/9/6 9050/9/6 9057/9/6
f 9058/1/6 9059/1/6 9061/1/6
f 9059/5/6 9060/5/6 9062/5/6
f 9061/1/6 9059/1/6 9062/1/6
f 9062/5/6 9060/5/6 9063/5/6
f 9064/17/6 9065/17/6 9066/17/6
f 9066/17/6 9065/17/6 9067/17/6
f 9067/2/6 9068/2/6 9069/2/6
f 9069/2/6 9068/2/6 9070/2/6
f 9071/5/6 9072/5/6 9073/5/6
f 9073/5/6 9072/5/6 9074/5/6
f 9073/17/6 9074/17/6 9076/17/6
f 9074/17/6 9075/17/6 9076/17/6
f 9076/17/6 9075/17/6 9077/17/6
f 9077/17/6 9075/17/6 9078/17/6
f 9077/17/6 9078/17/6 9080/17/6
f 9078/14/6 9079/14/6 9081/14/6
f 9080/17/6 9078/17/6 9081/17/6
f 9081/14/6 9079/14/6 9082/14/6
f 9080/14/6 9081/14/6 9083/14/6
f 9081/13/6 9082/13/6 9084/13/6
f 9083/14/6 9081/14/6 9084/14/6
f 9084/13/6 9082/13/6 9085/13/6
f 9083/17/6 9084/17/6 9086/17/6
f 9084/17/6 9085/17/6 9086/17/6
f 9086/17/6 9085/17/6 9087/17/6
f 9083/17/6 9086/17/6 9088/17/6
f 9086/13/6 9087/13/6 9089/13/6
f 9088/17/6 9086/17/6 9089/17/6
f 9089/13/6 9087/13/6 9090/13/6
f 9088/17/6 9089/17/6 9091/17/6
f 9089/17/6 9090/17/6 9091/17/6
f 9091/17/6 9090/17/6 9092/17/6
f 9091/13/6 9092/13/6 9094/13/6
f 9092/17/6 9090/17/6 9095/17/6
f 9094/13/6 9092/13/6 9095/13/6
f 9095/17/6 9090/17/6 9096/17/6
f 9093/17/6 9094/17/6 9097/17/6
f 9094/17/6 9095/17/6 9097/17/6
f 9097/17/6 9095/17/6 9098/17/6
f 9098/17/6 9095/17/6 9099/17/6
f 9100/6/6 9101/6/6 9103/6/6
f 9102/6/6 9103/6/6 9104/6/6
f 9103/6/6 9101/6/6 9105/6/6
f 9104/6/6 9103/6/6 9105/6/6
f 9104/1/6 9105/1/6 9106/1/6
f 9106/1/6 9105/1/6 9107/1/6
f 9108/9/6 9109/9/6 9115/9/6
f 9109/7/6 9110/7/6 9116/7/6
f 9115/9/6 9109/9/6 9116/9/6
f 9116/7/6 9110/7/6 9117/7/6
f 9111/9/6 9112/9/6 9128/9/6
f 9112/7/6 9113/7/6 9129/7/6
f 9128/9/6 9112/9/6 9129/9/6
f 9129/7/6 9113/7/6 9130/7/6
f 9114/9/6 9115/9/6 9132/9/6
f 9115/7/6 9116/7/6 9133/7/6
f 9132/9/6 9115/9/6 9133/9/6
f 9116/5/6 9117/5/6 9134/5/6
f 9133/7/6 9116/7/6 9134/7/6
f 9117/1/6 9118/1/6 9135/1/6
f 9134/5/6 9117/5/6 9135/5/6
f 9118/5/6 9119/5/6 9136/5/6
f 9135/1/6 9118/1/6 9136/1/6
f 9119/1/6 9120/1/6 9137/1/6
f 9136/5/6 9119/5/6 9137/5/6
f 9137/1/6 9120/1/6 9138/1/6
f 9120/5/6 9121/5/6 9139/5/6
f 9138/1/6 9120/1/6 9139/1/6
f 9139/5/6 9121/5/6 9140/5/6
f 9122/1/6 9123/1/6 9141/1/6
f 9123/5/6 9124/5/6 9142/5/6
f 9141/1/6 9123/1/6 9142/1/6
f 9124/1/6 9125/1/6 9143/1/6
f 9142/5/6 9124/5/6 9143/5/6
f 9125/5/6 9126/5/6 9144/5/6
f 9143/1/6 9125/1/6 9144/1/6
f 9144/5/6 9126/5/6 9145/5/6
f 9126/1/6 9127/1/6 9146/1/6
f 9145/5/6 9126/5/6 9146/5/6
f 9127/5/6 9128/5/6 9147/5/6
f 9146/1/6 9127/1/6 9147/1/6
f 9128/5/6 9129/5/6 9147/5/6
f 9147/5/6 9129/5/6 9148/5/6
f 9129/7/6 9130/7/6 9149/7/6
f 9148/5/6 9129/5/6 9149/5/6
f 9130/9/6 9131/9/6 9150/9/6
f 9149/7/6 9130/7/6 9150/7/6
f 9150/9/6 9131/9/6 9151/9/6
f 9132/7/6 9133/7/6 9152/7/6
f 9133/5/6 9134/5/6 9153/5/6
f 9152/7/6 9133/7/6 9153/7/6
f 9153/5/6 9134/5/6 9154/5/6
f 9149/5/6 9150/5/6 9155/5/6
f 9150/7/6 9151/7/6 9156/7/6
f 9155/5/6 9150/5/6 9156/5/6
f 9156/7/6 9151/7/6 9157/7/6
f 9153/5/6 9154/5/6 9158/5/6
f 9155/1/6 9156/1/6 9159/1/6
f 9159/1/6 9156/1/6 9160/1/6
f 9153/5/6 9158/5/6 9161/5/6
f 9161/5/6 9158/5/6 9162/5/6
f 9159/5/6 9160/5/6 9163/5/6
f 9163/5/6 9160/5/6 9164/5/6
f 9161/1/6 9162/1/6 9165/1/6
f 9165/1/6 9162/1/6 9166/1/6
f 9165/5/6 9166/5/6 9167/5/6
f 9167/5/6 9166/5/6 9168/5/6
f 9163/1/6 9164/1/6 9169/1/6
f 9169/1/6 9164/1/6 9170/1/6
f 9167/13/6 9168/13/6 9171/13/6
f 9171/13/6 9168/13/6 9172/13/6
f 9169/5/6 9170/5/6 9173/5/6
f 9173/5/6 9170/5/6 9174/5/6
f 9173/1/6 9174/1/6 9175/1/6
f 9175/1/6 9174/1/6 9176/1/6
f 9177/5/6 9178/5/6 9179/5/6
f 9179/5/6 9178/5/6 9180/5/6
f 9181/16/6 9182/16/6 9183/16/6
f 9183/16/6 9182/16/6 9184/16/6
f 9183/15/6 9184/15/6 9185/15/6
f 9185/15/6 9184/15/6 9186/15/6
f 9179/1/6 9180/1/6 9187/1/6
f 9187/1/6 9180/1/6 9188/1/6
f 9185/16/6 9186/16/6 9189/16/6
f 9187/5/6 9188/5/6 9190/5/6
f 9190/5/6 9188/5/6 9191/5/6
f 9189/16/6 9186/16/6 9192/16/6
f 9192/16/6 9186/16/6 9193/16/6
f 9192/15/6 9193/15/6 9194/15/6
f 9194/15/6 9193/15/6 9195/15/6
f 9195/15/6 9193/15/6 9196/15/6
f 9190/1/6 9191/1/6 9197/1/6
f 9197/1/6 9191/1/6 9198/1/6
f 9197/5/6 9198/5/6 9201/5/6
f 9201/5/6 9198/5/6 9202/5/6
f 9199/5/6 9200/5/6 9203/5/6
f 9203/5/6 9200/5/6 9204/5/6
f 9201/1/6 9202/1/6 9206/1/6
f 9206/1/6 9202/1/6 9207/1/6
f 9203/1/6 9204/1/6 9208/1/6
f 9208/1/6 9204/1/6 9209/1/6
f 9205/7/6 9206/7/6 9211/7/6
f 9206/5/6 9207/5/6 9212/5/6
f 9211/7/6 9206/7/6 9212/7/6
f 9212/5/6 9207/5/6 9213/5/6
f 9208/5/6 9209/5/6 9233/5/6
f 9209/7/6 9210/7/6 9234/7/6
f 9233/5/6 9209/5/6 9234/5/6
f 9234/7/6 9210/7/6 9235/7/6
f 9211/9/6 9212/9/6 9236/9/6
f 9212/7/6 9213/7/6 9237/7/6
f 9236/9/6 9212/9/6 9237/9/6
f 9213/5/6 9214/5/6 9238/5/6
f 9237/7/6 9213/7/6 9238/7/6
f 9214/5/6 9215/5/6 9238/5/6
f 9238/5/6 9215/5/6 9239/5/6
f 9215/1/6 9216/1/6 9240/1/6
f 9239/5/6 9215/5/6 9240/5/6
f 9216/5/6 9217/5/6 9241/5/6
f 9240/1/6 9216/1/6 9241/1/6
f 9217/5/6 9218/5/6 9241/5/6
f 9218/1/6 9219/1/6 9242/1/6
f 9241/5/6 9218/5/6 9242/5/6
f 9219/5/6 9220/5/6 9243/5/6
f 9242/1/6 9219/1/6 9243/1/6
f 9220/1/6 9221/1/6 9244/1/6
f 9243/5/6 9220/5/6 9244/5/6
f 9221/5/6 9222/5/6 9245/5/6
f 9244/1/6 9221/1/6 9245/1/6
f 9222/1/6 9223/1/6 9246/1/6
f 9245/5/6 9222/5/6 9246/5/6
f 9223/5/6 9224/5/6 9247/5/6
f 9246/1/6 9223/1/6 9247/1/6
f 9247/5/6 9224/5/6 9248/5/6
f 9225/5/6 9226/5/6 9249/5/6
f 9226/1/6 9227/1/6 9250/1/6
f 9249/5/6 9226/5/6 9250/5/6
f 9227/1/6 9228/1/6 9250/1/6
f 9228/1/6 9229/1/6 9250/1/6
f 9229/5/6 9230/5/6 9251/5/6
f 9250/1/6 9229/1/6 9251/1/6
f 9230/5/6 9231/5/6 9251/5/6
f 9231/1/6 9232/1/6 9252/1/6
f 9251/5/6 9231/5/6 9252/5/6
f 9232/5/6 9233/5/6 9253/5/6
f 9252/1/6 9232/1/6 9253/1/6
f 9233/7/6 9234/7/6 9254/7/6
f 9253/5/6 9233/5/6 9254/5/6
f 9234/9/6 9235/9/6 9255/9/6
f 9254/7/6 9234/7/6 9255/7/6
f 9255/9/6 9235/9/6 9256/9/6
f 9237/7/6 9238/7/6 9257/7/6
f 9238/9/6 9239/9/6 9258/9/6
f 9257/7/6 9238/7/6 9258/7/6
f 9258/9/6 9239/9/6 9259/9/6
f 9253/7/6 9254/7/6 9260/7/6
f 9254/9/6 9255/9/6 9261/9/6
f 9260/7/6 9254/7/6 9261/7/6
f 9261/9/6 9255/9/6 9262/9/6
f 9263/4/6 9264/4/6 9265/4/6
f 9265/4/6 9264/4/6 9266/4/6
f 9267/5/6 9268/5/6 9269/5/6
f 9269/5/6 9268/5/6 9270/5/6
f 9271/1/6 9272/1/6 9273/1/6
f 9273/1/6 9272/1/6 9274/1/6
f 9275/5/6 9276/5/6 9277/5/6
f 9277/5/6 9276/5/6 9278/5/6
f 9277/1/6 9278/1/6 9279/1/6
f 9279/1/6 9278/1/6 9280/1/6
f 9281/1/6 9282/1/6 9283/1/6
f 9283/1/6 9282/1/6 9284/1/6
f 9285/7/6 9286/7/6 9292/7/6
f 9286/9/6 9287/9/6 9293/9/6
f 9292/7/6 9286/7/6 9293/7/6
f 9293/9/6 9287/9/6 9294/9/6
f 9288/9/6 9289/9/6 9305/9/6
f 9289/7/6 9290/7/6 9306/7/6
f 9305/9/6 9289/9/6 9306/9/6
f 9306/7/6 9290/7/6 9307/7/6
f 9291/7/6 9292/7/6 9309/7/6
f 9292/7/6 9293/7/6 9309/7/6
f 9309/7/6 9293/7/6 9310/7/6
f 9293/5/6 9294/5/6 9311/5/6
f 9310/7/6 9293/7/6 9311/7/6
f 9294/5/6 9295/5/6 9311/5/6
f 9311/5/6 9295/5/6 9312/5/6
f 9295/1/6 9296/1/6 9313/1/6
f 9312/5/6 9295/5/6 9313/5/6
f 9296/5/6 9297/5/6 9314/5/6
f 9313/1/6 9296/1/6 9314/1/6
f 9297/1/6 9298/1/6 9315/1/6
f 9314/5/6 9297/5/6 9315/5/6
f 9315/1/6 9298/1/6 9316/1/6
f 9299/1/6 9300/1/6 9319/1/6
f 9300/5/6 9301/5/6 9320/5/6
f 9319/1/6 9300/1/6 9320/1/6
f 9320/5/6 9301/5/6 9321/5/6
f 9301/1/6 9302/1/6 9322/1/6
f 9321/5/6 9301/5/6 9322/5/6
f 9302/5/6 9303/5/6 9323/5/6
f 9322/1/6 9302/1/6 9323/1/6
f 9303/1/6 9304/1/6 9324/1/6
f 9323/5/6 9303/5/6 9324/5/6
f 9324/1/6 9304/1/6 9325/1/6
f 9304/5/6 9305/5/6 9326/5/6
f 9325/1/6 9304/1/6 9326/1/6
f 9305/5/6 9306/5/6 9326/5/6
f 9307/14/6 9308/14/6 9327/14/6
f 9326/5/6 9306/5/6 9327/5/6
f 9306/14/6 9307/14/6 9327/14/6
f 9327/14/6 9308/14/6 9328/14/6
f 9328/14/6 9308/14/6 9329/14/6
f 9309/14/6 9310/14/6 9330/14/6
f 9310/5/6 9311/5/6 9331/5/6
f 9330/14/6 9310/14/6 9331/14/6
f 9331/5/6 9311/5/6 9332/5/6
f 9317/1/6 9318/1/6 9333/1/6
f 9333/1/6 9318/1/6 9334/1/6
f 9334/1/6 9318/1/6 9335/1/6
f 9335/1/6 9318/1/6 9336/1/6
f 9327/5/6 9328/5/6 9337/5/6
f 9328/7/6 9329/7/6 9338/7/6
f 9337/5/6 9328/5/6 9338/5/6
f 9338/7/6 9329/7/6 9339/7/6
f 9337/5/6 9338/5/6 9340/5/6
f 9340/5/6 9338/5/6 9341/5/6
f 9342/5/6 9343/5/6 9344/5/6
f 9344/5/6 9343/5/6 9345/5/6
f 9331/5/6 9332/5/6 9346/5/6
f 9346/5/6 9332/5/6 9347/5/6
f 9344/1/6 9345/1/6 9348/1/6
f 9348/1/6 9345/1/6 9349/1/6
f 9346/1/6 9347/1/6 9352/1/6
f 9352/1/6 9347/1/6 9353/1/6
f 9352/5/6 9353/5/6 9354/5/6
f 9354/5/6 9353/5/6 9355/5/6
f 9354/14/6 9355/14/6 9356/14/6
f 9356/14/6 9355/14/6 9357/14/6
f 9350/6/6 9351/6/6 9358/6/6
f 9358/6/6 9351/6/6 9359/6/6
f 9359/1/6 9360/1/6 9363/1/6
f 9363/1/6 9360/1/6 9364/1/6
f 9361/8/6 9362/8/6 9366/8/6
f 9366/8/6 9362/8/6 9367/8/6
f 9363/5/6 9364/5/6 9368/5/6
f 9368/5/6 9364/5/6 9369/5/6
f 9365/5/6 9366/5/6 9370/5/6
f 9370/5/6 9366/5/6 9371/5/6
f 9370/14/6 9371/14/6 9372/14/6
f 9372/14/6 9371/14/6 9373/14/6
f 9372/5/6 9373/5/6 9374/5/6
f 9374/5/6 9373/5/6 9375/5/6
f 9374/1/6 9375/1/6 9376/1/6
f 9376/1/6 9375/1/6 9377/1/6
f 9376/5/6 9377/5/6 9380/5/6
f 9380/5/6 9377/5/6 9381/5/6
f 9378/1/6 9379/1/6 9382/1/6
f 9382/1/6 9379/1/6 9383/1/6
f 9384/5/6 9385/5/6 9387/5/6
f 9387/5/6 9385/5/6 9388/5/6
f 9382/5/6 9383/5/6 9389/5/6
f 9386/7/6 9387/7/6 9391/7/6
f 9387/5/6 9388/5/6 9392/5/6
f 9391/7/6 9387/7/6 9392/7/6
f 9392/5/6 9388/5/6 9393/5/6
f 9382/5/6 9389/5/6 9408/5/6
f 9389/14/6 9390/14/6 9409/14/6
f 9408/5/6 9389/5/6 9409/5/6
f 9409/14/6 9390/14/6 9410/14/6
f 9391/14/6 9392/14/6 9411/14/6
f 9392/14/6 9393/14/6 9411/14/6
f 9411/14/6 9393/14/6 9412/14/6
f 9393/5/6 9394/5/6 9413/5/6
f 9412/14/6 9393/14/6 9413/14/6
f 9413/5/6 9394/5/6 9414/5/6
f 9394/1/6 9395/1/6 9415/1/6
f 9414/5/6 9394/5/6 9415/5/6
f 9395/5/6 9396/5/6 9416/5/6
f 9415/1/6 9395/1/6 9416/1/6
f 9396/1/6 9397/1/6 9417/1/6
f 9416/5/6 9396/5/6 9417/5/6
f 9397/5/6 9398/5/6 9418/5/6
f 9417/1/6 9397/1/6 9418/1/6
f 9398/1/6 9399/1/6 9419/1/6
f 9418/5/6 9398/5/6 9419/5/6
f 9399/5/6 9400/5/6 9420/5/6
f 9419/1/6 9399/1/6 9420/1/6
f 9400/1/6 9401/1/6 9421/1/6
f 9420/5/6 9400/5/6 9421/5/6
f 9401/5/6 9402/5/6 9422/5/6
f 9421/1/6 9401/1/6 9422/1/6
f 9402/1/6 9403/1/6 9423/1/6
f 9422/5/6 9402/5/6 9423/5/6
f 9403/5/6 9404/5/6 9424/5/6
f 9423/1/6 9403/1/6 9424/1/6
f 9404/1/6 9405/1/6 9425/1/6
f 9424/5/6 9404/5/6 9425/5/6
f 9405/1/6 9406/1/6 9425/1/6
f 9406/5/6 9407/5/6 9426/5/6
f 9425/1/6 9406/1/6 9426/1/6
f 9407/5/6 9408/5/6 9426/5/6
f 9426/5/6 9408/5/6 9427/5/6
f 9409/7/6 9410/7/6 9428/7/6
f 9427/5/6 9408/5/6 9428/5/6
f 9408/7/6 9409/7/6 9428/7/6
f 9428/7/6 9410/7/6 9429/7/6
f 9429/7/6 9410/7/6 9430/7/6
f 9412/7/6 9413/7/6 9431/7/6
f 9413/9/6 9414/9/6 9432/9/6
f 9431/7/6 9413/7/6 9432/7/6
f 9432/9/6 9414/9/6 9433/9/6
f 9427/9/6 9428/9/6 9434/9/6
f 9428/7/6 9429/7/6 9435/7/6
f 9434/9/6 9428/9/6 9435/9/6
f 9435/7/6 9429/7/6 9436/7/6
f 9437/1/6 9438/1/6 9441/1/6
f 9441/1/6 9438/1/6 9442/1/6
f 9439/1/6 9440/1/6 9445/1/6
f 9445/1/6 9440/1/6 9446/1/6
f 9442/3/6 9443/3/6 9447/3/6
f 9443/1/6 9444/1/6 9448/1/6
f 9447/3/6 9443/3/6 9448/3/6
f 9444/3/6 9445/3/6 9449/3/6
f 9448/1/6 9444/1/6 9449/1/6
f 9449/3/6 9445/3/6 9450/3/6
f 9451/5/6 9452/5/6 9455/5/6
f 9455/5/6 9452/5/6 9456/5/6
f 9453/1/6 9454/1/6 9457/1/6
f 9457/1/6 9454/1/6 9458/1/6
f 9459/3/6 9460/3/6 9461/3/6
f 9461/3/6 9460/3/6 9462/3/6
f 9463/1/6 9464/1/6 9465/1/6
f 9465/1/6 9464/1/6 9466/1/6
f 9467/5/6 9468/5/6 9469/5/6
f 9469/5/6 9468/5/6 9470/5/6
f 9471/14/6 9472/14/6 9478/14/6
f 9472/7/6 9473/7/6 9479/7/6
f 9478/14/6 9472/14/6 9479/14/6
f 9479/7/6 9473/7/6 9480/7/6
f 9474/7/6 9475/7/6 9488/7/6
f 9475/13/6 9476/13/6 9489/13/6
f 9488/7/6 9475/7/6 9489/7/6
f 9489/13/6 9476/13/6 9490/13/6
f 9477/7/6 9478/7/6 9492/7/6
f 9478/7/6 9479/7/6 9492/7/6
f 9492/7/6 9479/7/6 9493/7/6
f 9479/5/6 9480/5/6 9494/5/6
f 9493/7/6 9479/7/6 9494/7/6
f 9480/5/6 9481/5/6 9494/5/6
f 9494/5/6 9481/5/6 9495/5/6
f 9481/1/6 9482/1/6 9496/1/6
f 9495/5/6 9481/5/6 9496/5/6
f 9496/1/6 9482/1/6 9497/1/6
f 9497/1/6 9482/1/6 9498/1/6
f 9483/5/6 9484/5/6 9500/5/6
f 9484/1/6 9485/1/6 9501/1/6
f 9500/5/6 9484/5/6 9501/5/6
f 9501/1/6 9485/1/6 9502/1/6
f 9485/5/6 9486/5/6 9503/5/6
f 9502/1/6 9485/1/6 9503/1/6
f 9486/1/6 9487/1/6 9504/1/6
f 9503/5/6 9486/5/6 9504/5/6
f 9487/5/6 9488/5/6 9505/5/6
f 9504/1/6 9487/1/6 9505/1/6
f 9488/5/6 9489/5/6 9505/5/6
f 9489/14/6 9490/14/6 9506/14/6
f 9505/5/6 9489/5/6 9506/5/6
f 9490/9/6 9491/9/6 9507/9/6
f 9506/14/6 9490/14/6 9507/14/6
f 9507/9/6 9491/9/6 9508/9/6
f 9492/9/6 9493/9/6 9509/9/6
f 9493/5/6 9494/5/6 9510/5/6
f 9509/9/6 9493/9/6 9510/9/6
f 9510/5/6 9494/5/6 9511/5/6
f 9498/1/6 9499/1/6 9512/1/6
f 9512/1/6 9499/1/6 9513/1/6
f 9506/5/6 9507/5/6 9514/5/6
f 9507/7/6 9508/7/6 9515/7/6
f 9514/5/6 9507/5/6 9515/5/6
f 9515/7/6 9508/7/6 9516/7/6
f 9514/5/6 9515/5/6 9517/5/6
f 9517/5/6 9515/5/6 9518/5/6
f 9517/1/6 9518/1/6 9519/1/6
f 9519/1/6 9518/1/6 9520/1/6
f 9519/5/6 9520/5/6 9521/5/6
f 9521/5/6 9520/5/6 9522/5/6
f 9510/5/6 9511/5/6 9523/5/6
f 9523/5/6 9511/5/6 9524/5/6
f 9523/1/6 9524/1/6 9525/1/6
f 9525/1/6 9524/1/6 9526/1/6
f 9525/13/6 9526/13/6 9527/13/6
f 9527/13/6 9526/13/6 9528/13/6
f 9521/1/6 9522/1/6 9529/1/6
f 9529/1/6 9522/1/6 9530/1/6
f 9529/5/6 9530/5/6 9531/5/6
f 9531/5/6 9530/5/6 9532/5/6
f 9527/5/6 9528/5/6 9533/5/6
f 9533/5/6 9528/5/6 9534/5/6
f 9531/14/6 9532/14/6 9535/14/6
f 9535/14/6 9532/14/6 9536/14/6
f 9533/1/6 9534/1/6 9537/1/6
f 9535/16/6 9536/16/6 9539/16/6
f 9539/16/6 9536/16/6 9540/16/6
f 9533/1/6 9537/1/6 9541/1/6
f 9537/6/6 9538/6/6 9542/6/6
f 9541/1/6 9537/1/6 9542/1/6
f 9541/5/6 9542/5/6 9543/5/6
f 9542/6/6 9538/6/6 9544/6/6
f 9543/5/6 9542/5/6 9544/5/6
f 9544/6/6 9538/6/6 9546/6/6
f 9546/6/6 9538/6/6 9547/6/6
f 9545/5/6 9546/5/6 9550/5/6
f 9550/5/6 9546/5/6 9551/5/6
f 9548/16/6 9549/16/6 9552/16/6
f 9552/16/6 9549/16/6 9553/16/6
f 9550/1/6 9551/1/6 9556/1/6
f 9556/1/6 9551/1/6 9557/1/6
f 9554/5/6 9555/5/6 9558/5/6
f 9558/5/6 9555/5/6 9559/5/6
f 9556/5/6 9557/5/6 9561/5/6
f 9561/5/6 9557/5/6 9562/5/6
f 9558/1/6 9559/1/6 9563/1/6
f 9563/1/6 9559/1/6 9564/1/6
f 9560/7/6 9561/7/6 9566/7/6
f 9561/5/6 9562/5/6 9567/5/6
f 9566/7/6 9561/7/6 9567/7/6
f 9567/5/6 9562/5/6 9568/5/6
f 9563/5/6 9564/5/6 9586/5/6
f 9564/9/6 9565/9/6 9587/9/6
f 9586/5/6 9564/5/6 9587/5/6
f 9587/9/6 9565/9/6 9588/9/6
f 9566/9/6 9567/9/6 9589/9/6
f 9567/14/6 9568/14/6 9590/14/6
f 9589/9/6 9567/9/6 9590/9/6
f 9568/5/6 9569/5/6 9591/5/6
f 9590/14/6 9568/14/6 9591/14/6
f 9591/5/6 9569/5/6 9592/5/6
f 9569/1/6 9570/1/6 9593/1/6
f 9592/5/6 9569/5/6 9593/5/6
f 9570/1/6 9571/1/6 9593/1/6
f 9571/5/6 9572/5/6 9594/5/6
f 9593/1/6 9571/1/6 9594/1/6
f 9572/1/6 9573/1/6 9595/1/6
f 9594/5/6 9572/5/6 9595/5/6
f 9573/5/6 9574/5/6 9596/5/6
f 9595/1/6 9573/1/6 9596/1/6
f 9574/1/6 9575/1/6 9597/1/6
f 9596/5/6 9574/5/6 9597/5/6
f 9575/1/6 9576/1/6 9597/1/6
f 9576/5/6 9577/5/6 9598/5/6
f 9597/1/6 9576/1/6 9598/1/6
f 9577/1/6 9578/1/6 9599/1/6
f 9598/5/6 9577/5/6 9599/5/6
f 9578/5/6 9579/5/6 9600/5/6
f 9599/1/6 9578/1/6 9600/1/6
f 9579/5/6 9580/5/6 9600/5/6
f 9580/1/6 9581/1/6 9601/1/6
f 9600/5/6 9580/5/6 9601/5/6
f 9581/5/6 9582/5/6 9602/5/6
f 9601/1/6 9581/1/6 9602/1/6
f 9582/1/6 9583/1/6 9603/1/6
f 9602/5/6 9582/5/6 9603/5/6
f 9583/5/6 9584/5/6 9604/5/6
f 9603/1/6 9583/1/6 9604/1/6
f 9584/1/6 9585/1/6 9605/1/6
f 9604/5/6 9584/5/6 9605/5/6
f 9585/5/6 9586/5/6 9606/5/6
f 9605/1/6 9585/1/6 9606/1/6
f 9606/5/6 9586/5/6 9607/5/6
f 9587/7/6 9588/7/6 9608/7/6
f 9607/5/6 9586/5/6 9608/5/6
f 9586/7/6 9587/7/6 9608/7/6
f 9608/7/6 9588/7/6 9609/7/6
f 9609/7/6 9588/7/6 9610/7/6
f 9590/13/6 9591/13/6 9611/13/6
f 9591/7/6 9592/7/6 9612/7/6
f 9611/13/6 9591/13/6 9612/13/6
f 9612/7/6 9592/7/6 9613/7/6
f 9607/7/6 9608/7/6 9614/7/6
f 9608/14/6 9609/14/6 9615/14/6
f 9614/7/6 9608/7/6 9615/7/6
f 9615/14/6 9609/14/6 9616/14/6
f 9617/16/6 9618/16/6 9619/16/6
f 9619/16/6 9618/16/6 9620/16/6
f 9620/16/6 9618/16/6 9621/16/6
f 9620/15/6 9621/15/6 9622/15/6
f 9622/15/6 9621/15/6 9623/15/6
f 9622/16/6 9623/16/6 9624/16/6
f 9624/16/6 9623/16/6 9625/16/6
f 9626/6/6 9627/6/6 9629/6/6
f 9629/6/6 9627/6/6 9630/6/6
f 9628/6/6 9629/6/6 9632/6/6
f 9630/6/6 9631/6/6 9632/6/6
f 9629/6/6 9630/6/6 9632/6/6
f 9632/6/6 9631/6/6 9633/6/6
f 9633/6/6 9631/6/6 9634/6/6
f 9634/6/6 9631/6/6 9635/6/6
f 9632/1/6 9633/1/6 9636/1/6
f 9633/5/6 9634/5/6 9637/5/6
f 9636/1/6 9633/1/6 9637/1/6
f 9634/1/6 9635/1/6 9638/1/6
f 9637/5/6 9634/5/6 9638/5/6
f 9638/1/6 9635/1/6 9639/1/6
f 9640/7/6 9641/7/6 9647/7/6
f 9641/9/6 9642/9/6 9648/9/6
f 9647/7/6 9641/7/6 9648/7/6
f 9648/9/6 9642/9/6 9649/9/6
f 9643/7/6 9644/7/6 9659/7/6
f 9644/9/6 9645/9/6 9660/9/6
f 9659/7/6 9644/7/6 9660/7/6
f 9660/9/6 9645/9/6 9661/9/6
f 9646/7/6 9647/7/6 9663/7/6
f 9647/14/6 9648/14/6 9664/14/6
f 9663/7/6 9647/7/6 9664/7/6
f 9648/5/6 9649/5/6 9665/5/6
f 9664/14/6 9648/14/6 9665/14/6
f 9649/1/6 9650/1/6 9666/1/6
f 9665/5/6 9649/5/6 9666/5/6
f 9650/5/6 9651/5/6 9667/5/6
f 9666/1/6 9650/1/6 9667/1/6
f 9651/1/6 9652/1/6 9668/1/6
f 9667/5/6 9651/5/6 9668/5/6
f 9652/5/6 9653/5/6 9669/5/6
f 9668/1/6 9652/1/6 9669/1/6
f 9653/1/6 9654/1/6 9670/1/6
f 9669/5/6 9653/5/6 9670/5/6
f 9654/5/6 9655/5/6 9671/5/6
f 9670/1/6 9654/1/6 9671/1/6
f 9671/5/6 9655/5/6 9672/5/6
f 9655/1/6 9656/1/6 9673/1/6
f 9672/5/6 9655/5/6 9673/5/6
f 9673/1/6 9656/1/6 9674/1/6
f 9656/5/6 9657/5/6 9675/5/6
f 9674/1/6 9656/1/6 9675/1/6
f 9657/1/6 9658/1/6 9676/1/6
f 9675/5/6 9657/5/6 9676/5/6
f 9658/5/6 9659/5/6 9677/5/6
f 9676/1/6 9658/1/6 9677/1/6
f 9659/5/6 9660/5/6 9677/5/6
f 9677/5/6 9660/5/6 9678/5/6
f 9660/14/6 9661/14/6 9679/14/6
f 9678/5/6 9660/5/6 9679/5/6
f 9661/9/6 9662/9/6 9680/9/6
f 9679/14/6 9661/14/6 9680/14/6
f 9680/9/6 9662/9/6 9681/9/6
f 9663/14/6 9664/14/6 9682/14/6
f 9664/5/6 9665/5/6 9683/5/6
f 9682/14/6 9664/14/6 9683/14/6
f 9679/5/6 9680/5/6 9684/5/6
f 9680/7/6 9681/7/6 9685/7/6
f 9684/5/6 9680/5/6 9685/5/6
f 9685/7/6 9681/7/6 9686/7/6
f 9684/13/6 9685/13/6 9687/13/6
f 9687/13/6 9685/13/6 9688/13/6
f 9687/5/6 9688/5/6 9689/5/6
f 9689/5/6 9688/5/6 9690/5/6
f 9690/5/6 9688/5/6 9691/5/6
f 9690/1/6 9691/1/6 9692/1/6
f 9692/1/6 9691/1/6 9693/1/6
f 9683/5/6 9665/5/6 9694/5/6
f 9694/5/6 9665/5/6 9695/5/6
f 9692/5/6 9693/5/6 9696/5/6
f 9696/5/6 9693/5/6 9697/5/6
f 9694/1/6 9695/1/6 9698/1/6
f 9698/1/6 9695/1/6 9699/1/6
f 9696/1/6 9697/1/6 9700/1/6
f 9700/1/6 9697/1/6 9701/1/6
f 9698/5/6 9699/5/6 9702/5/6
f 9702/5/6 9699/5/6 9703/5/6
f 9700/5/6 9701/5/6 9704/5/6
f 9704/5/6 9701/5/6 9705/5/6
f 9704/14/6 9705/14/6 9706/14/6
f 9706/14/6 9705/14/6 9707/14/6
f 9702/1/6 9703/1/6 9708/1/6
f 9708/1/6 9703/1/6 9709/1/6
f 9706/5/6 9707/5/6 9710/5/6
f 9710/5/6 9707/5/6 9711/5/6
f 9710/1/6 9711/1/6 9712/1/6
f 9712/1/6 9711/1/6 9713/1/6
f 9712/5/6 9713/5/6 9714/5/6
f 9714/5/6 9713/5/6 9715/5/6
f 9708/5/6 9709/5/6 9716/5/6
f 9716/5/6 9709/5/6 9717/5/6
f 9714/1/6 9715/1/6 9718/1/6
f 9718/1/6 9715/1/6 9719/1/6
f 9716/1/6 9717/1/6 9720/1/6
f 9720/1/6 9717/1/6 9721/1/6
f 9718/5/6 9719/5/6 9722/5/6
f 9722/5/6 9719/5/6 9723/5/6
f 9720/5/6 9721/5/6 9724/5/6
f 9722/14/6 9723/14/6 9725/14/6
f 9725/14/6 9723/14/6 9726/14/6
f 9720/5/6 9724/5/6 9727/5/6
f 9727/5/6 9724/5/6 9728/5/6
f 9725/5/6 9726/5/6 9729/5/6
f 9729/5/6 9726/5/6 9730/5/6
f 9727/13/6 9728/13/6 9732/13/6
f 9732/13/6 9728/13/6 9733/13/6
f 9729/1/6 9730/1/6 9734/1/6
f 9734/1/6 9730/1/6 9735/1/6
f 9731/7/6 9732/7/6 9737/7/6
f 9732/5/6 9733/5/6 9738/5/6
f 9737/7/6 9732/7/6 9738/7/6
f 9738/5/6 9733/5/6 9739/5/6
f 9734/5/6 9735/5/6 9750/5/6
f 9735/14/6 9736/14/6 9751/14/6
f 9750/5/6 9735/5/6 9751/5/6
f 9751/14/6 9736/14/6 9752/14/6
f 9737/9/6 9738/9/6 9753/9/6
f 9738/14/6 9739/14/6 9754/14/6
f 9753/9/6 9738/9/6 9754/9/6
f 9739/5/6 9740/5/6 9755/5/6
f 9754/14/6 9739/14/6 9755/14/6
f 9740/5/6 9741/5/6 9755/5/6
f 9755/5/6 9741/5/6 9756/5/6
f 9741/1/6 9742/1/6 9757/1/6
f 9756/5/6 9741/5/6 9757/5/6
f 9742/1/6 9743/1/6 9757/1/6
f 9743/5/6 9744/5/6 9758/5/6
f 9757/1/6 9743/1/6 9758/1/6
f 9744/1/6 9745/1/6 9759/1/6
f 9758/5/6 9744/5/6 9759/5/6
f 9745/5/6 9746/5/6 9760/5/6
f 9759/1/6 9745/1/6 9760/1/6
f 9760/5/6 9746/5/6 9761/5/6
f 9747/5/6 9748/5/6 9762/5/6
f 9748/1/6 9749/1/6 9763/1/6
f 9762/5/6 9748/5/6 9763/5/6
f 9749/5/6 9750/5/6 9764/5/6
f 9763/1/6 9749/1/6 9764/1/6
f 9750/14/6 9751/14/6 9765/14/6
f 9764/5/6 9750/5/6 9765/5/6
f 9751/7/6 9752/7/6 9766/7/6
f 9765/14/6 9751/14/6 9766/14/6
f 9766/7/6 9752/7/6 9767/7/6
f 9754/9/6 9755/9/6 9768/9/6
f 9755/7/6 9756/7/6 9769/7/6
f 9768/9/6 9755/9/6 9769/9/6
f 9769/7/6 9756/7/6 9770/7/6
f 9764/9/6 9765/9/6 9771/9/6
f 9765/7/6 9766/7/6 9772/7/6
f 9771/9/6 9765/9/6 9772/9/6
f 9772/7/6 9766/7/6 9773/7/6
f 9774/6/6 9775/6/6 9776/6/6
f 9776/6/6 9775/6/6 9777/6/6
f 9778/16/6 9779/16/6 9806/16/6
f 9779/15/6 9780/15/6 9807/15/6
f 9806/16/6 9779/16/6 9807/16/6
f 9807/15/6 9780/15/6 9808/15/6
f 9780/14/6 9781/14/6 9809/14/6
f 9808/15/6 9780/15/6 9809/15/6
f 9809/14/6 9781/14/6 9810/14/6
f 9781/16/6 9782/16/6 9811/16/6
f 9810/14/6 9781/14/6 9811/14/6
f 9782/13/6 9783/13/6 9812/13/6
f 9811/16/6 9782/16/6 9812/16/6
f 9783/16/6 9784/16/6 9813/16/6
f 9812/13/6 9783/13/6 9813/13/6
f 9784/15/6 9785/15/6 9814/15/6
f 9813/16/6 9784/16/6 9814/16/6
f 9814/15/6 9785/15/6 9815/15/6
f 9785/14/6 9786/14/6 9816/14/6
f 9815/15/6 9785/15/6 9816/15/6
f 9786/16/6 9787/16/6 9817/16/6
f 9816/14/6 9786/14/6 9817/14/6
f 9817/16/6 9787/16/6 9818/16/6
f 9787/13/6 9788/13/6 9819/13/6
f 9818/16/6 9787/16/6 9819/16/6
f 9788/14/6 9789/14/6 9820/14/6
f 9819/13/6 9788/13/6 9820/13/6
f 9789/15/6 9790/15/6 9821/15/6
f 9820/14/6 9789/14/6 9821/14/6
f 9790/16/6 9791/16/6 9822/16/6
f 9821/15/6 9790/15/6 9822/15/6
f 9791/14/6 9792/14/6 9823/14/6
f 9822/16/6 9791/16/6 9823/16/6
f 9823/14/6 9792/14/6 9824/14/6
f 9792/15/6 9793/15/6 9825/15/6
f 9824/14/6 9792/14/6 9825/14/6
f 9793/16/6 9794/16/6 9826/16/6
f 9825/15/6 9793/15/6 9826/15/6
f 9794/14/6 9795/14/6 9827/14/6
f 9826/16/6 9794/16/6 9827/16/6
f 9795/16/6 9796/16/6 9828/16/6
f 9827/14/6 9795/14/6 9828/14/6
f 9796/15/6 9797/15/6 9829/15/6
f 9828/16/6 9796/16/6 9829/16/6
f 9797/16/6 9798/16/6 9830/16/6
f 9829/15/6 9797/15/6 9830/15/6
f 9798/14/6 9799/14/6 9831/14/6
f 9830/16/6 9798/16/6 9831/16/6
f 9799/16/6 9800/16/6 9832/16/6
f 9831/14/6 9799/14/6 9832/14/6
f 9800/14/6 9801/14/6 9833/14/6
f 9832/16/6 9800/16/6 9833/16/6
f 9801/13/6 9802/13/6 9834/13/6
f 9833/14/6 9801/14/6 9834/14/6
f 9802/16/6 9803/16/6 9835/16/6
f 9834/13/6 9802/13/6 9835/13/6
f 9803/15/6 9804/15/6 9836/15/6
f 9835/16/6 9803/16/6 9836/16/6
f 9836/15/6 9804/15/6 9837/15/6
f 9805/14/6 9806/14/6 9839/14/6
f 9839/14/6 9806/14/6 9840/14/6
f 9837/13/6 9838/13/6 9841/13/6
f 9841/13/6 9838/13/6 9842/13/6
f 9839/16/6 9840/16/6 9843/16/6
f 9843/16/6 9840/16/6 9844/16/6
f 9841/14/6 9842/14/6 9845/14/6
f 9845/14/6 9842/14/6 9846/14/6
f 9847/14/6 9848/14/6 9851/14/6
f 9851/14/6 9848/14/6 9852/14/6
f 9849/16/6 9850/16/6 9853/16/6
f 9853/16/6 9850/16/6 9854/16/6
f 9851/13/6 9852/13/6 9855/13/6
f 9855/13/6 9852/13/6 9856/13/6
f 9853/14/6 9854/14/6 9887/14/6
f 9887/14/6 9854/14/6 9888/14/6
f 9856/15/6 9857/15/6 9889/15/6
f 9857/16/6 9858/16/6 9890/16/6
f 9889/15/6 9857/15/6 9890/15/6
f 9858/13/6 9859/13/6 9891/13/6
f 9890/16/6 9858/16/6 9891/16/6
f 9859/14/6 9860/14/6 9892/14/6
f 9891/13/6 9859/13/6 9892/13/6
f 9860/16/6 9861/16/6 9893/16/6
f 9892/14/6 9860/14/6 9893/14/6
f 9861/14/6 9862/14/6 9894/14/6
f 9893/16/6 9861/16/6 9894/16/6
f 9862/16/6 9863/16/6 9895/16/6
f 9894/14/6 9862/14/6 9895/14/6
f 9863/15/6 9864/15/6 9896/15/6
f 9895/16/6 9863/16/6 9896/16/6
f 9864/13/6 9865/13/6 9897/13/6
f 9896/15/6 9864/15/6 9897/15/6
f 9865/15/6 9866/15/6 9898/15/6
f 9897/13/6 9865/13/6 9898/13/6
f 9866/16/6 9867/16/6 9899/16/6
f 9898/15/6 9866/15/6 9899/15/6
f 9867/14/6 9868/14/6 9900/14/6
f 9899/16/6 9867/16/6 9900/16/6
f 9868/15/6 9869/15/6 9901/15/6
f 9900/14/6 9868/14/6 9901/14/6
f 9869/14/6 9870/14/6 9902/14/6
f 9901/15/6 9869/15/6 9902/15/6
f 9870/15/6 9871/15/6 9903/15/6
f 9902/14/6 9870/14/6 9903/14/6
f 9871/16/6 9872/16/6 9904/16/6
f 9903/15/6 9871/15/6 9904/15/6
f 9872/16/6 9873/16/6 9904/16/6
f 9873/15/6 9874/15/6 9905/15/6
f 9904/16/6 9873/16/6 9905/16/6
f 9874/14/6 9875/14/6 9906/14/6
f 9905/15/6 9874/15/6 9906/15/6
f 9875/13/6 9876/13/6 9907/13/6
f 9906/14/6 9875/14/6 9907/14/6
f 9876/15/6 9877/15/6 9908/15/6
f 9907/13/6 9876/13/6 9908/13/6
f 9877/15/6 9878/15/6 9908/15/6
f 9878/15/6 9879/15/6 9908/15/6
f 9879/16/6 9880/16/6 9909/16/6
f 9908/15/6 9879/15/6 9909/15/6
f 9880/13/6 9881/13/6 9910/13/6
f 9909/16/6 9880/16/6 9910/16/6
f 9881/16/6 9882/16/6 9911/16/6
f 9910/13/6 9881/13/6 9911/13/6
f 9883/14/6 9884/14/6 9912/14/6
f 9911/16/6 9882/16/6 9912/16/6
f 9882/14/6 9883/14/6 9912/14/6
f 9885/15/6 9886/15/6 9913/15/6
f 9912/14/6 9884/14/6 9913/14/6
f 9884/15/6 9885/15/6 9913/15/6
f 9886/16/6 9887/16/6 9914/16/6
f 9913/15/6 9886/15/6 9914/15/6
f 9914/16/6 9887/16/6 9915/16/6
f 9916/14/6 9917/14/6 9944/14/6
f 9917/15/6 9918/15/6 9945/15/6
f 9944/14/6 9917/14/6 9945/14/6
f 9918/16/6 9919/16/6 9946/16/6
f 9945/15/6 9918/15/6 9946/15/6
f 9919/15/6 9920/15/6 9947/15/6
f 9946/16/6 9919/16/6 9947/16/6
f 9920/13/6 9921/13/6 9948/13/6
f 9947/15/6 9920/15/6 9948/15/6
f 9921/14/6 9922/14/6 9949/14/6
f 9948/13/6 9921/13/6 9949/13/6
f 9922/16/6 9923/16/6 9950/16/6
f 9949/14/6 9922/14/6 9950/14/6
f 9923/14/6 9924/14/6 9951/14/6
f 9950/16/6 9923/16/6 9951/16/6
f 9924/15/6 9925/15/6 9952/15/6
f 9951/14/6 9924/14/6 9952/14/6
f 9925/16/6 9926/16/6 9953/16/6
f 9952/15/6 9925/15/6 9953/15/6
f 9953/16/6 9926/16/6 9954/16/6
f 9926/15/6 9927/15/6 9955/15/6
f 9954/16/6 9926/16/6 9955/16/6
f 9927/14/6 9928/14/6 9956/14/6
f 9955/15/6 9927/15/6 9956/15/6
f 9928/16/6 9929/16/6 9957/16/6
f 9956/14/6 9928/14/6 9957/14/6
f 9929/15/6 9930/15/6 9958/15/6
f 9957/16/6 9929/16/6 9958/16/6
f 9958/15/6 9930/15/6 9959/15/6
f 9930/14/6 9931/14/6 9960/14/6
f 9959/15/6 9930/15/6 9960/15/6
f 9931/13/6 9932/13/6 9961/13/6
f 9960/14/6 9931/14/6 9961/14/6
f 9932/15/6 9933/15/6 9962/15/6
f 9961/13/6 9932/13/6 9962/13/6
f 9933/16/6 9934/16/6 9963/16/6
f 9962/15/6 9933/15/6 9963/15/6
f 9934/15/6 9935/15/6 9964/15/6
f 9963/16/6 9934/16/6 9964/16/6
f 9935/16/6 9936/16/6 9965/16/6
f 9964/15/6 9935/15/6 9965/15/6
f 9936/13/6 9937/13/6 9966/13/6
f 9965/16/6 9936/16/6 9966/16/6
f 9937/16/6 9938/16/6 9967/16/6
f 9966/13/6 9937/13/6 9967/13/6
f 9938/14/6 9939/14/6 9968/14/6
f 9967/16/6 9938/16/6 9968/16/6
f 9939/13/6 9940/13/6 9969/13/6
f 9968/14/6 9939/14/6 9969/14/6
f 9940/16/6 9941/16/6 9970/16/6
f 9969/13/6 9940/13/6 9970/13/6
f 9941/15/6 9942/15/6 9971/15/6
f 9970/16/6 9941/16/6 9971/16/6
f 9942/14/6 9943/14/6 9972/14/6
f 9971/15/6 9942/15/6 9972/15/6
f 9972/14/6 9943/14/6 9973/14/6
f 9944/16/6 9945/16/6 9975/16/6
f 9975/16/6 9945/16/6 9976/16/6
f 9972/15/6 9973/15/6 9977/15/6
f 9977/15/6 9973/15/6 9978/15/6
f 9974/14/6 9975/14/6 9980/14/6
f 9980/14/6 9975/14/6 9981/14/6
f 9978/15/6 9979/15/6 9984/15/6
f 9984/15/6 9979/15/6 9985/15/6
f 9981/15/6 9982/15/6 9986/15/6
f 9980/15/6 9981/15/6 9986/15/6
f 9986/15/6 9982/15/6 9987/15/6
f 9987/15/6 9982/15/6 9988/15/6
f 9983/16/6 9984/16/6 9991/16/6
f 9984/13/6 9985/13/6 9992/13/6
f 9991/16/6 9984/16/6 9992/16/6
f 9992/13/6 9985/13/6 9993/13/6
f 9986/16/6 9987/16/6 9994/16/6
f 9987/15/6 9988/15/6 9995/15/6
f 9994/16/6 9987/16/6 9995/16/6
f 9988/14/6 9989/14/6 9996/14/6
f 9995/15/6 9988/15/6 9996/15/6
f 9996/14/6 9989/14/6 9997/14/6
f 9990/16/6 9991/16/6 9998/16/6
f 9991/16/6 9992/16/6 9998/16/6
f 9992/16/6 9993/16/6 9998/16/6
f 9998/16/6 9993/16/6 9999/16/6
f 9999/16/6 9993/16/6 10000/16/6
f 9994/15/6 9995/15/6 10001/15/6
f 9995/15/6 9996/15/6 10001/15/6
f 10001/15/6 9996/15/6 10002/15/6
f 9996/16/6 9997/16/6 10003/16/6
f 10002/15/6 9996/15/6 10003/15/6
f 10003/16/6 9997/16/6 10004/16/6
f 9998/13/6 9999/13/6 10005/13/6
f 9999/15/6 10000/15/6 10006/15/6
f 10005/13/6 9999/13/6 10006/13/6
f 10000/16/6 9993/16/6 10007/16/6
f 10006/15/6 10000/15/6 10007/15/6
f 10007/16/6 9993/16/6 10008/16/6
f 10001/13/6 10002/13/6 10009/13/6
f 10002/14/6 10003/14/6 10010/14/6
f 10009/13/6 10002/13/6 10010/13/6
f 10003/16/6 10004/16/6 10011/16/6
f 10010/14/6 10003/14/6 10011/14/6
f 10011/16/6 10004/16/6 10012/16/6
f 10005/16/6 10006/16/6 10013/16/6
f 10006/14/6 10007/14/6 10014/14/6
f 10013/16/6 10006/16/6 10014/16/6
f 10007/15/6 10008/15/6 10015/15/6
f 10014/14/6 10007/14/6 10015/14/6
f 10011/16/6 10012/16/6 10016/16/6
f 10009/16/6 10010/16/6 10016/16/6
f 10010/16/6 10011/16/6 10016/16/6
f 10016/16/6 10012/16/6 10017/16/6
f 10013/14/6 10014/14/6 10018/14/6
f 10014/15/6 10015/15/6 10019/15/6
f 10018/14/6 10014/14/6 10019/14/6
f 10015/15/6 10008/15/6 10020/15/6
f 10019/15/6 10015/15/6 10020/15/6
f 10020/15/6 10008/15/6 10021/15/6
f 10016/15/6 10017/15/6 10022/15/6
f 10018/16/6 10019/16/6 10023/16/6
f 10019/15/6 10020/15/6 10024/15/6
f 10023/16/6 10019/16/6 10024/16/6
f 10020/14/6 10021/14/6 10025/14/6
f 10024/15/6 10020/15/6 10025/15/6
f 10025/14/6 10021/14/6 10026/14/6
f 10009/16/6 10016/16/6 10027/16/6
f 10027/16/6 10016/16/6 10028/16/6
f 10016/15/6 10022/15/6 10029/15/6
f 10028/16/6 10016/16/6 10029/16/6
f 10029/15/6 10022/15/6 10030/15/6
f 10027/14/6 10028/14/6 10031/14/6
f 10028/15/6 10029/15/6 10032/15/6
f 10031/14/6 10028/14/6 10032/14/6
f 10029/15/6 10030/15/6 10032/15/6
f 10032/15/6 10030/15/6 10033/15/6
f 10023/15/6 10024/15/6 10034/15/6
f 10024/16/6 10025/16/6 10035/16/6
f 10034/15/6 10024/15/6 10035/15/6
f 10025/15/6 10026/15/6 10036/15/6
f 10035/16/6 10025/16/6 10036/16/6
f 10032/15/6 10033/15/6 10037/15/6
f 10031/15/6 10032/15/6 10037/15/6
f 10037/15/6 10033/15/6 10038/15/6
f 10038/15/6 10033/15/6 10039/15/6
f 10035/15/6 10036/15/6 10040/15/6
f 10034/15/6 10035/15/6 10040/15/6
f 10040/15/6 10036/15/6 10041/15/6
f 10036/15/6 10026/15/6 10042/15/6
f 10041/15/6 10036/15/6 10042/15/6
f 10042/15/6 10026/15/6 10043/15/6
f 10041/16/6 10042/16/6 10044/16/6
f 10042/14/6 10043/14/6 10044/14/6
f 10044/14/6 10043/14/6 10045/14/6
f 10037/16/6 10038/16/6 10046/16/6
f 10038/15/6 10039/15/6 10047/15/6
f 10046/16/6 10038/16/6 10047/16/6
f 10040/15/6 10041/15/6 10048/15/6
f 10041/16/6 10044/16/6 10049/16/6
f 10048/15/6 10041/15/6 10049/15/6
f 10044/16/6 10045/16/6 10049/16/6
f 10049/16/6 10045/16/6 10050/16/6
f 10050/16/6 10045/16/6 10051/16/6
f 10047/15/6 10039/15/6 10052/15/6
f 10046/15/6 10047/15/6 10052/15/6
f 10052/15/6 10039/15/6 10053/15/6
f 10053/15/6 10039/15/6 10054/15/6
f 10048/16/6 10049/16/6 10055/16/6
f 10049/16/6 10050/16/6 10055/16/6
f 10055/16/6 10050/16/6 10056/16/6
f 10050/15/6 10051/15/6 10057/15/6
f 10056/16/6 10050/16/6 10057/16/6
f 10046/15/6 10052/15/6 10058/15/6
f 10052/13/6 10053/13/6 10059/13/6
f 10058/15/6 10052/15/6 10059/15/6
f 10053/14/6 10054/14/6 10060/14/6
f 10059/13/6 10053/13/6 10060/13/6
f 10060/14/6 10054/14/6 10061/14/6
f 10055/16/6 10056/16/6 10062/16/6
f 10056/14/6 10057/14/6 10063/14/6
f 10062/16/6 10056/16/6 10063/16/6
f 10057/15/6 10051/15/6 10064/15/6
f 10063/14/6 10057/14/6 10064/14/6
f 10058/14/6 10059/14/6 10065/14/6
f 10059/14/6 10060/14/6 10065/14/6
f 10065/14/6 10060/14/6 10066/14/6
f 10060/16/6 10061/16/6 10067/16/6
f 10066/14/6 10060/14/6 10067/14/6
f 10067/16/6 10061/16/6 10068/16/6
f 10062/14/6 10063/14/6 10069/14/6
f 10063/13/6 10064/13/6 10070/13/6
f 10069/14/6 10063/14/6 10070/14/6
f 10064/15/6 10051/15/6 10071/15/6
f 10070/13/6 10064/13/6 10071/13/6
f 10065/15/6 10066/15/6 10072/15/6
f 10067/16/6 10068/16/6 10073/16/6
f 10072/15/6 10066/15/6 10073/15/6
f 10066/16/6 10067/16/6 10073/16/6
f 10073/16/6 10068/16/6 10074/16/6
f 10074/16/6 10068/16/6 10075/16/6
f 10071/15/6 10051/15/6 10076/15/6
f 10069/15/6 10070/15/6 10076/15/6
f 10070/15/6 10071/15/6 10076/15/6
f 10076/15/6 10051/15/6 10077/15/6
f 10073/16/6 10074/16/6 10078/16/6
f 10072/16/6 10073/16/6 10078/16/6
f 10078/16/6 10074/16/6 10079/16/6
f 10074/15/6 10075/15/6 10080/15/6
f 10078/14/6 10079/14/6 10081/14/6
f 10079/16/6 10074/16/6 10082/16/6
f 10081/14/6 10079/14/6 10082/14/6
f 10074/15/6 10080/15/6 10083/15/6
f 10082/16/6 10074/16/6 10083/16/6
f 10083/15/6 10080/15/6 10084/15/6
f 10069/15/6 10076/15/6 10085/15/6
f 10076/16/6 10077/16/6 10086/16/6
f 10085/15/6 10076/15/6 10086/15/6
f 10086/16/6 10077/16/6 10087/16/6
f 10083/15/6 10084/15/6 10088/15/6
f 10082/15/6 10083/15/6 10088/15/6
f 10081/15/6 10082/15/6 10088/15/6
f 10088/15/6 10084/15/6 10089/15/6
f 10089/15/6 10084/15/6 10090/15/6
f 10086/15/6 10087/15/6 10091/15/6
f 10085/15/6 10086/15/6 10091/15/6
f 10091/15/6 10087/15/6 10092/15/6
f 10092/15/6 10087/15/6 10093/15/6
f 10081/15/6 10088/15/6 10094/15/6
f 10088/16/6 10089/16/6 10095/16/6
f 10094/15/6 10088/15/6 10095/15/6
f 10089/15/6 10090/15/6 10096/15/6
f 10091/15/6 10092/15/6 10097/15/6
f 10097/15/6 10092/15/6 10098/15/6
f 10092/14/6 10093/14/6 10099/14/6
f 10098/15/6 10092/15/6 10099/15/6
f 10099/14/6 10093/14/6 10100/14/6
f 10094/14/6 10095/14/6 10101/14/6
f 10095/16/6 10089/16/6 10102/16/6
f 10101/14/6 10095/14/6 10102/14/6
f 10089/15/6 10096/15/6 10103/15/6
f 10102/16/6 10089/16/6 10103/16/6
f 10103/15/6 10096/15/6 10104/15/6
f 10097/15/6 10098/15/6 10105/15/6
f 10101/15/6 10102/15/6 10106/15/6
f 10103/16/6 10104/16/6 10106/16/6
f 10102/15/6 10103/15/6 10106/15/6
f 10106/16/6 10104/16/6 10107/16/6
f 10105/15/6 10098/15/6 10108/15/6
f 10098/16/6 10099/16/6 10109/16/6
f 10108/15/6 10098/15/6 10109/15/6
f 10099/16/6 10100/16/6 10109/16/6
f 10101/15/6 10106/15/6 10110/15/6
f 10106/14/6 10107/14/6 10111/14/6
f 10110/15/6 10106/15/6 10111/15/6
f 10111/14/6 10107/14/6 10112/14/6
f 10108/16/6 10109/16/6 10113/16/6
f 10109/16/6 10100/16/6 10114/16/6
f 10113/16/6 10109/16/6 10114/16/6
f 10114/16/6 10100/16/6 10115/16/6
f 10115/16/6 10100/16/6 10116/16/6
f 10101/15/6 10110/15/6 10117/15/6
f 10110/14/6 10111/14/6 10118/14/6
f 10117/15/6 10110/15/6 10118/15/6
f 10111/16/6 10112/16/6 10119/16/6
f 10118/14/6 10111/14/6 10119/14/6
f 10119/16/6 10112/16/6 10120/16/6
f 10113/16/6 10114/16/6 10121/16/6
f 10114/14/6 10115/14/6 10122/14/6
f 10121/16/6 10114/16/6 10122/16/6
f 10115/13/6 10116/13/6 10123/13/6
f 10122/14/6 10115/14/6 10123/14/6
f 10123/13/6 10116/13/6 10124/13/6
f 10117/16/6 10118/16/6 10125/16/6
f 10118/15/6 10119/15/6 10125/15/6
f 10119/13/6 10120/13/6 10126/13/6
f 10125/15/6 10119/15/6 10126/15/6
f 10126/13/6 10120/13/6 10127/13/6
f 10121/16/6 10122/16/6 10128/16/6
f 10123/15/6 10124/15/6 10129/15/6
f 10128/16/6 10122/16/6 10129/16/6
f 10122/15/6 10123/15/6 10129/15/6
f 10129/15/6 10124/15/6 10130/15/6
f 10130/15/6 10124/15/6 10131/15/6
f 10117/16/6 10125/16/6 10132/16/6
f 10126/16/6 10127/16/6 10132/16/6
f 10125/16/6 10126/16/6 10132/16/6
f 10132/16/6 10127/16/6 10133/16/6
f 10133/16/6 10127/16/6 10134/16/6
f 10134/16/6 10127/16/6 10135/16/6
f 10128/14/6 10129/14/6 10136/14/6
f 10129/15/6 10130/15/6 10137/15/6
f 10136/14/6 10129/14/6 10137/14/6
f 10130/16/6 10131/16/6 10138/16/6
f 10137/15/6 10130/15/6 10138/15/6
f 10138/16/6 10131/16/6 10139/16/6
f 10132/13/6 10133/13/6 10140/13/6
f 10133/16/6 10134/16/6 10141/16/6
f 10140/13/6 10133/13/6 10141/13/6
f 10141/16/6 10134/16/6 10142/16/6
f 10138/15/6 10139/15/6 10143/15/6
f 10137/15/6 10138/15/6 10143/15/6
f 10143/15/6 10139/15/6 10144/15/6
f 10144/15/6 10139/15/6 10145/15/6
f 10140/15/6 10141/15/6 10146/15/6
f 10146/15/6 10141/15/6 10147/15/6
f 10144/14/6 10145/14/6 10150/14/6
f 10150/14/6 10145/14/6 10151/14/6
f 10147/15/6 10148/15/6 10152/15/6
f 10152/15/6 10148/15/6 10153/15/6
f 10149/16/6 10150/16/6 10180/16/6
f 10180/16/6 10150/16/6 10181/16/6
f 10152/14/6 10153/14/6 10182/14/6
f 10153/15/6 10154/15/6 10183/15/6
f 10182/14/6 10153/14/6 10183/14/6
f 10154/16/6 10155/16/6 10184/16/6
f 10183/15/6 10154/15/6 10184/15/6
f 10155/13/6 10156/13/6 10185/13/6
f 10184/16/6 10155/16/6 10185/16/6
f 10156/14/6 10157/14/6 10186/14/6
f 10185/13/6 10156/13/6 10186/13/6
f 10157/16/6 10158/16/6 10187/16/6
f 10186/14/6 10157/14/6 10187/14/6
f 10158/13/6 10159/13/6 10188/13/6
f 10187/16/6 10158/16/6 10188/16/6
f 10159/16/6 10160/16/6 10189/16/6
f 10188/13/6 10159/13/6 10189/13/6
f 10160/15/6 10161/15/6 10190/15/6
f 10189/16/6 10160/16/6 10190/16/6
f 10161/13/6 10162/13/6 10191/13/6
f 10190/15/6 10161/15/6 10191/15/6
f 10162/15/6 10163/15/6 10192/15/6
f 10191/13/6 10162/13/6 10192/13/6
f 10163/16/6 10164/16/6 10193/16/6
f 10192/15/6 10163/15/6 10193/15/6
f 10164/15/6 10165/15/6 10194/15/6
f 10193/16/6 10164/16/6 10194/16/6
f 10165/15/6 10166/15/6 10194/15/6
f 10166/14/6 10167/14/6 10195/14/6
f 10194/15/6 10166/15/6 10195/15/6
f 10167/13/6 10168/13/6 10196/13/6
f 10195/14/6 10167/14/6 10196/14/6
f 10168/16/6 10169/16/6 10197/16/6
f 10196/13/6 10168/13/6 10197/13/6
f 10169/15/6 10170/15/6 10198/15/6
f 10197/16/6 10169/16/6 10198/16/6
f 10170/16/6 10171/16/6 10199/16/6
f 10198/15/6 10170/15/6 10199/15/6
f 10171/15/6 10172/15/6 10200/15/6
f 10199/16/6 10171/16/6 10200/16/6
f 10172/14/6 10173/14/6 10201/14/6
f 10200/15/6 10172/15/6 10201/15/6
f 10173/14/6 10174/14/6 10201/14/6
f 10174/16/6 10175/16/6 10202/16/6
f 10201/14/6 10174/14/6 10202/14/6
f 10175/14/6 10176/14/6 10203/14/6
f 10202/16/6 10175/16/6 10203/16/6
f 10176/13/6 10177/13/6 10204/13/6
f 10203/14/6 10176/14/6 10204/14/6
f 10177/15/6 10178/15/6 10205/15/6
f 10204/13/6 10177/13/6 10205/13/6
f 10178/16/6 10179/16/6 10206/16/6
f 10205/15/6 10178/15/6 10206/15/6
f 10179/15/6 10180/15/6 10207/15/6
f 10206/16/6 10179/16/6 10207/16/6
f 10180/14/6 10181/14/6 10208/14/6
f 10207/15/6 10180/15/6 10208/15/6
f 10208/14/6 10181/14/6 10209/14/6
f 10210/5/6 10211/5/6 10212/5/6
f 10212/5/6 10211/5/6 10213/5/6
f 10214/5/6 10215/5/6 10216/5/6
f 10216/5/6 10215/5/6 10217/5/6
f 10216/1/6 10217/1/6 10218/1/6
f 10218/1/6 10217/1/6 10219/1/6
f 10218/14/6 10219/14/6 10222/14/6
f 10222/14/6 10219/14/6 10223/14/6
f 10220/1/6 10221/1/6 10224/1/6
f 10224/1/6 10221/1/6 10225/1/6
f 10224/14/6 10225/14/6 10226/14/6
f 10226/14/6 10225/14/6 10227/14/6
f 10228/14/6 10229/14/6 10230/14/6
f 10230/14/6 10229/14/6 10231/14/6
f 10230/5/6 10231/5/6 10234/5/6
f 10234/5/6 10231/5/6 10235/5/6
f 10232/14/6 10233/14/6 10236/14/6
f 10236/14/6 10233/14/6 10237/14/6
f 10236/1/6 10237/1/6 10238/1/6
f 10238/1/6 10237/1/6 10239/1/6
f 10238/5/6 10239/5/6 10240/5/6
f 10240/5/6 10239/5/6 10241/5/6
f 10242/1/6 10243/1/6 10244/1/6
f 10244/1/6 10243/1/6 10245/1/6
f 10246/5/6 10247/5/6 10250/5/6
f 10250/5/6 10247/5/6 10251/5/6
f 10248/1/6 10249/1/6 10252/1/6
f 10252/1/6 10249/1/6 10253/1/6
f 10250/1/6 10251/1/6 10256/1/6
f 10256/1/6 10251/1/6 10257/1/6
f 10254/1/6 10255/1/6 10260/1/6
f 10260/1/6 10255/1/6 10261/1/6
f 10260/5/6 10261/5/6 10262/5/6
f 10262/5/6 10261/5/6 10263/5/6
f 10258/6/6 10259/6/6 10265/6/6
f 10265/6/6 10259/6/6 10266/6/6
f 10264/13/6 10265/13/6 10267/13/6
f 10267/13/6 10265/13/6 10268/13/6
f 10267/5/6 10268/5/6 10272/5/6
f 10272/5/6 10268/5/6 10273/5/6
f 10270/5/6 10271/5/6 10274/5/6
f 10269/5/6 10270/5/6 10274/5/6
f 10274/5/6 10271/5/6 10275/5/6
f 10275/5/6 10271/5/6 10276/5/6
f 10276/5/6 10271/5/6 10277/5/6
f 10276/13/6 10277/13/6 10278/13/6
f 10278/13/6 10277/13/6 10279/13/6
f 10278/5/6 10279/5/6 10280/5/6
f 10280/5/6 10279/5/6 10281/5/6
f 10280/14/6 10281/14/6 10282/14/6
f 10282/14/6 10281/14/6 10283/14/6
f 10282/13/6 10283/13/6 10286/13/6
f 10286/13/6 10283/13/6 10287/13/6
f 10284/5/6 10285/5/6 10288/5/6
f 10288/5/6 10285/5/6 10289/5/6
f 10286/5/6 10287/5/6 10290/5/6
f 10290/5/6 10287/5/6 10291/5/6
f 10290/13/6 10291/13/6 10294/13/6
f 10294/13/6 10291/13/6 10295/13/6
f 10292/6/6 10293/6/6 10297/6/6
f 10297/6/6 10293/6/6 10298/6/6
f 10297/6/6 10298/6/6 10299/6/6
f 10296/5/6 10297/5/6 10302/5/6
f 10297/6/6 10299/6/6 10303/6/6
f 10302/5/6 10297/5/6 10303/5/6
f 10300/1/6 10301/1/6 10304/1/6
f 10304/1/6 10301/1/6 10305/1/6
f 10303/6/6 10299/6/6 10307/6/6
f 10307/6/6 10299/6/6 10308/6/6
f 10306/5/6 10307/5/6 10309/5/6
f 10309/5/6 10307/5/6 10310/5/6
f 10304/5/6 10305/5/6 10311/5/6
f 10311/5/6 10305/5/6 10312/5/6
f 10313/16/6 10314/16/6 10337/16/6
f 10314/15/6 10315/15/6 10338/15/6
f 10337/16/6 10314/16/6 10338/16/6
f 10338/15/6 10315/15/6 10339/15/6
f 10315/16/6 10316/16/6 10340/16/6
f 10339/15/6 10315/15/6 10340/15/6
f 10316/15/6 10317/15/6 10341/15/6
f 10340/16/6 10316/16/6 10341/16/6
f 10317/16/6 10318/16/6 10342/16/6
f 10341/15/6 10317/15/6 10342/15/6
f 10318/15/6 10319/15/6 10343/15/6
f 10342/16/6 10318/16/6 10343/16/6
f 10319/16/6 10320/16/6 10344/16/6
f 10343/15/6 10319/15/6 10344/15/6
f 10344/16/6 10320/16/6 10345/16/6
f 10320/15/6 10321/15/6 10346/15/6
f 10345/16/6 10320/16/6 10346/16/6
f 10321/14/6 10322/14/6 10347/14/6
f 10346/15/6 10321/15/6 10347/15/6
f 10322/15/6 10323/15/6 10348/15/6
f 10347/14/6 10322/14/6 10348/14/6
f 10323/16/6 10324/16/6 10349/16/6
f 10348/15/6 10323/15/6 10349/15/6
f 10324/15/6 10325/15/6 10350/15/6
f 10349/16/6 10324/16/6 10350/16/6
f 10325/16/6 10326/16/6 10351/16/6
f 10350/15/6 10325/15/6 10351/15/6
f 10351/16/6 10326/16/6 10352/16/6
f 10326/15/6 10327/15/6 10353/15/6
f 10352/16/6 10326/16/6 10353/16/6
f 10353/15/6 10327/15/6 10354/15/6
f 10327/16/6 10328/16/6 10355/16/6
f 10354/15/6 10327/15/6 10355/15/6
f 10328/14/6 10329/14/6 10356/14/6
f 10355/16/6 10328/16/6 10356/16/6
f 10329/16/6 10330/16/6 10357/16/6
f 10356/14/6 10329/14/6 10357/14/6
f 10330/15/6 10331/15/6 10358/15/6
f 10357/16/6 10330/16/6 10358/16/6
f 10331/16/6 10332/16/6 10359/16/6
f 10358/15/6 10331/15/6 10359/15/6
f 10332/15/6 10333/15/6 10360/15/6
f 10359/16/6 10332/16/6 10360/16/6
f 10333/16/6 10334/16/6 10361/16/6
f 10360/15/6 10333/15/6 10361/15/6
f 10334/14/6 10335/14/6 10362/14/6
f 10361/16/6 10334/16/6 10362/16/6
f 10362/14/6 10335/14/6 10363/14/6
f 10336/16/6 10337/16/6 10365/16/6
f 10365/16/6 10337/16/6 10366/16/6
f 10363/16/6 10364/16/6 10367/16/6
f 10367/16/6 10364/16/6 10368/16/6
f 10369/15/6 10370/15/6 10371/15/6
f 10371/15/6 10370/15/6 10372/15/6
f 10371/16/6 10372/16/6 10373/16/6
f 10371/16/6 10373/16/6 10374/16/6
f 10374/16/6 10373/16/6 10375/16/6
f 10374/15/6 10375/15/6 10376/15/6
f 10376/15/6 10375/15/6 10377/15/6
f 10376/16/6 10377/16/6 10378/16/6
f 10378/16/6 10377/16/6 10379/16/6
f 10380/16/6 10381/16/6 10384/16/6
f 10384/16/6 10381/16/6 10385/16/6
f 10382/16/6 10383/16/6 10411/16/6
f 10411/16/6 10383/16/6 10412/16/6
f 10385/16/6 10386/16/6 10413/16/6
f 10386/15/6 10387/15/6 10414/15/6
f 10413/16/6 10386/16/6 10414/16/6
f 10387/16/6 10388/16/6 10415/16/6
f 10414/15/6 10387/15/6 10415/15/6
f 10388/15/6 10389/15/6 10416/15/6
f 10415/16/6 10388/16/6 10416/16/6
f 10389/16/6 10390/16/6 10417/16/6
f 10416/15/6 10389/15/6 10417/15/6
f 10390/15/6 10391/15/6 10418/15/6
f 10417/16/6 10390/16/6 10418/16/6
f 10391/14/6 10392/14/6 10419/14/6
f 10418/15/6 10391/15/6 10419/15/6
f 10392/16/6 10393/16/6 10420/16/6
f 10419/14/6 10392/14/6 10420/14/6
f 10393/15/6 10394/15/6 10421/15/6
f 10420/16/6 10393/16/6 10421/16/6
f 10394/16/6 10395/16/6 10422/16/6
f 10421/15/6 10394/15/6 10422/15/6
f 10395/15/6 10396/15/6 10423/15/6
f 10422/16/6 10395/16/6 10423/16/6
f 10396/16/6 10397/16/6 10424/16/6
f 10423/15/6 10396/15/6 10424/15/6
f 10397/15/6 10398/15/6 10425/15/6
f 10424/16/6 10397/16/6 10425/16/6
f 10398/15/6 10399/15/6 10425/15/6
f 10399/16/6 10400/16/6 10426/16/6
f 10425/15/6 10399/15/6 10426/15/6
f 10400/15/6 10401/15/6 10427/15/6
f 10426/16/6 10400/16/6 10427/16/6
f 10401/14/6 10402/14/6 10428/14/6
f 10427/15/6 10401/15/6 10428/15/6
f 10402/15/6 10403/15/6 10429/15/6
f 10428/14/6 10402/14/6 10429/14/6
f 10403/15/6 10404/15/6 10429/15/6
f 10404/15/6 10405/15/6 10429/15/6
f 10405/16/6 10406/16/6 10430/16/6
f 10429/15/6 10405/15/6 10430/15/6
f 10406/15/6 10407/15/6 10431/15/6
f 10430/16/6 10406/16/6 10431/16/6
f 10407/16/6 10408/16/6 10432/16/6
f 10431/15/6 10407/15/6 10432/15/6
f 10409/15/6 10410/15/6 10433/15/6
f 10432/16/6 10408/16/6 10433/16/6
f 10408/15/6 10409/15/6 10433/15/6
f 10410/16/6 10411/16/6 10434/16/6
f 10433/15/6 10410/15/6 10434/15/6
f 10434/16/6 10411/16/6 10435/16/6
f 10436/1/6 10437/1/6 10438/1/6
f 10438/1/6 10437/1/6 10439/1/6
f 10439/1/6 10437/1/6 10440/1/6
f 10441/5/6 10442/5/6 10443/5/6
f 10443/5/6 10442/5/6 10444/5/6
f 10443/1/6 10444/1/6 10445/1/6
f 10445/1/6 10444/1/6 10446/1/6
f 10445/5/6 10446/5/6 10447/5/6
f 10447/5/6 10446/5/6 10448/5/6
f 10449/5/6 10450/5/6 10453/5/6
f 10453/5/6 10450/5/6 10454/5/6
f 10451/5/6 10452/5/6 10455/5/6
f 10455/5/6 10452/5/6 10456/5/6
f 10453/1/6 10454/1/6 10457/1/6
f 10455/1/6 10456/1/6 10458/1/6
f 10458/1/6 10456/1/6 10459/1/6
f 10453/1/6 10457/1/6 10460/1/6
f 10453/1/6 10460/1/6 10461/1/6
f 10461/1/6 10460/1/6 10462/1/6
f 10461/5/6 10462/5/6 10463/5/6
f 10463/5/6 10462/5/6 10464/5/6
f 10465/5/6 10466/5/6 10467/5/6
f 10467/5/6 10466/5/6 10468/5/6
f 10467/1/6 10468/1/6 10471/1/6
f 10471/1/6 10468/1/6 10472/1/6
f 10469/1/6 10470/1/6 10473/1/6
f 10473/1/6 10470/1/6 10474/1/6
f 10473/5/6 10474/5/6 10475/5/6
f 10475/5/6 10474/5/6 10476/5/6
f 10477/1/6 10478/1/6 10479/1/6
f 10479/1/6 10478/1/6 10480/1/6
f 10471/5/6 10472/5/6 10481/5/6
f 10481/5/6 10472/5/6 10482/5/6
f 10479/5/6 10480/5/6 10483/5/6
f 10483/5/6 10480/5/6 10484/5/6
f 10481/1/6 10482/1/6 10485/1/6
f 10485/1/6 10482/1/6 10486/1/6
f 10487/16/6 10488/16/6 10508/16/6
f 10488/15/6 10489/15/6 10509/15/6
f 10508/16/6 10488/16/6 10509/16/6
f 10489/16/6 10490/16/6 10510/16/6
f 10509/15/6 10489/15/6 10510/15/6
f 10510/16/6 10490/16/6 10511/16/6
f 10490/14/6 10491/14/6 10512/14/6
f 10511/16/6 10490/16/6 10512/16/6
f 10491/16/6 10492/16/6 10513/16/6
f 10512/14/6 10491/14/6 10513/14/6
f 10492/15/6 10493/15/6 10514/15/6
f 10513/16/6 10492/16/6 10514/16/6
f 10514/15/6 10493/15/6 10515/15/6
f 10493/16/6 10494/16/6 10516/16/6
f 10515/15/6 10493/15/6 10516/15/6
f 10516/16/6 10494/16/6 10517/16/6
f 10494/15/6 10495/15/6 10518/15/6
f 10517/16/6 10494/16/6 10518/16/6
f 10495/16/6 10496/16/6 10519/16/6
f 10518/15/6 10495/15/6 10519/15/6
f 10496/15/6 10497/15/6 10520/15/6
f 10519/16/6 10496/16/6 10520/16/6
f 10520/15/6 10497/15/6 10521/15/6
f 10497/14/6 10498/14/6 10522/14/6
f 10521/15/6 10497/15/6 10522/15/6
f 10498/16/6 10499/16/6 10523/16/6
f 10522/14/6 10498/14/6 10523/14/6
f 10499/15/6 10500/15/6 10524/15/6
f 10523/16/6 10499/16/6 10524/16/6
f 10500/16/6 10501/16/6 10525/16/6
f 10524/15/6 10500/15/6 10525/15/6
f 10501/15/6 10502/15/6 10526/15/6
f 10525/16/6 10501/16/6 10526/16/6
f 10502/16/6 10503/16/6 10527/16/6
f 10526/15/6 10502/15/6 10527/15/6
f 10503/15/6 10504/15/6 10528/15/6
f 10527/16/6 10503/16/6 10528/16/6
f 10504/16/6 10505/16/6 10529/16/6
f 10528/15/6 10504/15/6 10529/15/6
f 10529/16/6 10505/16/6 10530/16/6
f 10505/15/6 10506/15/6 10531/15/6
f 10530/16/6 10505/16/6 10531/16/6
f 10531/15/6 10506/15/6 10532/15/6
f 10507/15/6 10508/15/6 10534/15/6
f 10534/15/6 10508/15/6 10535/15/6
f 10532/16/6 10533/16/6 10536/16/6
f 10536/16/6 10533/16/6 10537/16/6
f 10538/16/6 10539/16/6 10542/16/6
f 10542/16/6 10539/16/6 10543/16/6
f 10540/15/6 10541/15/6 10569/15/6
f 10569/15/6 10541/15/6 10570/15/6
f 10543/15/6 10544/15/6 10571/15/6
f 10544/16/6 10545/16/6 10572/16/6
f 10571/15/6 10544/15/6 10572/15/6
f 10545/16/6 10546/16/6 10572/16/6
f 10546/15/6 10547/15/6 10573/15/6
f 10572/16/6 10546/16/6 10573/16/6
f 10547/16/6 10548/16/6 10574/16/6
f 10573/15/6 10547/15/6 10574/15/6
f 10548/15/6 10549/15/6 10575/15/6
f 10574/16/6 10548/16/6 10575/16/6
f 10549/16/6 10550/16/6 10576/16/6
f 10575/15/6 10549/15/6 10576/15/6
f 10550/14/6 10551/14/6 10577/14/6
f 10576/16/6 10550/16/6 10577/16/6
f 10551/15/6 10552/15/6 10578/15/6
f 10577/14/6 10551/14/6 10578/14/6
f 10552/15/6 10553/15/6 10578/15/6
f 10553/16/6 10554/16/6 10579/16/6
f 10578/15/6 10553/15/6 10579/15/6
f 10554/16/6 10555/16/6 10579/16/6
f 10555/15/6 10556/15/6 10580/15/6
f 10579/16/6 10555/16/6 10580/16/6
f 10556/16/6 10557/16/6 10581/16/6
f 10580/15/6 10556/15/6 10581/15/6
f 10557/16/6 10558/16/6 10581/16/6
f 10558/15/6 10559/15/6 10582/15/6
f 10581/16/6 10558/16/6 10582/16/6
f 10559/16/6 10560/16/6 10583/16/6
f 10582/15/6 10559/15/6 10583/15/6
f 10560/15/6 10561/15/6 10584/15/6
f 10583/16/6 10560/16/6 10584/16/6
f 10561/16/6 10562/16/6 10585/16/6
f 10584/15/6 10561/15/6 10585/15/6
f 10562/16/6 10563/16/6 10585/16/6
f 10563/16/6 10564/16/6 10585/16/6
f 10564/14/6 10565/14/6 10586/14/6
f 10585/16/6 10564/16/6 10586/16/6
f 10566/16/6 10567/16/6 10587/16/6
f 10586/14/6 10565/14/6 10587/14/6
f 10565/16/6 10566/16/6 10587/16/6
f 10567/15/6 10568/15/6 10588/15/6
f 10587/16/6 10567/16/6 10588/16/6
f 10568/16/6 10569/16/6 10589/16/6
f 10588/15/6 10568/15/6 10589/15/6
f 10589/16/6 10569/16/6 10590/16/6
f 10591/16/6 10592/16/6 10610/16/6
f 10592/15/6 10593/15/6 10611/15/6
f 10610/16/6 10592/16/6 10611/16/6
f 10593/16/6 10594/16/6 10612/16/6
f 10611/15/6 10593/15/6 10612/15/6
f 10594/15/6 10595/15/6 10613/15/6
f 10612/16/6 10594/16/6 10613/16/6
f 10613/15/6 10595/15/6 10614/15/6
f 10595/16/6 10596/16/6 10615/16/6
f 10614/15/6 10595/15/6 10615/15/6
f 10596/15/6 10597/15/6 10616/15/6
f 10615/16/6 10596/16/6 10616/16/6
f 10616/15/6 10597/15/6 10617/15/6
f 10597/16/6 10598/16/6 10618/16/6
f 10617/15/6 10597/15/6 10618/15/6
f 10618/16/6 10598/16/6 10619/16/6
f 10598/15/6 10599/15/6 10620/15/6
f 10619/16/6 10598/16/6 10620/16/6
f 10620/15/6 10599/15/6 10621/15/6
f 10621/15/6 10599/15/6 10622/15/6
f 10599/16/6 10600/16/6 10623/16/6
f 10622/15/6 10599/15/6 10623/15/6
f 10623/16/6 10600/16/6 10624/16/6
f 10624/16/6 10600/16/6 10625/16/6
f 10600/15/6 10601/15/6 10626/15/6
f 10625/16/6 10600/16/6 10626/16/6
f 10626/15/6 10601/15/6 10627/15/6
f 10601/16/6 10602/16/6 10628/16/6
f 10627/15/6 10601/15/6 10628/15/6
f 10602/15/6 10603/15/6 10629/15/6
f 10628/16/6 10602/16/6 10629/16/6
f 10603/16/6 10604/16/6 10630/16/6
f 10629/15/6 10603/15/6 10630/15/6
f 10630/16/6 10604/16/6 10631/16/6
f 10604/15/6 10605/15/6 10632/15/6
f 10631/16/6 10604/16/6 10632/16/6
f 10632/15/6 10605/15/6 10633/15/6
f 10605/16/6 10606/16/6 10634/16/6
f 10633/15/6 10605/15/6 10634/15/6
f 10606/15/6 10607/15/6 10635/15/6
f 10634/16/6 10606/16/6 10635/16/6
f 10607/16/6 10608/16/6 10636/16/6
f 10635/15/6 10607/15/6 10636/15/6
f 10636/16/6 10608/16/6 10637/16/6
f 10609/15/6 10610/15/6 10639/15/6
f 10639/15/6 10610/15/6 10640/15/6
f 10637/16/6 10638/16/6 10641/16/6
f 10641/16/6 10638/16/6 10642/16/6
f 10643/1/6 10644/1/6 10645/1/6
f 10645/1/6 10644/1/6 10646/1/6
f 10645/5/6 10646/5/6 10647/5/6
f 10647/5/6 10646/5/6 10648/5/6
f 10649/5/6 10650/5/6 10651/5/6
f 10651/5/6 10650/5/6 10652/5/6
f 10651/1/6 10652/1/6 10653/1/6
f 10653/1/6 10652/1/6 10654/1/6
f 10655/16/6 10656/16/6 10659/16/6
f 10659/16/6 10656/16/6 10660/16/6
f 10657/15/6 10658/15/6 10684/15/6
f 10684/15/6 10658/15/6 10685/15/6
f 10660/16/6 10661/16/6 10686/16/6
f 10661/15/6 10662/15/6 10687/15/6
f 10686/16/6 10661/16/6 10687/16/6
f 10662/16/6 10663/16/6 10688/16/6
f 10687/15/6 10662/15/6 10688/15/6
f 10663/15/6 10664/15/6 10689/15/6
f 10688/16/6 10663/16/6 10689/16/6
f 10664/16/6 10665/16/6 10690/16/6
f 10689/15/6 10664/15/6 10690/15/6
f 10665/16/6 10666/16/6 10690/16/6
f 10666/15/6 10667/15/6 10691/15/6
f 10690/16/6 10666/16/6 10691/16/6
f 10667/16/6 10668/16/6 10692/16/6
f 10691/15/6 10667/15/6 10692/15/6
f 10668/15/6 10669/15/6 10693/15/6
f 10692/16/6 10668/16/6 10693/16/6
f 10669/16/6 10670/16/6 10694/16/6
f 10693/15/6 10669/15/6 10694/15/6
f 10670/15/6 10671/15/6 10695/15/6
f 10694/16/6 10670/16/6 10695/16/6
f 10671/15/6 10672/15/6 10695/15/6
f 10672/15/6 10673/15/6 10695/15/6
f 10673/16/6 10674/16/6 10696/16/6
f 10695/15/6 10673/15/6 10696/15/6
f 10674/16/6 10675/16/6 10696/16/6
f 10675/15/6 10676/15/6 10697/15/6
f 10696/16/6 10675/16/6 10697/16/6
f 10676/15/6 10677/15/6 10697/15/6
f 10677/15/6 10678/15/6 10697/15/6
f 10678/16/6 10679/16/6 10698/16/6
f 10697/15/6 10678/15/6 10698/15/6
f 10680/15/6 10681/15/6 10699/15/6
f 10698/16/6 10679/16/6 10699/16/6
f 10679/15/6 10680/15/6 10699/15/6
f 10681/16/6 10682/16/6 10700/16/6
f 10699/15/6 10681/15/6 10700/15/6
f 10682/15/6 10683/15/6 10701/15/6
f 10700/16/6 10682/16/6 10701/16/6
f 10683/16/6 10684/16/6 10702/16/6
f 10701/15/6 10683/15/6 10702/15/6
f 10702/16/6 10684/16/6 10703/16/6
f 10704/16/6 10705/16/6 10724/16/6
f 10705/15/6 10706/15/6 10725/15/6
f 10724/16/6 10705/16/6 10725/16/6
f 10725/15/6 10706/15/6 10726/15/6
f 10706/16/6 10707/16/6 10727/16/6
f 10726/15/6 10706/15/6 10727/15/6
f 10707/15/6 10708/15/6 10728/15/6
f 10727/16/6 10707/16/6 10728/16/6
f 10728/15/6 10708/15/6 10729/15/6
f 10708/16/6 10709/16/6 10730/16/6
f 10729/15/6 10708/15/6 10730/15/6
f 10730/16/6 10709/16/6 10731/16/6
f 10709/15/6 10710/15/6 10732/15/6
f 10731/16/6 10709/16/6 10732/16/6
f 10710/16/6 10711/16/6 10733/16/6
f 10732/15/6 10710/15/6 10733/15/6
f 10711/15/6 10712/15/6 10734/15/6
f 10733/16/6 10711/16/6 10734/16/6
f 10734/15/6 10712/15/6 10735/15/6
f 10712/16/6 10713/16/6 10736/16/6
f 10735/15/6 10712/15/6 10736/15/6
f 10713/15/6 10714/15/6 10737/15/6
f 10736/16/6 10713/16/6 10737/16/6
f 10737/15/6 10714/15/6 10738/15/6
f 10714/16/6 10715/16/6 10739/16/6
f 10738/15/6 10714/15/6 10739/15/6
f 10715/15/6 10716/15/6 10740/15/6
f 10739/16/6 10715/16/6 10740/16/6
f 10740/15/6 10716/15/6 10741/15/6
f 10716/16/6 10717/16/6 10742/16/6
f 10741/15/6 10716/15/6 10742/15/6
f 10717/14/6 10718/14/6 10743/14/6
f 10742/16/6 10717/16/6 10743/16/6
f 10718/15/6 10719/15/6 10744/15/6
f 10743/14/6 10718/14/6 10744/14/6
f 10744/15/6 10719/15/6 10745/15/6
f 10719/16/6 10720/16/6 10746/16/6
f 10745/15/6 10719/15/6 10746/15/6
f 10720/15/6 10721/15/6 10747/15/6
f 10746/16/6 10720/16/6 10747/16/6
f 10747/15/6 10721/15/6 10748/15/6
f 10721/16/6 10722/16/6 10749/16/6
f 10748/15/6 10721/15/6 10749/15/6
f 10749/16/6 10722/16/6 10750/16/6
f 10723/16/6 10724/16/6 10752/16/6
f 10752/16/6 10724/16/6 10753/16/6
f 10750/15/6 10751/15/6 10754/15/6
f 10754/15/6 10751/15/6 10755/15/6
f 10756/1/6 10757/1/6 10760/1/6
f 10760/1/6 10757/1/6 10761/1/6
f 10758/5/6 10759/5/6 10763/5/6
f 10761/6/6 10762/6/6 10764/6/6
f 10764/6/6 10762/6/6 10765/6/6
f 10763/5/6 10759/5/6 10766/5/6
f 10766/5/6 10759/5/6 10767/5/6
f 10766/1/6 10767/1/6 10768/1/6
f 10768/1/6 10767/1/6 10769/1/6
f 10768/5/6 10769/5/6 10770/5/6
f 10770/5/6 10769/5/6 10771/5/6
f 10770/1/6 10771/1/6 10774/1/6
f 10774/1/6 10771/1/6 10775/1/6
f 10772/5/6 10773/5/6 10776/5/6
f 10772/5/6 10776/5/6 10779/5/6
f 10779/5/6 10776/5/6 10780/5/6
f 10777/1/6 10778/1/6 10781/1/6
f 10781/1/6 10778/1/6 10782/1/6
f 10783/15/6 10784/15/6 10787/15/6
f 10787/15/6 10784/15/6 10788/15/6
f 10785/16/6 10786/16/6 10812/16/6
f 10812/16/6 10786/16/6 10813/16/6
f 10788/16/6 10789/16/6 10814/16/6
f 10789/15/6 10790/15/6 10815/15/6
f 10814/16/6 10789/16/6 10815/16/6
f 10790/15/6 10791/15/6 10815/15/6
f 10791/15/6 10792/15/6 10815/15/6
f 10792/15/6 10793/15/6 10815/15/6
f 10793/14/6 10794/14/6 10816/14/6
f 10815/15/6 10793/15/6 10816/15/6
f 10794/15/6 10795/15/6 10817/15/6
f 10816/14/6 10794/14/6 10817/14/6
f 10795/15/6 10796/15/6 10817/15/6
f 10796/15/6 10797/15/6 10817/15/6
f 10797/15/6 10798/15/6 10817/15/6
f 10798/16/6 10799/16/6 10818/16/6
f 10817/15/6 10798/15/6 10818/15/6
f 10799/15/6 10800/15/6 10819/15/6
f 10818/16/6 10799/16/6 10819/16/6
f 10800/15/6 10801/15/6 10819/15/6
f 10801/16/6 10802/16/6 10820/16/6
f 10819/15/6 10801/15/6 10820/15/6
f 10802/14/6 10803/14/6 10821/14/6
f 10820/16/6 10802/16/6 10821/16/6
f 10804/15/6 10805/15/6 10822/15/6
f 10821/14/6 10803/14/6 10822/14/6
f 10803/15/6 10804/15/6 10822/15/6
f 10805/16/6 10806/16/6 10823/16/6
f 10822/15/6 10805/15/6 10823/15/6
f 10807/15/6 10808/15/6 10824/15/6
f 10823/16/6 10806/16/6 10824/16/6
f 10806/15/6 10807/15/6 10824/15/6
f 10808/16/6 10809/16/6 10825/16/6
f 10824/15/6 10808/15/6 10825/15/6
f 10810/15/6 10811/15/6 10826/15/6
f 10825/16/6 10809/16/6 10826/16/6
f 10809/15/6 10810/15/6 10826/15/6
f 10811/16/6 10812/16/6 10827/16/6
f 10826/15/6 10811/15/6 10827/15/6
f 10827/16/6 10812/16/6 10828/16/6
f 10829/16/6 10830/16/6 10852/16/6
f 10830/15/6 10831/15/6 10853/15/6
f 10852/16/6 10830/16/6 10853/16/6
f 10831/14/6 10832/14/6 10854/14/6
f 10853/15/6 10831/15/6 10854/15/6
f 10832/15/6 10833/15/6 10855/15/6
f 10854/14/6 10832/14/6 10855/14/6
f 10833/16/6 10834/16/6 10856/16/6
f 10855/15/6 10833/15/6 10856/15/6
f 10834/14/6 10835/14/6 10857/14/6
f 10856/16/6 10834/16/6 10857/16/6
f 10835/15/6 10836/15/6 10858/15/6
f 10857/14/6 10835/14/6 10858/14/6
f 10836/16/6 10837/16/6 10859/16/6
f 10858/15/6 10836/15/6 10859/15/6
f 10859/16/6 10837/16/6 10860/16/6
f 10837/15/6 10838/15/6 10861/15/6
f 10860/16/6 10837/16/6 10861/16/6
f 10838/14/6 10839/14/6 10862/14/6
f 10861/15/6 10838/15/6 10862/15/6
f 10839/16/6 10840/16/6 10863/16/6
f 10862/14/6 10839/14/6 10863/14/6
f 10840/15/6 10841/15/6 10864/15/6
f 10863/16/6 10840/16/6 10864/16/6
f 10864/15/6 10841/15/6 10865/15/6
f 10841/16/6 10842/16/6 10866/16/6
f 10865/15/6 10841/15/6 10866/15/6
f 10842/15/6 10843/15/6 10867/15/6
f 10866/16/6 10842/16/6 10867/16/6
f 10843/16/6 10844/16/6 10868/16/6
f 10867/15/6 10843/15/6 10868/15/6
f 10844/15/6 10845/15/6 10869/15/6
f 10868/16/6 10844/16/6 10869/16/6
f 10845/16/6 10846/16/6 10870/16/6
f 10869/15/6 10845/15/6 10870/15/6
f 10846/15/6 10847/15/6 10871/15/6
f 10870/16/6 10846/16/6 10871/16/6
f 10847/14/6 10848/14/6 10872/14/6
f 10871/15/6 10847/15/6 10872/15/6
f 10848/16/6 10849/16/6 10873/16/6
f 10872/14/6 10848/14/6 10873/14/6
f 10849/15/6 10850/15/6 10874/15/6
f 10873/16/6 10849/16/6 10874/16/6
f 10874/15/6 10850/15/6 10875/15/6
f 10851/14/6 10852/14/6 10877/14/6
f 10877/14/6 10852/14/6 10878/14/6
f 10875/15/6 10876/15/6 10879/15/6
f 10879/15/6 10876/15/6 10880/15/6
f 10881/1/6 10882/1/6 10883/1/6
f 10883/1/6 10882/1/6 10884/1/6
f 10885/16/6 10886/16/6 10888/16/6
f 10886/6/6 10887/6/6 10889/6/6
f 10888/16/6 10886/16/6 10889/16/6
f 10889/6/6 10887/6/6 10890/6/6
f 10888/5/6 10889/5/6 10891/5/6
f 10891/5/6 10889/5/6 10892/5/6
f 10893/15/6 10894/15/6 10897/15/6
f 10897/15/6 10894/15/6 10898/15/6
f 10895/14/6 10896/14/6 10923/14/6
f 10923/14/6 10896/14/6 10924/14/6
f 10898/15/6 10899/15/6 10925/15/6
f 10899/16/6 10900/16/6 10926/16/6
f 10925/15/6 10899/15/6 10926/15/6
f 10900/14/6 10901/14/6 10927/14/6
f 10926/16/6 10900/16/6 10927/16/6
f 10901/15/6 10902/15/6 10928/15/6
f 10927/14/6 10901/14/6 10928/14/6
f 10902/16/6 10903/16/6 10929/16/6
f 10928/15/6 10902/15/6 10929/15/6
f 10903/15/6 10904/15/6 10930/15/6
f 10929/16/6 10903/16/6 10930/16/6
f 10904/16/6 10905/16/6 10931/16/6
f 10930/15/6 10904/15/6 10931/15/6
f 10905/15/6 10906/15/6 10932/15/6
f 10931/16/6 10905/16/6 10932/16/6
f 10906/14/6 10907/14/6 10933/14/6
f 10932/15/6 10906/15/6 10933/15/6
f 10907/15/6 10908/15/6 10934/15/6
f 10933/14/6 10907/14/6 10934/14/6
f 10908/16/6 10909/16/6 10935/16/6
f 10934/15/6 10908/15/6 10935/15/6
f 10909/16/6 10910/16/6 10935/16/6
f 10910/15/6 10911/15/6 10936/15/6
f 10935/16/6 10910/16/6 10936/16/6
f 10911/15/6 10912/15/6 10936/15/6
f 10912/16/6 10913/16/6 10937/16/6
f 10936/15/6 10912/15/6 10937/15/6
f 10913/15/6 10914/15/6 10938/15/6
f 10937/16/6 10913/16/6 10938/16/6
f 10914/15/6 10915/15/6 10938/15/6
f 10915/16/6 10916/16/6 10939/16/6
f 10938/15/6 10915/15/6 10939/15/6
f 10916/15/6 10917/15/6 10940/15/6
f 10939/16/6 10916/16/6 10940/16/6
f 10917/14/6 10918/14/6 10941/14/6
f 10940/15/6 10917/15/6 10941/15/6
f 10918/16/6 10919/16/6 10942/16/6
f 10941/14/6 10918/14/6 10942/14/6
f 10919/15/6 10920/15/6 10943/15/6
f 10942/16/6 10919/16/6 10943/16/6
f 10920/14/6 10921/14/6 10944/14/6
f 10943/15/6 10920/15/6 10944/15/6
f 10921/15/6 10922/15/6 10945/15/6
f 10944/14/6 10921/14/6 10945/14/6
f 10922/16/6 10923/16/6 10946/16/6
f 10945/15/6 10922/15/6 10946/15/6
f 10946/16/6 10923/16/6 10947/16/6
f 10948/16/6 10949/16/6 10963/16/6
f 10963/16/6 10949/16/6 10964/16/6
f 10949/15/6 10950/15/6 10965/15/6
f 10964/16/6 10949/16/6 10965/16/6
f 10950/13/6 10951/13/6 10966/13/6
f 10965/15/6 10950/15/6 10966/15/6
f 10951/16/6 10952/16/6 10967/16/6
f 10966/13/6 10951/13/6 10967/13/6
f 10967/16/6 10952/16/6 10968/16/6
f 10952/13/6 10953/13/6 10969/13/6
f 10968/16/6 10952/16/6 10969/16/6
f 10953/16/6 10954/16/6 10970/16/6
f 10969/13/6 10953/13/6 10970/13/6
f 10970/16/6 10954/16/6 10971/16/6
f 10954/15/6 10955/15/6 10972/15/6
f 10971/16/6 10954/16/6 10972/16/6
f 10972/15/6 10955/15/6 10973/15/6
f 10955/16/6 10956/16/6 10974/16/6
f 10973/15/6 10955/15/6 10974/15/6
f 10974/16/6 10956/16/6 10975/16/6
f 10975/16/6 10956/16/6 10976/16/6
f 10956/15/6 10957/15/6 10977/15/6
f 10976/16/6 10956/16/6 10977/16/6
f 10957/16/6 10958/16/6 10978/16/6
f 10977/15/6 10957/15/6 10978/15/6
f 10958/15/6 10959/15/6 10979/15/6
f 10978/16/6 10958/16/6 10979/16/6
f 10959/16/6 10960/16/6 10980/16/6
f 10979/15/6 10959/15/6 10980/15/6
f 10980/16/6 10960/16/6 10981/16/6
f 10981/16/6 10960/16/6 10982/16/6
f 10982/16/6 10960/16/6 10983/16/6
f 10983/16/6 10960/16/6 10984/16/6
f 10984/16/6 10960/16/6 10985/16/6
f 10960/15/6 10961/15/6 10986/15/6
f 10985/16/6 10960/16/6 10986/16/6
f 10986/15/6 10961/15/6 10987/15/6
f 10987/15/6 10961/15/6 10988/15/6
f 10988/15/6 10961/15/6 10989/15/6
f 10962/14/6 10963/14/6 10991/14/6
f 10991/14/6 10963/14/6 10992/14/6
f 10989/14/6 10990/14/6 10993/14/6
f 10993/14/6 10990/14/6 10994/14/6
f 10997/13/6 10998/13/6 10999/13/6
f 10999/13/6 10998/13/6 11000/13/6
f 11001/6/6 11002/6/6 11003/6/6
f 11003/6/6 11002/6/6 11004/6/6
f 10995/1/6 10996/1/6 11006/1/6
f 11006/1/6 10996/1/6 11007/1/6
f 11006/5/6 11007/5/6 11008/5/6
f 11008/5/6 11007/5/6 11009/5/6
f 11010/6/6 11011/6/6 11012/6/6
f 11010/6/6 11012/6/6 11013/6/6
f 11013/6/6 11012/6/6 11014/6/6
f 11004/5/6 11005/5/6 11017/5/6
f 11017/5/6 11005/5/6 11018/5/6
f 11015/13/6 11016/13/6 11019/13/6
f 11019/13/6 11016/13/6 11020/13/6
f 11017/1/6 11018/1/6 11021/1/6
f 11021/1/6 11018/1/6 11022/1/6
f 11023/14/6 11024/14/6 11027/14/6
f 11027/14/6 11024/14/6 11028/14/6
f 11025/14/6 11026/14/6 11052/14/6
f 11052/14/6 11026/14/6 11053/14/6
f 11028/15/6 11029/15/6 11054/15/6
f 11029/15/6 11030/15/6 11054/15/6
f 11030/15/6 11031/15/6 11054/15/6
f 11031/16/6 11032/16/6 11055/16/6
f 11054/15/6 11031/15/6 11055/15/6
f 11032/16/6 11033/16/6 11055/16/6
f 11033/16/6 11034/16/6 11055/16/6
f 11034/16/6 11035/16/6 11055/16/6
f 11035/15/6 11036/15/6 11056/15/6
f 11055/16/6 11035/16/6 11056/16/6
f 11036/15/6 11037/15/6 11056/15/6
f 11037/16/6 11038/16/6 11057/16/6
f 11056/15/6 11037/15/6 11057/15/6
f 11038/15/6 11039/15/6 11058/15/6
f 11057/16/6 11038/16/6 11058/16/6
f 11039/16/6 11040/16/6 11059/16/6
f 11058/15/6 11039/15/6 11059/15/6
f 11040/15/6 11041/15/6 11060/15/6
f 11059/16/6 11040/16/6 11060/16/6
f 11041/16/6 11042/16/6 11061/16/6
f 11060/15/6 11041/15/6 11061/15/6
f 11042/16/6 11043/16/6 11061/16/6
f 11044/15/6 11045/15/6 11062/15/6
f 11061/16/6 11043/16/6 11062/16/6
f 11043/15/6 11044/15/6 11062/15/6
f 11045/13/6 11046/13/6 11063/13/6
f 11062/15/6 11045/15/6 11063/15/6
f 11047/16/6 11048/16/6 11064/16/6
f 11063/13/6 11046/13/6 11064/13/6
f 11046/16/6 11047/16/6 11064/16/6
f 11048/13/6 11049/13/6 11065/13/6
f 11064/16/6 11048/16/6 11065/16/6
f 11049/15/6 11050/15/6 11066/15/6
f 11065/13/6 11049/13/6 11066/13/6
f 11050/16/6 11051/16/6 11067/16/6
f 11066/15/6 11050/15/6 11067/15/6
f 11051/16/6 11052/16/6 11067/16/6
f 11067/16/6 11052/16/6 11068/16/6
f 11069/16/6 11070/16/6 11092/16/6
f 11070/15/6 11071/15/6 11093/15/6
f 11092/16/6 11070/16/6 11093/16/6
f 11071/16/6 11072/16/6 11094/16/6
f 11093/15/6 11071/15/6 11094/15/6
f 11072/15/6 11073/15/6 11095/15/6
f 11094/16/6 11072/16/6 11095/16/6
f 11095/15/6 11073/15/6 11096/15/6
f 11073/16/6 11074/16/6 11097/16/6
f 11096/15/6 11073/15/6 11097/15/6
f 11074/15/6 11075/15/6 11098/15/6
f 11097/16/6 11074/16/6 11098/16/6
f 11075/16/6 11076/16/6 11099/16/6
f 11098/15/6 11075/15/6 11099/15/6
f 11099/16/6 11076/16/6 11100/16/6
f 11100/16/6 11076/16/6 11101/16/6
f 11076/15/6 11077/15/6 11102/15/6
f 11101/16/6 11076/16/6 11102/16/6
f 11102/15/6 11077/15/6 11103/15/6
f 11077/16/6 11078/16/6 11104/16/6
f 11103/15/6 11077/15/6 11104/15/6
f 11078/15/6 11079/15/6 11105/15/6
f 11104/16/6 11078/16/6 11105/16/6
f 11079/16/6 11080/16/6 11106/16/6
f 11105/15/6 11079/15/6 11106/15/6
f 11080/15/6 11081/15/6 11107/15/6
f 11106/16/6 11080/16/6 11107/16/6
f 11107/15/6 11081/15/6 11108/15/6
f 11081/16/6 11082/16/6 11109/16/6
f 11108/15/6 11081/15/6 11109/15/6
f 11082/15/6 11083/15/6 11110/15/6
f 11109/16/6 11082/16/6 11110/16/6
f 11083/16/6 11084/16/6 11111/16/6
f 11110/15/6 11083/15/6 11111/15/6
f 11084/15/6 11085/15/6 11112/15/6
f 11111/16/6 11084/16/6 11112/16/6
f 11085/14/6 11086/14/6 11113/14/6
f 11112/15/6 11085/15/6 11113/15/6
f 11086/16/6 11087/16/6 11114/16/6
f 11113/14/6 11086/14/6 11114/14/6
f 11087/15/6 11088/15/6 11115/15/6
f 11114/16/6 11087/16/6 11115/16/6
f 11115/15/6 11088/15/6 11116/15/6
f 11088/16/6 11089/16/6 11117/16/6
f 11116/15/6 11088/15/6 11117/15/6
f 11089/15/6 11090/15/6 11118/15/6
f 11117/16/6 11089/16/6 11118/16/6
f 11118/15/6 11090/15/6 11119/15/6
f 11091/16/6 11092/16/6 11121/16/6
f 11121/16/6 11092/16/6 11122/16/6
f 11119/14/6 11120/14/6 11123/14/6
f 11123/14/6 11120/14/6 11124/14/6
f 11125/14/6 11126/14/6 11129/14/6
f 11129/14/6 11126/14/6 11130/14/6
f 11127/16/6 11128/16/6 11156/16/6
f 11156/16/6 11128/16/6 11157/16/6
f 11130/15/6 11131/15/6 11158/15/6
f 11131/16/6 11132/16/6 11159/16/6
f 11158/15/6 11131/15/6 11159/15/6
f 11132/15/6 11133/15/6 11160/15/6
f 11159/16/6 11132/16/6 11160/16/6
f 11133/15/6 11134/15/6 11160/15/6
f 11134/16/6 11135/16/6 11161/16/6
f 11160/15/6 11134/15/6 11161/15/6
f 11135/14/6 11136/14/6 11162/14/6
f 11161/16/6 11135/16/6 11162/16/6
f 11136/15/6 11137/15/6 11163/15/6
f 11162/14/6 11136/14/6 11163/14/6
f 11137/16/6 11138/16/6 11164/16/6
f 11163/15/6 11137/15/6 11164/15/6
f 11138/15/6 11139/15/6 11165/15/6
f 11164/16/6 11138/16/6 11165/16/6
f 11139/15/6 11140/15/6 11165/15/6
f 11140/15/6 11141/15/6 11165/15/6
f 11141/16/6 11142/16/6 11166/16/6
f 11165/15/6 11141/15/6 11166/15/6
f 11142/15/6 11143/15/6 11167/15/6
f 11166/16/6 11142/16/6 11167/16/6
f 11143/16/6 11144/16/6 11168/16/6
f 11167/15/6 11143/15/6 11168/15/6
f 11144/15/6 11145/15/6 11169/15/6
f 11168/16/6 11144/16/6 11169/16/6
f 11145/15/6 11146/15/6 11169/15/6
f 11146/16/6 11147/16/6 11170/16/6
f 11169/15/6 11146/15/6 11170/15/6
f 11147/16/6 11148/16/6 11170/16/6
f 11148/15/6 11149/15/6 11171/15/6
f 11170/16/6 11148/16/6 11171/16/6
f 11149/15/6 11150/15/6 11171/15/6
f 11150/16/6 11151/16/6 11172/16/6
f 11171/15/6 11150/15/6 11172/15/6
f 11152/15/6 11153/15/6 11173/15/6
f 11172/16/6 11151/16/6 11173/16/6
f 11151/15/6 11152/15/6 11173/15/6
f 11153/16/6 11154/16/6 11174/16/6
f 11173/15/6 11153/15/6 11174/15/6
f 11154/15/6 11155/15/6 11175/15/6
f 11174/16/6 11154/16/6 11175/16/6
f 11155/16/6 11156/16/6 11176/16/6
f 11175/15/6 11155/15/6 11176/15/6
f 11176/16/6 11156/16/6 11177/16/6
f 11178/16/6 11179/16/6 11197/16/6
f 11179/15/6 11180/15/6 11198/15/6
f 11197/16/6 11179/16/6 11198/16/6
f 11198/15/6 11180/15/6 11199/15/6
f 11180/14/6 11181/14/6 11200/14/6
f 11199/15/6 11180/15/6 11200/15/6
f 11181/15/6 11182/15/6 11201/15/6
f 11200/14/6 11181/14/6 11201/14/6
f 11201/15/6 11182/15/6 11202/15/6
f 11182/16/6 11183/16/6 11203/16/6
f 11202/15/6 11182/15/6 11203/15/6
f 11203/16/6 11183/16/6 11204/16/6
f 11183/15/6 11184/15/6 11205/15/6
f 11204/16/6 11183/16/6 11205/16/6
f 11184/16/6 11185/16/6 11206/16/6
f 11205/15/6 11184/15/6 11206/15/6
f 11185/15/6 11186/15/6 11207/15/6
f 11206/16/6 11185/16/6 11207/16/6
f 11186/16/6 11187/16/6 11208/16/6
f 11207/15/6 11186/15/6 11208/15/6
f 11187/15/6 11188/15/6 11209/15/6
f 11208/16/6 11187/16/6 11209/16/6
f 11209/15/6 11188/15/6 11210/15/6
f 11210/15/6 11188/15/6 11211/15/6
f 11188/16/6 11189/16/6 11212/16/6
f 11211/15/6 11188/15/6 11212/15/6
f 11189/15/6 11190/15/6 11213/15/6
f 11212/16/6 11189/16/6 11213/16/6
f 11213/15/6 11190/15/6 11214/15/6
f 11190/16/6 11191/16/6 11215/16/6
f 11214/15/6 11190/15/6 11215/15/6
f 11191/15/6 11192/15/6 11216/15/6
f 11215/16/6 11191/16/6 11216/16/6
f 11192/16/6 11193/16/6 11217/16/6
f 11216/15/6 11192/15/6 11217/15/6
f 11193/15/6 11194/15/6 11218/15/6
f 11217/16/6 11193/16/6 11218/16/6
f 11218/15/6 11194/15/6 11219/15/6
f 11194/16/6 11195/16/6 11220/16/6
f 11219/15/6 11194/15/6 11220/15/6
f 11220/16/6 11195/16/6 11221/16/6
f 11221/16/6 11195/16/6 11222/16/6
f 11222/16/6 11195/16/6 11223/16/6
f 11196/16/6 11197/16/6 11225/16/6
f 11223/16/6 11224/16/6 11226/16/6
f 11226/16/6 11224/16/6 11227/16/6
f 11196/16/6 11225/16/6 11228/16/6
f 11228/16/6 11225/16/6 11229/16/6
f 11226/14/6 11227/14/6 11230/14/6
f 11230/14/6 11227/14/6 11231/14/6
f 11232/14/6 11233/14/6 11236/14/6
f 11236/14/6 11233/14/6 11237/14/6
f 11234/16/6 11235/16/6 11238/16/6
f 11236/16/6 11237/16/6 11239/16/6
f 11239/16/6 11237/16/6 11240/16/6
f 11238/16/6 11235/16/6 11265/16/6
f 11265/16/6 11235/16/6 11266/16/6
f 11240/16/6 11241/16/6 11267/16/6
f 11241/16/6 11242/16/6 11267/16/6
f 11242/16/6 11243/16/6 11267/16/6
f 11243/15/6 11244/15/6 11268/15/6
f 11267/16/6 11243/16/6 11268/16/6
f 11244/15/6 11245/15/6 11268/15/6
f 11245/16/6 11246/16/6 11269/16/6
f 11268/15/6 11245/15/6 11269/15/6
f 11246/15/6 11247/15/6 11270/15/6
f 11269/16/6 11246/16/6 11270/16/6
f 11247/16/6 11248/16/6 11271/16/6
f 11270/15/6 11247/15/6 11271/15/6
f 11248/15/6 11249/15/6 11272/15/6
f 11271/16/6 11248/16/6 11272/16/6
f 11249/15/6 11250/15/6 11272/15/6
f 11250/16/6 11251/16/6 11273/16/6
f 11272/15/6 11250/15/6 11273/15/6
f 11251/16/6 11252/16/6 11273/16/6
f 11252/15/6 11253/15/6 11274/15/6
f 11273/16/6 11252/16/6 11274/16/6
f 11253/15/6 11254/15/6 11274/15/6
f 11254/16/6 11255/16/6 11275/16/6
f 11274/15/6 11254/15/6 11275/15/6
f 11255/14/6 11256/14/6 11276/14/6
f 11275/16/6 11255/16/6 11276/16/6
f 11256/15/6 11257/15/6 11277/15/6
f 11276/14/6 11256/14/6 11277/14/6
f 11257/16/6 11258/16/6 11278/16/6
f 11277/15/6 11257/15/6 11278/15/6
f 11260/15/6 11261/15/6 11279/15/6
f 11278/16/6 11258/16/6 11279/16/6
f 11259/15/6 11260/15/6 11279/15/6
f 11258/15/6 11259/15/6 11279/15/6
f 11261/14/6 11262/14/6 11280/14/6
f 11279/15/6 11261/15/6 11280/15/6
f 11263/15/6 11264/15/6 11281/15/6
f 11280/14/6 11262/14/6 11281/14/6
f 11262/15/6 11263/15/6 11281/15/6
f 11264/16/6 11265/16/6 11282/16/6
f 11281/15/6 11264/15/6 11282/15/6
f 11282/16/6 11265/16/6 11283/16/6
f 11284/16/6 11285/16/6 11304/16/6
f 11285/15/6 11286/15/6 11305/15/6
f 11304/16/6 11285/16/6 11305/16/6
f 11305/15/6 11286/15/6 11306/15/6
f 11286/16/6 11287/16/6 11307/16/6
f 11306/15/6 11286/15/6 11307/15/6
f 11287/14/6 11288/14/6 11308/14/6
f 11307/16/6 11287/16/6 11308/16/6
f 11288/16/6 11289/16/6 11309/16/6
f 11308/14/6 11288/14/6 11309/14/6
f 11289/15/6 11290/15/6 11310/15/6
f 11309/16/6 11289/16/6 11310/16/6
f 11290/16/6 11291/16/6 11311/16/6
f 11310/15/6 11290/15/6 11311/15/6
f 11311/16/6 11291/16/6 11312/16/6
f 11291/14/6 11292/14/6 11313/14/6
f 11312/16/6 11291/16/6 11313/16/6
f 11292/16/6 11293/16/6 11314/16/6
f 11313/14/6 11292/14/6 11314/14/6
f 11293/15/6 11294/15/6 11315/15/6
f 11314/16/6 11293/16/6 11315/16/6
f 11315/15/6 11294/15/6 11316/15/6
f 11294/16/6 11295/16/6 11317/16/6
f 11316/15/6 11294/15/6 11317/15/6
f 11295/14/6 11296/14/6 11318/14/6
f 11317/16/6 11295/16/6 11318/16/6
f 11296/15/6 11297/15/6 11319/15/6
f 11318/14/6 11296/14/6 11319/14/6
f 11297/16/6 11298/16/6 11320/16/6
f 11319/15/6 11297/15/6 11320/15/6
f 11298/15/6 11299/15/6 11321/15/6
f 11320/16/6 11298/16/6 11321/16/6
f 11299/14/6 11300/14/6 11322/14/6
f 11321/15/6 11299/15/6 11322/15/6
f 11300/15/6 11301/15/6 11323/15/6
f 11322/14/6 11300/14/6 11323/14/6
f 11323/15/6 11301/15/6 11324/15/6
f 11301/16/6 11302/16/6 11325/16/6
f 11324/15/6 11301/15/6 11325/15/6
f 11302/15/6 11303/15/6 11326/15/6
f 11325/16/6 11302/16/6 11326/16/6
f 11326/15/6 11303/15/6 11327/15/6
f 11304/15/6 11305/15/6 11329/15/6
f 11329/15/6 11305/15/6 11330/15/6
f 11305/16/6 11306/16/6 11331/16/6
f 11330/15/6 11305/15/6 11331/15/6
f 11306/15/6 11307/15/6 11332/15/6
f 11331/16/6 11306/16/6 11332/16/6
f 11307/15/6 11308/15/6 11332/15/6
f 11308/15/6 11309/15/6 11332/15/6
f 11309/15/6 11310/15/6 11332/15/6
f 11332/15/6 11310/15/6 11333/15/6
f 11333/15/6 11310/15/6 11334/15/6
f 11334/15/6 11310/15/6 11335/15/6
f 11310/16/6 11311/16/6 11336/16/6
f 11335/15/6 11310/15/6 11336/15/6
f 11311/15/6 11312/15/6 11337/15/6
f 11336/16/6 11311/16/6 11337/16/6
f 11337/15/6 11312/15/6 11338/15/6
f 11312/16/6 11313/16/6 11339/16/6
f 11338/15/6 11312/15/6 11339/15/6
f 11339/16/6 11313/16/6 11340/16/6
f 11313/15/6 11314/15/6 11341/15/6
f 11340/16/6 11313/16/6 11341/16/6
f 11315/15/6 11316/15/6 11341/15/6
f 11314/15/6 11315/15/6 11341/15/6
f 11341/15/6 11316/15/6 11342/15/6
f 11342/15/6 11316/15/6 11343/15/6
f 11343/15/6 11316/15/6 11344/15/6
f 11316/16/6 11317/16/6 11345/16/6
f 11344/15/6 11316/15/6 11345/15/6
f 11317/16/6 11318/16/6 11345/16/6
f 11318/16/6 11319/16/6 11345/16/6
f 11345/16/6 11319/16/6 11346/16/6
f 11319/15/6 11320/15/6 11347/15/6
f 11346/16/6 11319/16/6 11347/16/6
f 11320/15/6 11321/15/6 11347/15/6
f 11347/15/6 11321/15/6 11348/15/6
f 11321/14/6 11322/14/6 11349/14/6
f 11348/15/6 11321/15/6 11349/15/6
f 11322/13/6 11323/13/6 11350/13/6
f 11349/14/6 11322/14/6 11350/14/6
f 11323/15/6 11324/15/6 11351/15/6
f 11350/13/6 11323/13/6 11351/13/6
f 11324/14/6 11325/14/6 11352/14/6
f 11351/15/6 11324/15/6 11352/15/6
f 11326/16/6 11327/16/6 11353/16/6
f 11352/14/6 11325/14/6 11353/14/6
f 11325/16/6 11326/16/6 11353/16/6
f 11327/15/6 11303/15/6 11354/15/6
f 11353/16/6 11327/16/6 11354/16/6
f 11354/15/6 11303/15/6 11355/15/6
f 11328/16/6 11329/16/6 11357/16/6
f 11357/16/6 11329/16/6 11358/16/6
f 11355/13/6 11356/13/6 11359/13/6
f 11359/13/6 11356/13/6 11360/13/6
f 11357/14/6 11358/14/6 11361/14/6
f 11361/14/6 11358/14/6 11362/14/6
f 11359/14/6 11360/14/6 11363/14/6
f 11363/14/6 11360/14/6 11364/14/6
f 11365/14/6 11366/14/6 11369/14/6
f 11369/14/6 11366/14/6 11370/14/6
f 11367/14/6 11368/14/6 11371/14/6
f 11371/14/6 11368/14/6 11372/14/6
f 11369/13/6 11370/13/6 11373/13/6
f 11373/13/6 11370/13/6 11374/13/6
f 11371/16/6 11372/16/6 11400/16/6
f 11400/16/6 11372/16/6 11401/16/6
f 11374/15/6 11375/15/6 11402/15/6
f 11375/16/6 11376/16/6 11402/16/6
f 11402/16/6 11376/16/6 11403/16/6
f 11376/14/6 11377/14/6 11404/14/6
f 11403/16/6 11376/16/6 11404/16/6
f 11377/15/6 11378/15/6 11405/15/6
f 11404/14/6 11377/14/6 11405/14/6
f 11378/13/6 11379/13/6 11406/13/6
f 11405/15/6 11378/15/6 11406/15/6
f 11379/14/6 11380/14/6 11407/14/6
f 11406/13/6 11379/13/6 11407/13/6
f 11380/16/6 11381/16/6 11408/16/6
f 11407/14/6 11380/14/6 11408/14/6
f 11381/15/6 11382/15/6 11409/15/6
f 11408/16/6 11381/16/6 11409/16/6
f 11382/15/6 11383/15/6 11409/15/6
f 11409/15/6 11383/15/6 11410/15/6
f 11383/16/6 11384/16/6 11411/16/6
f 11410/15/6 11383/15/6 11411/15/6
f 11384/16/6 11385/16/6 11411/16/6
f 11411/16/6 11385/16/6 11412/16/6
f 11385/15/6 11386/15/6 11413/15/6
f 11412/16/6 11385/16/6 11413/16/6
f 11413/15/6 11386/15/6 11414/15/6
f 11386/14/6 11387/14/6 11415/14/6
f 11414/15/6 11386/15/6 11415/15/6
f 11387/15/6 11388/15/6 11416/15/6
f 11415/14/6 11387/14/6 11416/14/6
f 11388/15/6 11389/15/6 11416/15/6
f 11389/16/6 11390/16/6 11417/16/6
f 11416/15/6 11389/15/6 11417/15/6
f 11390/15/6 11391/15/6 11418/15/6
f 11417/16/6 11390/16/6 11418/16/6
f 11391/15/6 11392/15/6 11418/15/6
f 11418/15/6 11392/15/6 11419/15/6
f 11392/16/6 11393/16/6 11420/16/6
f 11419/15/6 11392/15/6 11420/15/6
f 11393/15/6 11394/15/6 11421/15/6
f 11420/16/6 11393/16/6 11421/16/6
f 11394/15/6 11395/15/6 11421/15/6
f 11395/15/6 11396/15/6 11421/15/6
f 11396/15/6 11397/15/6 11421/15/6
f 11421/15/6 11397/15/6 11422/15/6
f 11422/15/6 11397/15/6 11423/15/6
f 11423/15/6 11397/15/6 11424/15/6
f 11397/16/6 11398/16/6 11425/16/6
f 11424/15/6 11397/15/6 11425/15/6
f 11398/15/6 11399/15/6 11426/15/6
f 11425/16/6 11398/16/6 11426/16/6
f 11399/15/6 11400/15/6 11426/15/6
f 11426/15/6 11400/15/6 11427/15/6
f 11402/15/6 11403/15/6 11428/15/6
f 11374/15/6 11402/15/6 11428/15/6
f 11403/16/6 11404/16/6 11429/16/6
f 11428/15/6 11403/15/6 11429/15/6
f 11404/15/6 11405/15/6 11430/15/6
f 11429/16/6 11404/16/6 11430/16/6
f 11405/15/6 11406/15/6 11430/15/6
f 11406/14/6 11407/14/6 11431/14/6
f 11430/15/6 11406/15/6 11431/15/6
f 11407/15/6 11408/15/6 11432/15/6
f 11431/14/6 11407/14/6 11432/14/6
f 11409/15/6 11410/15/6 11432/15/6
f 11408/15/6 11409/15/6 11432/15/6
f 11410/16/6 11411/16/6 11433/16/6
f 11432/15/6 11410/15/6 11433/15/6
f 11411/15/6 11412/15/6 11434/15/6
f 11433/16/6 11411/16/6 11434/16/6
f 11412/14/6 11413/14/6 11435/14/6
f 11434/15/6 11412/15/6 11435/15/6
f 11413/15/6 11414/15/6 11436/15/6
f 11435/14/6 11413/14/6 11436/14/6
f 11414/16/6 11415/16/6 11437/16/6
f 11436/15/6 11414/15/6 11437/15/6
f 11415/16/6 11416/16/6 11437/16/6
f 11416/14/6 11417/14/6 11438/14/6
f 11437/16/6 11416/16/6 11438/16/6
f 11417/15/6 11418/15/6 11439/15/6
f 11438/14/6 11417/14/6 11439/14/6
f 11418/16/6 11419/16/6 11440/16/6
f 11439/15/6 11418/15/6 11440/15/6
f 11420/15/6 11421/15/6 11441/15/6
f 11440/16/6 11419/16/6 11441/16/6
f 11419/15/6 11420/15/6 11441/15/6
f 11421/16/6 11422/16/6 11442/16/6
f 11441/15/6 11421/15/6 11442/15/6
f 11422/14/6 11423/14/6 11443/14/6
f 11442/16/6 11422/16/6 11443/16/6
f 11423/16/6 11424/16/6 11444/16/6
f 11443/14/6 11423/14/6 11444/14/6
f 11424/15/6 11425/15/6 11445/15/6
f 11444/16/6 11424/16/6 11445/16/6
f 11425/15/6 11426/15/6 11445/15/6
f 11426/16/6 11427/16/6 11446/16/6
f 11445/15/6 11426/15/6 11446/15/6
f 11446/16/6 11427/16/6 11447/16/6
f 11448/14/6 11449/14/6 11472/14/6
f 11449/16/6 11450/16/6 11473/16/6
f 11472/14/6 11449/14/6 11473/14/6
f 11450/15/6 11451/15/6 11474/15/6
f 11473/16/6 11450/16/6 11474/16/6
f 11451/16/6 11452/16/6 11475/16/6
f 11474/15/6 11451/15/6 11475/15/6
f 11452/15/6 11453/15/6 11476/15/6
f 11475/16/6 11452/16/6 11476/16/6
f 11453/14/6 11454/14/6 11477/14/6
f 11476/15/6 11453/15/6 11477/15/6
f 11454/16/6 11455/16/6 11478/16/6
f 11477/14/6 11454/14/6 11478/14/6
f 11455/14/6 11456/14/6 11479/14/6
f 11478/16/6 11455/16/6 11479/16/6
f 11479/14/6 11456/14/6 11480/14/6
f 11456/16/6 11457/16/6 11481/16/6
f 11480/14/6 11456/14/6 11481/14/6
f 11457/14/6 11458/14/6 11482/14/6
f 11481/16/6 11457/16/6 11482/16/6
f 11458/16/6 11459/16/6 11483/16/6
f 11482/14/6 11458/14/6 11483/14/6
f 11459/14/6 11460/14/6 11484/14/6
f 11483/16/6 11459/16/6 11484/16/6
f 11460/15/6 11461/15/6 11485/15/6
f 11484/14/6 11460/14/6 11485/14/6
f 11461/16/6 11462/16/6 11486/16/6
f 11462/15/6 11463/15/6 11487/15/6
f 11486/16/6 11462/16/6 11487/16/6
f 11463/16/6 11464/16/6 11488/16/6
f 11487/15/6 11463/15/6 11488/15/6
f 11464/15/6 11465/15/6 11489/15/6
f 11488/16/6 11464/16/6 11489/16/6
f 11489/15/6 11465/15/6 11490/15/6
f 11465/16/6 11466/16/6 11491/16/6
f 11490/15/6 11465/15/6 11491/15/6
f 11466/13/6 11467/13/6 11492/13/6
f 11491/16/6 11466/16/6 11492/16/6
f 11467/14/6 11468/14/6 11493/14/6
f 11492/13/6 11467/13/6 11493/13/6
f 11468/16/6 11469/16/6 11494/16/6
f 11493/14/6 11468/14/6 11494/14/6
f 11469/15/6 11470/15/6 11495/15/6
f 11494/16/6 11469/16/6 11495/16/6
f 11495/15/6 11470/15/6 11496/15/6
f 11470/14/6 11471/14/6 11497/14/6
f 11496/15/6 11470/15/6 11497/15/6
f 11497/14/6 11471/14/6 11498/14/6
f 11472/13/6 11473/13/6 11500/13/6
f 11473/16/6 11474/16/6 11501/16/6
f 11474/16/6 11475/16/6 11501/16/6
f 11500/13/6 11473/13/6 11501/13/6
f 11501/16/6 11475/16/6 11502/16/6
f 11475/15/6 11476/15/6 11503/15/6
f 11502/16/6 11475/16/6 11503/16/6
f 11476/16/6 11477/16/6 11504/16/6
f 11503/15/6 11476/15/6 11504/15/6
f 11477/16/6 11478/16/6 11504/16/6
f 11478/16/6 11479/16/6 11504/16/6
f 11504/16/6 11479/16/6 11505/16/6
f 11505/16/6 11479/16/6 11506/16/6
f 11479/15/6 11480/15/6 11507/15/6
f 11506/16/6 11479/16/6 11507/16/6
f 11480/16/6 11481/16/6 11508/16/6
f 11507/15/6 11480/15/6 11508/15/6
f 11481/16/6 11482/16/6 11508/16/6
f 11482/16/6 11483/16/6 11508/16/6
f 11508/16/6 11483/16/6 11509/16/6
f 11509/16/6 11483/16/6 11510/16/6
f 11510/16/6 11483/16/6 11511/16/6
f 11483/15/6 11484/15/6 11512/15/6
f 11511/16/6 11483/16/6 11512/16/6
f 11512/15/6 11484/15/6 11513/15/6
f 11484/16/6 11485/16/6 11514/16/6
f 11513/15/6 11484/15/6 11514/15/6
f 11485/15/6 11461/15/6 11515/15/6
f 11514/16/6 11485/16/6 11515/16/6
f 11461/16/6 11486/16/6 11516/16/6
f 11515/15/6 11461/15/6 11516/15/6
f 11486/15/6 11487/15/6 11517/15/6
f 11516/16/6 11486/16/6 11517/16/6
f 11487/16/6 11488/16/6 11518/16/6
f 11517/15/6 11487/15/6 11518/15/6
f 11518/16/6 11488/16/6 11519/16/6
f 11489/15/6 11490/15/6 11520/15/6
f 11519/16/6 11488/16/6 11520/16/6
f 11488/15/6 11489/15/6 11520/15/6
f 11520/15/6 11490/15/6 11521/15/6
f 11490/16/6 11491/16/6 11522/16/6
f 11521/15/6 11490/15/6 11522/15/6
f 11491/16/6 11492/16/6 11522/16/6
f 11522/16/6 11492/16/6 11523/16/6
f 11492/15/6 11493/15/6 11524/15/6
f 11523/16/6 11492/16/6 11524/16/6
f 11493/15/6 11494/15/6 11524/15/6
f 11494/15/6 11495/15/6 11524/15/6
f 11524/15/6 11495/15/6 11525/15/6
f 11525/15/6 11495/15/6 11526/15/6
f 11495/16/6 11496/16/6 11527/16/6
f 11526/15/6 11495/15/6 11527/15/6
f 11497/15/6 11498/15/6 11528/15/6
f 11527/16/6 11496/16/6 11528/16/6
f 11496/15/6 11497/15/6 11528/15/6
f 11528/15/6 11498/15/6 11529/15/6
f 11529/15/6 11498/15/6 11530/15/6
f 11499/14/6 11500/14/6 11532/14/6
f 11499/14/6 11532/14/6 11533/14/6
f 11533/14/6 11532/14/6 11534/14/6
f 11530/15/6 11531/15/6 11535/15/6
f 11535/15/6 11531/15/6 11536/15/6
f 11539/14/6 11540/14/6 11541/14/6
f 11537/15/6 11538/15/6 11542/15/6
f 11542/15/6 11538/15/6 11543/15/6
f 11541/14/6 11540/14/6 11569/14/6
f 11569/14/6 11540/14/6 11570/14/6
f 11543/15/6 11544/15/6 11571/15/6
f 11544/15/6 11545/15/6 11571/15/6
f 11571/15/6 11545/15/6 11572/15/6
f 11545/16/6 11546/16/6 11573/16/6
f 11572/15/6 11545/15/6 11573/15/6
f 11546/15/6 11547/15/6 11574/15/6
f 11573/16/6 11546/16/6 11574/16/6
f 11547/15/6 11548/15/6 11574/15/6
f 11548/15/6 11549/15/6 11574/15/6
f 11574/15/6 11549/15/6 11575/15/6
f 11575/15/6 11549/15/6 11576/15/6
f 11549/16/6 11550/16/6 11577/16/6
f 11576/15/6 11549/15/6 11577/15/6
f 11550/16/6 11551/16/6 11577/16/6
f 11577/16/6 11551/16/6 11578/16/6
f 11551/15/6 11552/15/6 11579/15/6
f 11578/16/6 11551/16/6 11579/16/6
f 11552/15/6 11553/15/6 11579/15/6
f 11553/16/6 11554/16/6 11580/16/6
f 11579/15/6 11553/15/6 11580/15/6
f 11554/15/6 11555/15/6 11581/15/6
f 11580/16/6 11554/16/6 11581/16/6
f 11581/15/6 11555/15/6 11582/15/6
f 11555/16/6 11556/16/6 11583/16/6
f 11582/15/6 11555/15/6 11583/15/6
f 11556/16/6 11557/16/6 11583/16/6
f 11583/16/6 11557/16/6 11584/16/6
f 11557/15/6 11558/15/6 11585/15/6
f 11584/16/6 11557/16/6 11585/16/6
f 11558/15/6 11559/15/6 11585/15/6
f 11585/15/6 11559/15/6 11586/15/6
f 11586/15/6 11559/15/6 11587/15/6
f 11559/14/6 11560/14/6 11588/14/6
f 11587/15/6 11559/15/6 11588/15/6
f 11560/14/6 11561/14/6 11588/14/6
f 11561/15/6 11562/15/6 11589/15/6
f 11588/14/6 11561/14/6 11589/14/6
f 11562/16/6 11563/16/6 11590/16/6
f 11589/15/6 11562/15/6 11590/15/6
f 11563/16/6 11564/16/6 11590/16/6
f 11564/16/6 11565/16/6 11590/16/6
f 11590/16/6 11565/16/6 11591/16/6
f 11591/16/6 11565/16/6 11592/16/6
f 11592/16/6 11565/16/6 11593/16/6
f 11565/15/6 11566/15/6 11594/15/6
f 11593/16/6 11565/16/6 11594/16/6
f 11567/16/6 11568/16/6 11595/16/6
f 11594/15/6 11566/15/6 11595/15/6
f 11566/16/6 11567/16/6 11595/16/6
f 11595/16/6 11568/16/6 11596/16/6
f 11568/13/6 11569/13/6 11597/13/6
f 11596/16/6 11568/16/6 11597/16/6
f 11597/13/6 11569/13/6 11598/13/6
f 11571/14/6 11572/14/6 11599/14/6
f 11572/15/6 11573/15/6 11600/15/6
f 11599/14/6 11572/14/6 11600/14/6
f 11573/15/6 11574/15/6 11600/15/6
f 11574/16/6 11575/16/6 11601/16/6
f 11600/15/6 11574/15/6 11601/15/6
f 11575/14/6 11576/14/6 11602/14/6
f 11601/16/6 11575/16/6 11602/16/6
f 11576/13/6 11577/13/6 11603/13/6
f 11602/14/6 11576/14/6 11603/14/6
f 11577/16/6 11578/16/6 11604/16/6
f 11603/13/6 11577/13/6 11604/13/6
f 11578/15/6 11579/15/6 11605/15/6
f 11604/16/6 11578/16/6 11605/16/6
f 11579/16/6 11580/16/6 11606/16/6
f 11605/15/6 11579/15/6 11606/15/6
f 11581/15/6 11582/15/6 11607/15/6
f 11606/16/6 11580/16/6 11607/16/6
f 11580/15/6 11581/15/6 11607/15/6
f 11583/16/6 11584/16/6 11608/16/6
f 11607/15/6 11582/15/6 11608/15/6
f 11582/16/6 11583/16/6 11608/16/6
f 11584/15/6 11585/15/6 11609/15/6
f 11608/16/6 11584/16/6 11609/16/6
f 11585/16/6 11586/16/6 11610/16/6
f 11609/15/6 11585/15/6 11610/15/6
f 11586/14/6 11587/14/6 11611/14/6
f 11610/16/6 11586/16/6 11611/16/6
f 11587/16/6 11588/16/6 11612/16/6
f 11611/14/6 11587/14/6 11612/14/6
f 11588/16/6 11589/16/6 11612/16/6
f 11589/14/6 11590/14/6 11613/14/6
f 11612/16/6 11589/16/6 11613/16/6
f 11590/15/6 11591/15/6 11614/15/6
f 11613/14/6 11590/14/6 11614/14/6
f 11591/16/6 11592/16/6 11615/16/6
f 11614/15/6 11591/15/6 11615/15/6
f 11592/14/6 11593/14/6 11616/14/6
f 11615/16/6 11592/16/6 11616/16/6
f 11593/15/6 11594/15/6 11617/15/6
f 11616/14/6 11593/14/6 11617/14/6
f 11594/16/6 11595/16/6 11618/16/6
f 11617/15/6 11594/15/6 11618/15/6
f 11595/15/6 11596/15/6 11619/15/6
f 11618/16/6 11595/16/6 11619/16/6
f 11596/16/6 11597/16/6 11620/16/6
f 11619/15/6 11596/15/6 11620/15/6
f 11597/14/6 11598/14/6 11621/14/6
f 11620/16/6 11597/16/6 11621/16/6
f 11621/14/6 11598/14/6 11622/14/6
f 11623/15/6 11624/15/6 11650/15/6
f 11624/16/6 11625/16/6 11651/16/6
f 11650/15/6 11624/15/6 11651/15/6
f 11625/14/6 11626/14/6 11652/14/6
f 11651/16/6 11625/16/6 11652/16/6
f 11626/13/6 11627/13/6 11653/13/6
f 11652/14/6 11626/14/6 11653/14/6
f 11627/15/6 11628/15/6 11654/15/6
f 11653/13/6 11627/13/6 11654/13/6
f 11628/16/6 11629/16/6 11655/16/6
f 11654/15/6 11628/15/6 11655/15/6
f 11629/14/6 11630/14/6 11656/14/6
f 11655/16/6 11629/16/6 11656/16/6
f 11656/14/6 11630/14/6 11657/14/6
f 11630/16/6 11631/16/6 11658/16/6
f 11657/14/6 11630/14/6 11658/14/6
f 11631/14/6 11632/14/6 11659/14/6
f 11658/16/6 11631/16/6 11659/16/6
f 11632/15/6 11633/15/6 11660/15/6
f 11659/14/6 11632/14/6 11660/14/6
f 11633/16/6 11634/16/6 11661/16/6
f 11660/15/6 11633/15/6 11661/15/6
f 11634/15/6 11635/15/6 11662/15/6
f 11661/16/6 11634/16/6 11662/16/6
f 11635/16/6 11636/16/6 11663/16/6
f 11636/14/6 11637/14/6 11664/14/6
f 11663/16/6 11636/16/6 11664/16/6
f 11637/15/6 11638/15/6 11665/15/6
f 11664/14/6 11637/14/6 11665/14/6
f 11638/16/6 11639/16/6 11666/16/6
f 11665/15/6 11638/15/6 11666/15/6
f 11639/14/6 11640/14/6 11667/14/6
f 11666/16/6 11639/16/6 11667/16/6
f 11640/16/6 11641/16/6 11668/16/6
f 11667/14/6 11640/14/6 11668/14/6
f 11641/15/6 11642/15/6 11669/15/6
f 11668/16/6 11641/16/6 11669/16/6
f 11642/14/6 11643/14/6 11670/14/6
f 11669/15/6 11642/15/6 11670/15/6
f 11643/15/6 11644/15/6 11671/15/6
f 11670/14/6 11643/14/6 11671/14/6
f 11644/16/6 11645/16/6 11672/16/6
f 11671/15/6 11644/15/6 11672/15/6
f 11645/15/6 11646/15/6 11673/15/6
f 11672/16/6 11645/16/6 11673/16/6
f 11646/16/6 11647/16/6 11674/16/6
f 11673/15/6 11646/15/6 11674/15/6
f 11647/14/6 11648/14/6 11675/14/6
f 11674/16/6 11647/16/6 11675/16/6
f 11648/16/6 11649/16/6 11676/16/6
f 11675/14/6 11648/14/6 11676/14/6
f 11650/16/6 11651/16/6 11678/16/6
f 11651/15/6 11652/15/6 11679/15/6
f 11652/15/6 11653/15/6 11679/15/6
f 11678/16/6 11651/16/6 11679/16/6
f 11679/15/6 11653/15/6 11680/15/6
f 11653/14/6 11654/14/6 11681/14/6
f 11680/15/6 11653/15/6 11681/15/6
f 11654/16/6 11655/16/6 11682/16/6
f 11681/14/6 11654/14/6 11682/14/6
f 11655/14/6 11656/14/6 11683/14/6
f 11682/16/6 11655/16/6 11683/16/6
f 11656/15/6 11657/15/6 11684/15/6
f 11683/14/6 11656/14/6 11684/14/6
f 11657/16/6 11658/16/6 11685/16/6
f 11684/15/6 11657/15/6 11685/15/6
f 11658/16/6 11659/16/6 11685/16/6
f 11659/16/6 11660/16/6 11685/16/6
f 11685/16/6 11660/16/6 11686/16/6
f 11660/15/6 11661/15/6 11687/15/6
f 11686/16/6 11660/16/6 11687/16/6
f 11661/14/6 11662/14/6 11688/14/6
f 11687/15/6 11661/15/6 11688/15/6
f 11662/15/6 11635/15/6 11689/15/6
f 11688/14/6 11662/14/6 11689/14/6
f 11635/16/6 11663/16/6 11690/16/6
f 11689/15/6 11635/15/6 11690/15/6
f 11663/15/6 11664/15/6 11691/15/6
f 11690/16/6 11663/16/6 11691/16/6
f 11664/15/6 11665/15/6 11691/15/6
f 11691/15/6 11665/15/6 11692/15/6
f 11692/15/6 11665/15/6 11693/15/6
f 11665/16/6 11666/16/6 11694/16/6
f 11693/15/6 11665/15/6 11694/15/6
f 11694/16/6 11666/16/6 11695/16/6
f 11666/14/6 11667/14/6 11696/14/6
f 11695/16/6 11666/16/6 11696/16/6
f 11667/14/6 11668/14/6 11696/14/6
f 11668/15/6 11669/15/6 11697/15/6
f 11696/14/6 11668/14/6 11697/14/6
f 11669/15/6 11670/15/6 11697/15/6
f 11697/15/6 11670/15/6 11698/15/6
f 11670/16/6 11671/16/6 11699/16/6
f 11698/15/6 11670/15/6 11699/15/6
f 11671/15/6 11672/15/6 11700/15/6
f 11699/16/6 11671/16/6 11700/16/6
f 11672/14/6 11673/14/6 11701/14/6
f 11700/15/6 11672/15/6 11701/15/6
f 11673/16/6 11674/16/6 11702/16/6
f 11701/14/6 11673/14/6 11702/14/6
f 11674/15/6 11675/15/6 11703/15/6
f 11702/16/6 11674/16/6 11703/16/6
f 11675/15/6 11676/15/6 11703/15/6
f 11703/15/6 11676/15/6 11704/15/6
f 11676/16/6 11649/16/6 11705/16/6
f 11704/15/6 11676/15/6 11705/15/6
f 11705/16/6 11649/16/6 11706/16/6
f 11677/16/6 11678/16/6 11708/16/6
f 11708/16/6 11678/16/6 11709/16/6
f 11706/14/6 11707/14/6 11710/14/6
f 11710/14/6 11707/14/6 11711/14/6
f 11708/14/6 11709/14/6 11712/14/6
f 11712/14/6 11709/14/6 11713/14/6
f 11710/16/6 11711/16/6 11742/16/6
f 11742/16/6 11711/16/6 11743/16/6
f 11713/16/6 11714/16/6 11744/16/6
f 11714/15/6 11715/15/6 11744/15/6
f 11715/15/6 11716/15/6 11744/15/6
f 11744/15/6 11716/15/6 11745/15/6
f 11716/16/6 11717/16/6 11746/16/6
f 11745/15/6 11716/15/6 11746/15/6
f 11717/14/6 11718/14/6 11747/14/6
f 11746/16/6 11717/16/6 11747/16/6
f 11718/15/6 11719/15/6 11748/15/6
f 11747/14/6 11718/14/6 11748/14/6
f 11719/16/6 11720/16/6 11749/16/6
f 11748/15/6 11719/15/6 11749/15/6
f 11720/15/6 11721/15/6 11750/15/6
f 11749/16/6 11720/16/6 11750/16/6
f 11721/14/6 11722/14/6 11751/14/6
f 11750/15/6 11721/15/6 11751/15/6
f 11722/14/6 11723/14/6 11751/14/6
f 11723/14/6 11724/14/6 11751/14/6
f 11751/14/6 11724/14/6 11752/14/6
f 11752/14/6 11724/14/6 11753/14/6
f 11724/15/6 11725/15/6 11754/15/6
f 11753/14/6 11724/14/6 11754/14/6
f 11725/14/6 11726/14/6 11755/14/6
f 11754/15/6 11725/15/6 11755/15/6
f 11726/16/6 11727/16/6 11756/16/6
f 11755/14/6 11726/14/6 11756/14/6
f 11727/16/6 11728/16/6 11756/16/6
f 11756/16/6 11728/16/6 11757/16/6
f 11728/15/6 11729/15/6 11758/15/6
f 11757/16/6 11728/16/6 11758/16/6
f 11758/15/6 11729/15/6 11759/15/6
f 11729/14/6 11730/14/6 11760/14/6
f 11759/15/6 11729/15/6 11760/15/6
f 11730/14/6 11731/14/6 11760/14/6
f 11760/14/6 11731/14/6 11761/14/6
f 11731/15/6 11732/15/6 11762/15/6
f 11761/14/6 11731/14/6 11762/14/6
f 11732/16/6 11733/16/6 11763/16/6
f 11762/15/6 11732/15/6 11763/15/6
f 11733/16/6 11734/16/6 11763/16/6
f 11763/16/6 11734/16/6 11764/16/6
f 11734/15/6 11735/15/6 11765/15/6
f 11764/16/6 11734/16/6 11765/16/6
f 11735/15/6 11736/15/6 11765/15/6
f 11765/15/6 11736/15/6 11766/15/6
f 11736/14/6 11737/14/6 11767/14/6
f 11766/15/6 11736/15/6 11767/15/6
f 11737/16/6 11738/16/6 11768/16/6
f 11767/14/6 11737/14/6 11768/14/6
f 11738/14/6 11739/14/6 11769/14/6
f 11768/16/6 11738/16/6 11769/16/6
f 11740/15/6 11741/15/6 11770/15/6
f 11769/14/6 11739/14/6 11770/14/6
f 11739/15/6 11740/15/6 11770/15/6
f 11770/15/6 11741/15/6 11771/15/6
f 11741/16/6 11742/16/6 11772/16/6
f 11771/15/6 11741/15/6 11772/15/6
f 11772/16/6 11742/16/6 11773/16/6
f 11713/16/6 11744/16/6 11774/16/6
f 11744/14/6 11745/14/6 11775/14/6
f 11774/16/6 11744/16/6 11775/16/6
f 11745/16/6 11746/16/6 11776/16/6
f 11775/14/6 11745/14/6 11776/14/6
f 11746/15/6 11747/15/6 11777/15/6
f 11776/16/6 11746/16/6 11777/16/6
f 11747/16/6 11748/16/6 11778/16/6
f 11777/15/6 11747/15/6 11778/15/6
f 11748/15/6 11749/15/6 11779/15/6
f 11778/16/6 11748/16/6 11779/16/6
f 11749/14/6 11750/14/6 11780/14/6
f 11779/15/6 11749/15/6 11780/15/6
f 11751/15/6 11752/15/6 11781/15/6
f 11780/14/6 11750/14/6 11781/14/6
f 11750/15/6 11751/15/6 11781/15/6
f 11752/16/6 11753/16/6 11782/16/6
f 11781/15/6 11752/15/6 11782/15/6
f 11753/14/6 11754/14/6 11783/14/6
f 11782/16/6 11753/16/6 11783/16/6
f 11754/16/6 11755/16/6 11784/16/6
f 11783/14/6 11754/14/6 11784/14/6
f 11755/16/6 11756/16/6 11784/16/6
f 11756/15/6 11757/15/6 11785/15/6
f 11784/16/6 11756/16/6 11785/16/6
f 11758/14/6 11759/14/6 11786/14/6
f 11785/15/6 11757/15/6 11786/15/6
f 11757/14/6 11758/14/6 11786/14/6
f 11760/16/6 11761/16/6 11787/16/6
f 11786/14/6 11759/14/6 11787/14/6
f 11759/16/6 11760/16/6 11787/16/6
f 11761/15/6 11762/15/6 11788/15/6
f 11787/16/6 11761/16/6 11788/16/6
f 11762/16/6 11763/16/6 11789/16/6
f 11788/15/6 11762/15/6 11789/15/6
f 11763/14/6 11764/14/6 11790/14/6
f 11789/16/6 11763/16/6 11790/16/6
f 11764/15/6 11765/15/6 11791/15/6
f 11790/14/6 11764/14/6 11791/14/6
f 11765/15/6 11766/15/6 11791/15/6
f 11767/16/6 11768/16/6 11792/16/6
f 11791/15/6 11766/15/6 11792/15/6
f 11766/16/6 11767/16/6 11792/16/6
f 11768/15/6 11769/15/6 11793/15/6
f 11792/16/6 11768/16/6 11793/16/6
f 11769/13/6 11770/13/6 11794/13/6
f 11793/15/6 11769/15/6 11794/15/6
f 11770/14/6 11771/14/6 11795/14/6
f 11794/13/6 11770/13/6 11795/13/6
f 11771/16/6 11772/16/6 11796/16/6
f 11795/14/6 11771/14/6 11796/14/6
f 11772/15/6 11773/15/6 11797/15/6
f 11796/16/6 11772/16/6 11797/16/6
f 11797/15/6 11773/15/6 11798/15/6
f 11799/14/6 11800/14/6 11823/14/6
f 11800/15/6 11801/15/6 11824/15/6
f 11823/14/6 11800/14/6 11824/14/6
f 11801/14/6 11802/14/6 11825/14/6
f 11824/15/6 11801/15/6 11825/15/6
f 11802/16/6 11803/16/6 11826/16/6
f 11825/14/6 11802/14/6 11826/14/6
f 11826/16/6 11803/16/6 11827/16/6
f 11827/16/6 11803/16/6 11828/16/6
f 11803/14/6 11804/14/6 11829/14/6
f 11828/16/6 11803/16/6 11829/16/6
f 11804/15/6 11805/15/6 11830/15/6
f 11829/14/6 11804/14/6 11830/14/6
f 11805/14/6 11806/14/6 11831/14/6
f 11830/15/6 11805/15/6 11831/15/6
f 11831/14/6 11806/14/6 11832/14/6
f 11806/16/6 11807/16/6 11833/16/6
f 11832/14/6 11806/14/6 11833/14/6
f 11833/16/6 11807/16/6 11834/16/6
f 11807/15/6 11808/15/6 11835/15/6
f 11834/16/6 11807/16/6 11835/16/6
f 11808/14/6 11809/14/6 11836/14/6
f 11835/15/6 11808/15/6 11836/15/6
f 11836/14/6 11809/14/6 11837/14/6
f 11809/16/6 11810/16/6 11838/16/6
f 11837/14/6 11809/14/6 11838/14/6
f 11810/15/6 11811/15/6 11839/15/6
f 11838/16/6 11810/16/6 11839/16/6
f 11811/14/6 11812/14/6 11840/14/6
f 11839/15/6 11811/15/6 11840/15/6
f 11812/15/6 11813/15/6 11841/15/6
f 11840/14/6 11812/14/6 11841/14/6
f 11813/16/6 11814/16/6 11842/16/6
f 11841/15/6 11813/15/6 11842/15/6
f 11842/16/6 11814/16/6 11843/16/6
f 11814/15/6 11815/15/6 11844/15/6
f 11843/16/6 11814/16/6 11844/16/6
f 11815/16/6 11816/16/6 11845/16/6
f 11844/15/6 11815/15/6 11845/15/6
f 11845/16/6 11816/16/6 11846/16/6
f 11816/13/6 11817/13/6 11847/13/6
f 11846/16/6 11816/16/6 11847/16/6
f 11817/16/6 11818/16/6 11848/16/6
f 11847/13/6 11817/13/6 11848/13/6
f 11818/14/6 11819/14/6 11849/14/6
f 11848/16/6 11818/16/6 11849/16/6
f 11819/13/6 11820/13/6 11850/13/6
f 11849/14/6 11819/14/6 11850/14/6
f 11820/16/6 11821/16/6 11851/16/6
f 11850/13/6 11820/13/6 11851/13/6
f 11821/15/6 11822/15/6 11852/15/6
f 11851/16/6 11821/16/6 11852/16/6
f 11852/15/6 11822/15/6 11853/15/6
f 11823/15/6 11824/15/6 11854/15/6
f 11824/16/6 11825/16/6 11855/16/6
f 11854/15/6 11824/15/6 11855/15/6
f 11825/13/6 11826/13/6 11856/13/6
f 11855/16/6 11825/16/6 11856/16/6
f 11826/14/6 11827/14/6 11857/14/6
f 11856/13/6 11826/13/6 11857/13/6
f 11827/16/6 11828/16/6 11858/16/6
f 11857/14/6 11827/14/6 11858/14/6
f 11828/13/6 11829/13/6 11859/13/6
f 11858/16/6 11828/16/6 11859/16/6
f 11829/16/6 11830/16/6 11860/16/6
f 11859/13/6 11829/13/6 11860/13/6
f 11830/15/6 11831/15/6 11861/15/6
f 11860/16/6 11830/16/6 11861/16/6
f 11831/16/6 11832/16/6 11862/16/6
f 11861/15/6 11831/15/6 11862/15/6
f 11832/15/6 11833/15/6 11863/15/6
f 11862/16/6 11832/16/6 11863/16/6
f 11833/16/6 11834/16/6 11864/16/6
f 11863/15/6 11833/15/6 11864/15/6
f 11834/15/6 11835/15/6 11865/15/6
f 11864/16/6 11834/16/6 11865/16/6
f 11835/14/6 11836/14/6 11866/14/6
f 11865/15/6 11835/15/6 11866/15/6
f 11836/15/6 11837/15/6 11867/15/6
f 11866/14/6 11836/14/6 11867/14/6
f 11837/16/6 11838/16/6 11868/16/6
f 11867/15/6 11837/15/6 11868/15/6
f 11838/16/6 11839/16/6 11868/16/6
f 11839/16/6 11840/16/6 11868/16/6
f 11840/16/6 11841/16/6 11868/16/6
f 11842/14/6 11843/14/6 11869/14/6
f 11868/16/6 11841/16/6 11869/16/6
f 11841/14/6 11842/14/6 11869/14/6
f 11843/15/6 11844/15/6 11870/15/6
f 11869/14/6 11843/14/6 11870/14/6
f 11844/14/6 11845/14/6 11871/14/6
f 11870/15/6 11844/15/6 11871/15/6
f 11845/15/6 11846/15/6 11872/15/6
f 11871/14/6 11845/14/6 11872/14/6
f 11846/14/6 11847/14/6 11873/14/6
f 11872/15/6 11846/15/6 11873/15/6
f 11847/16/6 11848/16/6 11874/16/6
f 11873/14/6 11847/14/6 11874/14/6
f 11848/16/6 11849/16/6 11874/16/6
f 11849/16/6 11850/16/6 11874/16/6
f 11850/14/6 11851/14/6 11875/14/6
f 11874/16/6 11850/16/6 11875/16/6
f 11851/15/6 11852/15/6 11876/15/6
f 11875/14/6 11851/14/6 11876/14/6
f 11852/14/6 11853/14/6 11877/14/6
f 11876/15/6 11852/15/6 11877/15/6
f 11877/14/6 11853/14/6 11878/14/6
