# MagicaVoxel @ Ephtracy

# group
o 

# material
mtllib women.mtl
usemtl palette

# normals
vn -1 0 0
vn 1 0 0
vn 0 0 1
vn 0 0 -1
vn 0 -1 0
vn 0 1 0

# texcoords
vt 0.0332031 0.5
vt 0.0371094 0.5
vt 0.0410156 0.5
vt 0.0449219 0.5
vt 0.251953 0.5
vt 0.373047 0.5
vt 0.396484 0.5
vt 0.533203 0.5
vt 0.537109 0.5
vt 0.841797 0.5
vt 0.966797 0.5
vt 0.974609 0.5
vt 0.986328 0.5
vt 0.990234 0.5

# verts
v 1.1 3.4 -2
v 1.1 3.4 -2.1
v 1.1 3.5 -2.1
v 1.1 3.5 -2.2
v 1.1 3.6 -1.9
v 1.1 3.6 -2
v 1.1 3.7 -1.9
v 1.1 3.7 -2
v 1.1 3.7 -2.2
v 1.1 3.8 -2
v 1.1 3.8 -2.2
v 1.1 3.9 -1.9
v 1.1 3.9 -2
v 1.1 4 -1.9
v 1.1 4 -2
v 1.1 4.3 -2
v 1.1 4.3 -2.1
v 1.1 4.7 -2.1
v 1.1 4.7 -2.2
v 1.2 3.3 -2.1
v 1.2 3.3 -2.2
v 1.2 3.4 -2.1
v 1.2 3.5 -1.9
v 1.2 3.5 -2
v 1.2 3.5 -2.1
v 1.2 3.5 -2.2
v 1.2 3.5 -2.3
v 1.2 3.6 -1.9
v 1.2 3.6 -2
v 1.2 3.7 -1.9
v 1.2 3.7 -2
v 1.2 3.7 -2.2
v 1.2 3.7 -2.3
v 1.2 3.8 -1.9
v 1.2 3.8 -2
v 1.2 3.8 -2.2
v 1.2 3.8 -2.3
v 1.2 3.9 -1.9
v 1.2 3.9 -2
v 1.2 4 -1.9
v 1.2 4 -2
v 1.2 4.3 -2
v 1.2 4.3 -2.1
v 1.2 4.6 -1.9
v 1.2 4.6 -2
v 1.2 4.6 -2.2
v 1.2 4.6 -2.3
v 1.2 4.7 -2
v 1.2 4.7 -2.1
v 1.2 4.7 -2.2
v 1.2 4.8 -2.1
v 1.2 4.8 -2.2
v 1.3 4.5 -1.8
v 1.3 4.5 -1.9
v 1.3 4.6 -1.8
v 1.3 4.6 -1.9
v 1.3 4.6 -2.2
v 1.3 4.6 -2.3
v 1.3 4.8 -2.1
v 1.3 4.8 -2.2
v 1.3 4.8 -2.3
v 1.3 4.9 -2.1
v 1.3 4.9 -2.2
v 1.4 2.8 -2
v 1.4 2.8 -2.2
v 1.4 3.1 -2
v 1.4 3.1 -2.1
v 1.4 3.5 -2.1
v 1.4 3.5 -2.2
v 1.4 3.6 -2.1
v 1.4 3.6 -2.2
v 1.4 4.6 -1.8
v 1.4 4.6 -2
v 1.4 4.7 -1.8
v 1.4 4.7 -2
v 1.4 4.7 -2.1
v 1.4 4.8 -2
v 1.4 4.8 -2.1
v 1.4 4.8 -2.2
v 1.4 4.8 -2.3
v 1.4 4.9 -2.2
v 1.4 4.9 -2.3
v 1.5 2 -1.6
v 1.5 2 -2.2
v 1.5 2.1 -1.6
v 1.5 2.1 -1.7
v 1.5 2.1 -1.8
v 1.5 2.1 -1.9
v 1.5 2.2 -1.7
v 1.5 2.2 -1.8
v 1.5 2.2 -1.9
v 1.5 2.2 -2
v 1.5 2.3 -1.9
v 1.5 2.3 -2
v 1.5 2.3 -2.2
v 1.5 2.4 -2.2
v 1.5 2.4 -2.3
v 1.5 2.6 -1.9
v 1.5 2.6 -2
v 1.5 2.6 -2.2
v 1.5 2.6 -2.3
v 1.5 2.8 -2
v 1.5 2.8 -2.2
v 1.5 2.8 -2.3
v 1.5 2.9 -1.9
v 1.5 2.9 -2
v 1.5 3.1 -2
v 1.5 3.1 -2.1
v 1.5 3.2 -2.3
v 1.5 3.2 -2.4
v 1.5 3.3 -1.9
v 1.5 3.3 -2
v 1.5 3.5 -1.9
v 1.5 3.5 -2.1
v 1.5 3.5 -2.2
v 1.5 3.5 -2.4
v 1.5 3.6 -2.1
v 1.5 3.6 -2.2
v 1.5 3.6 -2.4
v 1.5 3.7 -1.9
v 1.5 3.7 -2
v 1.5 3.7 -2.2
v 1.5 3.8 -2
v 1.5 3.8 -2.1
v 1.5 3.8 -2.2
v 1.5 3.9 -2
v 1.5 3.9 -2.1
v 1.5 4.2 -2
v 1.5 4.2 -2.3
v 1.5 4.4 -1.8
v 1.5 4.4 -2
v 1.5 4.4 -2.2
v 1.5 4.5 -1.9
v 1.5 4.5 -2
v 1.5 4.5 -2.2
v 1.5 4.5 -2.3
v 1.5 4.5 -2.4
v 1.5 4.6 -1.8
v 1.5 4.6 -1.9
v 1.5 4.7 -1.8
v 1.5 4.7 -2
v 1.5 4.8 -1.8
v 1.5 4.8 -1.9
v 1.5 4.8 -2
v 1.5 4.8 -2.1
v 1.5 4.8 -2.3
v 1.5 4.8 -2.4
v 1.5 4.9 -1.7
v 1.5 4.9 -1.9
v 1.5 4.9 -2.1
v 1.5 5 -1.9
v 1.5 5 -2
v 1.5 5 -2.1
v 1.5 5 -2.2
v 1.5 5.4 -2
v 1.5 5.4 -2.1
v 1.5 5.4 -2.2
v 1.5 5.5 -1.7
v 1.5 5.5 -1.8
v 1.5 5.6 -1.8
v 1.5 5.6 -1.9
v 1.5 5.7 -1.9
v 1.5 5.7 -2.1
v 1.6 2 -1.5
v 1.6 2 -1.6
v 1.6 2 -2.2
v 1.6 2 -2.3
v 1.6 2.1 -1.5
v 1.6 2.1 -1.6
v 1.6 2.1 -1.7
v 1.6 2.2 -1.6
v 1.6 2.2 -1.7
v 1.6 2.2 -1.8
v 1.6 2.2 -1.9
v 1.6 2.3 -1.8
v 1.6 2.3 -1.9
v 1.6 2.3 -2
v 1.6 2.3 -2.2
v 1.6 2.3 -2.3
v 1.6 2.4 -2.2
v 1.6 2.4 -2.3
v 1.6 2.6 -1.8
v 1.6 2.6 -1.9
v 1.6 2.6 -2
v 1.6 2.6 -2.2
v 1.6 2.6 -2.3
v 1.6 2.8 -1.8
v 1.6 2.8 -1.9
v 1.6 2.8 -2.2
v 1.6 2.8 -2.3
v 1.6 2.9 -1.9
v 1.6 2.9 -2
v 1.6 3.1 -2.3
v 1.6 3.1 -2.4
v 1.6 3.2 -2.3
v 1.6 3.2 -2.4
v 1.6 3.3 -1.8
v 1.6 3.3 -1.9
v 1.6 3.3 -2
v 1.6 3.3 -2.4
v 1.6 3.3 -2.5
v 1.6 3.5 -1.8
v 1.6 3.5 -1.9
v 1.6 3.5 -2.4
v 1.6 3.6 -2.2
v 1.6 3.6 -2.4
v 1.6 3.6 -2.5
v 1.6 3.7 -1.8
v 1.6 3.7 -1.9
v 1.6 3.7 -2
v 1.6 3.7 -2.2
v 1.6 3.7 -2.3
v 1.6 3.7 -2.4
v 1.6 3.8 -1.9
v 1.6 3.8 -2
v 1.6 3.8 -2.1
v 1.6 3.8 -2.2
v 1.6 3.8 -2.3
v 1.6 3.9 -2
v 1.6 3.9 -2.1
v 1.6 4.2 -2
v 1.6 4.2 -2.3
v 1.6 4.3 -1.8
v 1.6 4.3 -1.9
v 1.6 4.3 -2.3
v 1.6 4.3 -2.4
v 1.6 4.4 -1.7
v 1.6 4.4 -1.8
v 1.6 4.4 -2
v 1.6 4.5 -2.3
v 1.6 4.5 -2.4
v 1.6 4.5 -2.5
v 1.6 4.7 -1.7
v 1.6 4.7 -1.8
v 1.6 4.7 -2.4
v 1.6 4.7 -2.5
v 1.6 4.8 -1.8
v 1.6 4.8 -1.9
v 1.6 4.8 -2.3
v 1.6 4.8 -2.4
v 1.6 4.9 -1.8
v 1.6 4.9 -1.9
v 1.6 4.9 -2.2
v 1.6 4.9 -2.3
v 1.6 5 -2.2
v 1.6 5 -2.3
v 1.6 5 -2.4
v 1.6 5.2 -2
v 1.6 5.2 -2.1
v 1.6 5.4 -2
v 1.6 5.4 -2.1
v 1.6 5.4 -2.2
v 1.6 5.5 -1.7
v 1.6 5.5 -1.8
v 1.6 5.6 -1.8
v 1.6 5.6 -1.9
v 1.6 5.6 -2.2
v 1.6 5.6 -2.3
v 1.6 5.7 -1.7
v 1.6 5.7 -1.8
v 1.6 5.7 -1.9
v 1.6 5.7 -2.1
v 1.6 5.8 -1.8
v 1.6 5.8 -2.2
v 1.7 3.2 -1.8
v 1.7 3.2 -1.9
v 1.7 3.2 -2.4
v 1.7 3.2 -2.5
v 1.7 3.3 -1.8
v 1.7 3.3 -1.9
v 1.7 3.3 -2.4
v 1.7 3.3 -2.5
v 1.7 3.8 -1.8
v 1.7 3.8 -1.9
v 1.7 4 -1.8
v 1.7 4 -1.9
v 1.7 4 -2.3
v 1.7 4 -2.4
v 1.7 4.2 -1.8
v 1.7 4.2 -1.9
v 1.7 4.3 -1.7
v 1.7 4.3 -1.8
v 1.7 4.3 -1.9
v 1.7 4.3 -2.3
v 1.7 4.3 -2.4
v 1.7 4.4 -1.7
v 1.7 4.4 -1.8
v 1.7 4.4 -2.4
v 1.7 4.4 -2.5
v 1.7 4.5 -2.4
v 1.7 4.5 -2.5
v 1.7 4.9 -2
v 1.7 4.9 -2.1
v 1.7 5 -2
v 1.7 5 -2.1
v 1.7 5 -2.3
v 1.7 5 -2.4
v 1.7 5.1 -1.9
v 1.7 5.1 -2
v 1.7 5.1 -2.2
v 1.7 5.2 -1.8
v 1.7 5.2 -1.9
v 1.7 5.2 -2
v 1.7 5.2 -2.2
v 1.7 5.3 -1.8
v 1.7 5.3 -1.9
v 1.7 5.3 -2
v 1.7 5.6 -2.2
v 1.7 5.6 -2.3
v 1.7 5.6 -2.4
v 1.7 5.7 -1.7
v 1.7 5.7 -1.8
v 1.7 5.8 -1.7
v 1.7 5.8 -1.8
v 1.7 5.8 -2.2
v 1.7 5.8 -2.3
v 1.7 5.9 -1.8
v 1.7 5.9 -2.2
v 1.8 3.7 -1.8
v 1.8 3.7 -1.9
v 1.8 3.8 -1.8
v 1.8 3.8 -1.9
v 1.8 3.8 -2.3
v 1.8 3.8 -2.4
v 1.8 3.9 -2.3
v 1.8 3.9 -2.4
v 1.8 4 -1.8
v 1.8 4 -1.9
v 1.8 4 -2.3
v 1.8 4 -2.4
v 1.8 4.2 -1.8
v 1.8 4.2 -1.9
v 1.8 4.2 -2.4
v 1.8 4.2 -2.5
v 1.8 4.4 -2.4
v 1.8 4.4 -2.5
v 1.8 4.7 -2.4
v 1.8 4.7 -2.5
v 1.8 4.8 -1.8
v 1.8 4.8 -1.9
v 1.8 4.8 -2.3
v 1.8 4.8 -2.4
v 1.8 4.9 -1.8
v 1.8 4.9 -1.9
v 1.8 4.9 -2
v 1.8 4.9 -2.1
v 1.8 4.9 -2.2
v 1.8 4.9 -2.3
v 1.8 4.9 -2.4
v 1.8 4.9 -2.5
v 1.8 5 -1.8
v 1.8 5 -1.9
v 1.8 5 -2
v 1.8 5 -2.1
v 1.8 5 -2.2
v 1.8 5 -2.3
v 1.8 5 -2.4
v 1.8 5.1 -1.8
v 1.8 5.1 -2
v 1.8 5.1 -2.1
v 1.8 5.1 -2.2
v 1.8 5.2 -2.4
v 1.8 5.2 -2.5
v 1.8 5.6 -2.3
v 1.8 5.6 -2.4
v 1.8 5.6 -2.5
v 1.8 5.8 -2.2
v 1.8 5.8 -2.3
v 1.8 5.8 -2.4
v 1.8 5.9 -2
v 1.8 5.9 -2.2
v 1.8 5.9 -2.3
v 1.8 6 -2
v 1.8 6 -2.2
v 1.9 3.7 -2.3
v 1.9 3.7 -2.4
v 1.9 3.8 -2.3
v 1.9 3.8 -2.4
v 1.9 3.9 -2.4
v 1.9 3.9 -2.5
v 1.9 4.2 -2.4
v 1.9 4.2 -2.5
v 1.9 4.9 -2.4
v 1.9 4.9 -2.5
v 1.9 5 -2.2
v 1.9 5 -2.3
v 1.9 5.1 -2.2
v 1.9 5.1 -2.3
v 1.9 5.2 -2.4
v 1.9 5.2 -2.5
v 1.9 5.3 -1.7
v 1.9 5.3 -1.8
v 1.9 5.4 -1.7
v 1.9 5.4 -1.8
v 1.9 5.6 -2.4
v 1.9 5.6 -2.5
v 1.9 5.7 -2.4
v 1.9 5.7 -2.5
v 1.9 5.8 -1.7
v 1.9 5.8 -1.8
v 1.9 5.8 -2.3
v 1.9 5.8 -2.4
v 1.9 5.9 -1.7
v 1.9 5.9 -1.8
v 1.9 5.9 -1.9
v 1.9 5.9 -2
v 1.9 5.9 -2.2
v 1.9 5.9 -2.3
v 1.9 5.9 -2.4
v 1.9 6 -1.9
v 1.9 6 -2
v 1.9 6 -2.2
v 1.9 6 -2.3
v 2.1 2.8 -2.1
v 2.1 2.8 -2.2
v 2.1 2.9 -2
v 2.1 2.9 -2.1
v 2.1 3.1 -2.2
v 2.1 3.1 -2.3
v 2.1 3.2 -1.9
v 2.1 3.2 -2
v 2.1 3.2 -2.3
v 2.1 3.2 -2.4
v 2.1 3.3 -2
v 2.1 3.3 -2.4
v 2.1 3.3 -2.5
v 2.1 3.4 -1.9
v 2.1 3.4 -2
v 2.1 3.5 -2.3
v 2.1 3.5 -2.4
v 2.1 3.5 -2.5
v 2.1 3.6 -2.3
v 2.1 3.6 -2.4
v 2.1 4.5 -1.7
v 2.1 4.5 -1.8
v 2.1 4.5 -2.4
v 2.1 4.5 -2.5
v 2.1 4.6 -1.7
v 2.1 4.6 -1.8
v 2.1 4.7 -2.4
v 2.1 4.7 -2.5
v 2.1 4.8 -2.4
v 2.1 4.8 -2.5
v 2.1 5 -2.3
v 2.1 5 -2.4
v 2.1 5.1 -2.3
v 2.1 5.1 -2.4
v 2.1 5.7 -1.7
v 2.1 5.7 -1.8
v 2.1 5.8 -1.7
v 2.1 5.8 -1.8
v 2.2 2 -1.6
v 2.2 2 -2.2
v 2.2 2.1 -1.6
v 2.2 2.1 -1.7
v 2.2 2.1 -1.8
v 2.2 2.1 -1.9
v 2.2 2.2 -1.7
v 2.2 2.2 -1.8
v 2.2 2.2 -1.9
v 2.2 2.2 -2
v 2.2 2.3 -1.9
v 2.2 2.3 -2
v 2.2 2.3 -2.2
v 2.2 2.4 -2.2
v 2.2 2.4 -2.3
v 2.2 2.6 -1.9
v 2.2 2.6 -2
v 2.2 2.8 -1.9
v 2.2 2.8 -2
v 2.2 2.8 -2.1
v 2.2 2.8 -2.2
v 2.2 2.9 -2
v 2.2 2.9 -2.1
v 2.2 2.9 -2.2
v 2.2 2.9 -2.3
v 2.2 3 -1.9
v 2.2 3 -2
v 2.2 3.2 -1.8
v 2.2 3.2 -1.9
v 2.2 3.2 -2
v 2.2 3.2 -2.4
v 2.2 3.2 -2.5
v 2.2 3.3 -2.4
v 2.2 3.3 -2.5
v 2.2 3.5 -1.8
v 2.2 3.5 -1.9
v 2.2 3.5 -2.4
v 2.2 3.5 -2.5
v 2.2 3.6 -2.3
v 2.2 3.6 -2.4
v 2.2 3.6 -2.5
v 2.2 3.7 -2.3
v 2.2 3.7 -2.4
v 2.2 4.6 -1.7
v 2.2 4.6 -1.8
v 2.2 4.7 -1.7
v 2.2 4.7 -1.8
v 2.3 2 -1.5
v 2.3 2 -1.6
v 2.3 2 -2.2
v 2.3 2 -2.3
v 2.3 2.1 -1.5
v 2.3 2.1 -1.6
v 2.3 2.1 -1.7
v 2.3 2.2 -1.6
v 2.3 2.2 -1.7
v 2.3 2.2 -1.8
v 2.3 2.2 -1.9
v 2.3 2.3 -1.8
v 2.3 2.3 -1.9
v 2.3 2.3 -2
v 2.3 2.3 -2.2
v 2.3 2.3 -2.3
v 2.3 2.4 -2.2
v 2.3 2.4 -2.3
v 2.3 2.6 -1.8
v 2.3 2.6 -1.9
v 2.3 2.6 -2
v 2.3 2.8 -1.8
v 2.3 2.8 -1.9
v 2.3 2.8 -2
v 2.3 2.9 -2.2
v 2.3 2.9 -2.3
v 2.3 3 -1.9
v 2.3 3 -2
v 2.3 3.1 -2.2
v 2.3 3.1 -2.3
v 2.3 3.1 -2.4
v 2.3 3.2 -2.3
v 2.3 3.2 -2.4
v 2.3 4.8 -1.8
v 2.3 4.8 -1.9
v 2.3 4.8 -2.3
v 2.3 4.8 -2.4
v 2.3 4.9 -1.9
v 2.3 4.9 -2.2
v 2.3 4.9 -2.3
v 2.3 5 -1.7
v 2.3 5 -1.8
v 2.3 5 -1.9
v 2.3 5 -2.3
v 2.3 5 -2.4
v 2.3 5.1 -1.7
v 2.3 5.1 -1.8
v 2.3 5.1 -2.2
v 2.3 5.1 -2.3
v 2.3 5.5 -1.7
v 2.3 5.5 -1.8
v 2.3 5.7 -1.7
v 2.3 5.7 -1.8
v 2.4 4.9 -1.7
v 2.4 4.9 -1.8
v 2.4 5 -1.7
v 2.4 5 -1.8
v 2.4 5 -1.9
v 2.4 5 -2
v 2.4 5 -2.1
v 2.4 5 -2.2
v 2.4 5.1 -1.7
v 2.4 5.1 -1.8
v 2.4 5.1 -1.9
v 2.4 5.2 -1.8
v 2.4 5.2 -1.9
v 2.4 5.2 -2
v 2.4 5.2 -2.1
v 2.4 5.2 -2.2
v 2.4 5.3 -1.8
v 2.4 5.3 -2
v 2.4 5.5 -1.7
v 2.4 5.5 -1.8
v 2.6 3.7 -2
v 2.6 3.7 -2.2
v 2.6 3.8 -2
v 2.6 3.8 -2.2
v 2.6 3.9 -1.9
v 2.6 3.9 -2
v 2.6 4.2 -2.2
v 2.6 4.2 -2.3
v 2.6 4.3 -1.9
v 2.6 4.3 -2
v 2.6 4.3 -2.1
v 2.6 4.3 -2.2
v 2.6 4.4 -1.9
v 2.6 4.4 -2
v 2.6 4.4 -2.1
v 2.6 4.5 -1.8
v 2.6 4.5 -1.9
v 2.6 4.5 -2
v 2.6 4.5 -2.2
v 2.6 4.5 -2.3
v 2.6 4.6 -1.8
v 2.6 4.6 -1.9
v 2.7 3.3 -2.1
v 2.7 3.3 -2.2
v 2.7 3.5 -1.9
v 2.7 3.5 -2
v 2.7 3.5 -2.2
v 2.7 3.5 -2.3
v 2.7 3.6 -2
v 2.7 3.6 -2.1
v 2.7 3.7 -1.9
v 2.7 3.7 -2
v 2.7 3.7 -2.2
v 2.7 3.7 -2.3
v 2.7 3.8 -1.9
v 2.7 3.8 -2
v 2.7 3.8 -2.2
v 2.7 3.8 -2.3
v 2.7 3.9 -1.9
v 2.7 3.9 -2
v 2.7 4.2 -2.2
v 2.7 4.2 -2.3
v 2.7 4.3 -1.9
v 2.7 4.3 -2
v 2.7 4.4 -1.9
v 2.7 4.4 -2
v 2.8 3.4 -2
v 2.8 3.4 -2.1
v 2.8 3.5 -2
v 2.8 3.6 -2
v 2.8 3.6 -2.1
v 1.2 3.4 -2
v 1.2 3.4 -2.1
v 1.2 3.5 -2
v 1.2 3.6 -2
v 1.2 3.6 -2.1
v 1.3 3.3 -2.1
v 1.3 3.3 -2.2
v 1.3 3.5 -1.9
v 1.3 3.5 -2
v 1.3 3.5 -2.2
v 1.3 3.5 -2.3
v 1.3 3.6 -2
v 1.3 3.6 -2.1
v 1.3 3.7 -1.9
v 1.3 3.7 -2
v 1.3 3.7 -2.2
v 1.3 3.7 -2.3
v 1.3 3.8 -1.9
v 1.3 3.8 -2
v 1.3 3.8 -2.2
v 1.3 3.8 -2.3
v 1.3 3.9 -1.9
v 1.3 3.9 -2
v 1.3 4.2 -2.2
v 1.3 4.2 -2.3
v 1.3 4.3 -1.9
v 1.3 4.3 -2
v 1.3 4.4 -1.9
v 1.3 4.4 -2
v 1.4 3.7 -2
v 1.4 3.7 -2.2
v 1.4 3.8 -2
v 1.4 3.8 -2.2
v 1.4 3.9 -1.9
v 1.4 3.9 -2
v 1.4 4.2 -2.2
v 1.4 4.2 -2.3
v 1.4 4.3 -1.9
v 1.4 4.3 -2
v 1.4 4.4 -1.9
v 1.4 4.4 -2
v 1.4 4.4 -2.2
v 1.4 4.5 -1.8
v 1.4 4.5 -1.9
v 1.4 4.5 -2
v 1.4 4.5 -2.2
v 1.4 4.5 -2.3
v 1.4 4.6 -1.8
v 1.4 4.6 -1.9
v 1.6 4.9 -1.7
v 1.6 4.9 -1.8
v 1.6 5 -1.7
v 1.6 5 -1.8
v 1.6 5 -1.9
v 1.6 5 -2
v 1.6 5 -2.1
v 1.6 5 -2.2
v 1.6 5.1 -1.7
v 1.6 5.1 -1.8
v 1.6 5.1 -1.9
v 1.6 5.2 -1.8
v 1.6 5.2 -1.9
v 1.6 5.2 -2
v 1.6 5.2 -2.1
v 1.6 5.2 -2.2
v 1.6 5.3 -1.8
v 1.6 5.3 -2
v 1.6 5.5 -1.7
v 1.6 5.5 -1.8
v 1.7 2 -1.5
v 1.7 2 -1.6
v 1.7 2 -2.2
v 1.7 2 -2.3
v 1.7 2.1 -1.5
v 1.7 2.1 -1.6
v 1.7 2.1 -1.7
v 1.7 2.2 -1.6
v 1.7 2.2 -1.7
v 1.7 2.2 -1.8
v 1.7 2.2 -1.9
v 1.7 2.3 -1.8
v 1.7 2.3 -1.9
v 1.7 2.3 -2
v 1.7 2.3 -2.2
v 1.7 2.3 -2.3
v 1.7 2.4 -2.2
v 1.7 2.4 -2.3
v 1.7 2.6 -1.8
v 1.7 2.6 -1.9
v 1.7 2.6 -2
v 1.7 2.8 -1.8
v 1.7 2.8 -1.9
v 1.7 2.8 -2
v 1.7 2.9 -2.2
v 1.7 2.9 -2.3
v 1.7 3 -1.9
v 1.7 3 -2
v 1.7 3.1 -2.2
v 1.7 3.1 -2.3
v 1.7 3.1 -2.4
v 1.7 3.2 -2.3
v 1.7 3.2 -2.4
v 1.7 4.8 -1.8
v 1.7 4.8 -1.9
v 1.7 4.8 -2.3
v 1.7 4.8 -2.4
v 1.7 4.9 -1.9
v 1.7 4.9 -2.2
v 1.7 4.9 -2.3
v 1.7 5 -1.7
v 1.7 5 -1.8
v 1.7 5 -1.9
v 1.7 5 -2.3
v 1.7 5 -2.4
v 1.7 5.1 -1.7
v 1.7 5.1 -1.8
v 1.7 5.1 -2.2
v 1.7 5.1 -2.3
v 1.7 5.5 -1.7
v 1.7 5.5 -1.8
v 1.7 5.7 -1.7
v 1.7 5.7 -1.8
v 1.8 2 -1.6
v 1.8 2 -2.2
v 1.8 2.1 -1.6
v 1.8 2.1 -1.7
v 1.8 2.1 -1.8
v 1.8 2.1 -1.9
v 1.8 2.2 -1.7
v 1.8 2.2 -1.8
v 1.8 2.2 -1.9
v 1.8 2.2 -2
v 1.8 2.3 -1.9
v 1.8 2.3 -2
v 1.8 2.3 -2.2
v 1.8 2.4 -2.2
v 1.8 2.4 -2.3
v 1.8 2.6 -1.9
v 1.8 2.6 -2
v 1.8 2.8 -1.9
v 1.8 2.8 -2
v 1.8 2.8 -2.1
v 1.8 2.8 -2.2
v 1.8 2.9 -2
v 1.8 2.9 -2.1
v 1.8 2.9 -2.2
v 1.8 2.9 -2.3
v 1.8 3 -1.9
v 1.8 3 -2
v 1.8 3.2 -1.8
v 1.8 3.2 -1.9
v 1.8 3.2 -2
v 1.8 3.2 -2.4
v 1.8 3.2 -2.5
v 1.8 3.3 -2.4
v 1.8 3.3 -2.5
v 1.8 3.5 -1.8
v 1.8 3.5 -1.9
v 1.8 3.5 -2.4
v 1.8 3.5 -2.5
v 1.8 3.6 -2.3
v 1.8 3.6 -2.4
v 1.8 3.6 -2.5
v 1.8 3.7 -2.3
v 1.8 3.7 -2.4
v 1.8 4.6 -1.7
v 1.8 4.6 -1.8
v 1.8 4.7 -1.7
v 1.8 4.7 -1.8
v 1.9 2.8 -2.1
v 1.9 2.8 -2.2
v 1.9 2.9 -2
v 1.9 2.9 -2.1
v 1.9 3.1 -2.2
v 1.9 3.1 -2.3
v 1.9 3.2 -1.9
v 1.9 3.2 -2
v 1.9 3.2 -2.3
v 1.9 3.2 -2.4
v 1.9 3.3 -2
v 1.9 3.3 -2.4
v 1.9 3.3 -2.5
v 1.9 3.4 -1.9
v 1.9 3.4 -2
v 1.9 3.5 -2.3
v 1.9 3.5 -2.4
v 1.9 3.5 -2.5
v 1.9 3.6 -2.3
v 1.9 3.6 -2.4
v 1.9 4.5 -1.7
v 1.9 4.5 -1.8
v 1.9 4.5 -2.4
v 1.9 4.5 -2.5
v 1.9 4.6 -1.7
v 1.9 4.6 -1.8
v 1.9 4.7 -2.4
v 1.9 4.7 -2.5
v 1.9 4.8 -2.4
v 1.9 4.8 -2.5
v 1.9 5 -2.3
v 1.9 5 -2.4
v 1.9 5.1 -2.3
v 1.9 5.1 -2.4
v 1.9 5.7 -1.7
v 1.9 5.7 -1.8
v 1.9 5.8 -1.7
v 1.9 5.8 -1.8
v 2.1 3.7 -2.3
v 2.1 3.7 -2.4
v 2.1 3.8 -2.3
v 2.1 3.8 -2.4
v 2.1 3.9 -2.4
v 2.1 3.9 -2.5
v 2.1 4.2 -2.4
v 2.1 4.2 -2.5
v 2.1 4.9 -2.4
v 2.1 4.9 -2.5
v 2.1 5 -2.2
v 2.1 5 -2.3
v 2.1 5.1 -2.2
v 2.1 5.1 -2.3
v 2.1 5.2 -2.4
v 2.1 5.2 -2.5
v 2.1 5.3 -1.7
v 2.1 5.3 -1.8
v 2.1 5.4 -1.7
v 2.1 5.4 -1.8
v 2.1 5.6 -2.4
v 2.1 5.6 -2.5
v 2.1 5.7 -2.4
v 2.1 5.7 -2.5
v 2.1 5.8 -1.7
v 2.1 5.8 -1.8
v 2.1 5.8 -2.3
v 2.1 5.8 -2.4
v 2.1 5.9 -1.7
v 2.1 5.9 -1.8
v 2.1 5.9 -1.9
v 2.1 5.9 -2
v 2.1 5.9 -2.2
v 2.1 5.9 -2.3
v 2.1 5.9 -2.4
v 2.1 6 -1.9
v 2.1 6 -2
v 2.1 6 -2.2
v 2.1 6 -2.3
v 2.2 3.7 -1.8
v 2.2 3.7 -1.9
v 2.2 3.8 -1.8
v 2.2 3.8 -1.9
v 2.2 3.8 -2.3
v 2.2 3.8 -2.4
v 2.2 3.9 -2.3
v 2.2 3.9 -2.4
v 2.2 4 -1.8
v 2.2 4 -1.9
v 2.2 4 -2.3
v 2.2 4 -2.4
v 2.2 4.2 -1.8
v 2.2 4.2 -1.9
v 2.2 4.2 -2.4
v 2.2 4.2 -2.5
v 2.2 4.4 -2.4
v 2.2 4.4 -2.5
v 2.2 4.7 -2.4
v 2.2 4.7 -2.5
v 2.2 4.8 -1.8
v 2.2 4.8 -1.9
v 2.2 4.8 -2.3
v 2.2 4.8 -2.4
v 2.2 4.9 -1.8
v 2.2 4.9 -1.9
v 2.2 4.9 -2
v 2.2 4.9 -2.1
v 2.2 4.9 -2.2
v 2.2 4.9 -2.3
v 2.2 4.9 -2.4
v 2.2 4.9 -2.5
v 2.2 5 -1.8
v 2.2 5 -1.9
v 2.2 5 -2
v 2.2 5 -2.1
v 2.2 5 -2.2
v 2.2 5 -2.3
v 2.2 5 -2.4
v 2.2 5.1 -1.8
v 2.2 5.1 -2
v 2.2 5.1 -2.1
v 2.2 5.1 -2.2
v 2.2 5.2 -2.4
v 2.2 5.2 -2.5
v 2.2 5.6 -2.3
v 2.2 5.6 -2.4
v 2.2 5.6 -2.5
v 2.2 5.8 -2.2
v 2.2 5.8 -2.3
v 2.2 5.8 -2.4
v 2.2 5.9 -2
v 2.2 5.9 -2.2
v 2.2 5.9 -2.3
v 2.2 6 -2
v 2.2 6 -2.2
v 2.3 3.2 -1.8
v 2.3 3.2 -1.9
v 2.3 3.2 -2.4
v 2.3 3.2 -2.5
v 2.3 3.3 -1.8
v 2.3 3.3 -1.9
v 2.3 3.3 -2.4
v 2.3 3.3 -2.5
v 2.3 3.8 -1.8
v 2.3 3.8 -1.9
v 2.3 4 -1.8
v 2.3 4 -1.9
v 2.3 4 -2.3
v 2.3 4 -2.4
v 2.3 4.2 -1.8
v 2.3 4.2 -1.9
v 2.3 4.3 -1.7
v 2.3 4.3 -1.8
v 2.3 4.3 -1.9
v 2.3 4.3 -2.3
v 2.3 4.3 -2.4
v 2.3 4.4 -1.7
v 2.3 4.4 -1.8
v 2.3 4.4 -2.4
v 2.3 4.4 -2.5
v 2.3 4.5 -2.4
v 2.3 4.5 -2.5
v 2.3 4.9 -2
v 2.3 4.9 -2.1
v 2.3 5 -2
v 2.3 5 -2.1
v 2.3 5 -2.3
v 2.3 5 -2.4
v 2.3 5.1 -1.9
v 2.3 5.1 -2
v 2.3 5.1 -2.2
v 2.3 5.2 -1.8
v 2.3 5.2 -1.9
v 2.3 5.2 -2
v 2.3 5.2 -2.2
v 2.3 5.3 -1.8
v 2.3 5.3 -1.9
v 2.3 5.3 -2
v 2.3 5.6 -2.2
v 2.3 5.6 -2.3
v 2.3 5.6 -2.4
v 2.3 5.7 -1.7
v 2.3 5.7 -1.8
v 2.3 5.8 -1.7
v 2.3 5.8 -1.8
v 2.3 5.8 -2.2
v 2.3 5.8 -2.3
v 2.3 5.9 -1.8
v 2.3 5.9 -2.2
v 2.4 2 -1.5
v 2.4 2 -1.6
v 2.4 2 -2.2
v 2.4 2 -2.3
v 2.4 2.1 -1.5
v 2.4 2.1 -1.6
v 2.4 2.1 -1.7
v 2.4 2.2 -1.6
v 2.4 2.2 -1.7
v 2.4 2.2 -1.8
v 2.4 2.2 -1.9
v 2.4 2.3 -1.8
v 2.4 2.3 -1.9
v 2.4 2.3 -2
v 2.4 2.3 -2.2
v 2.4 2.3 -2.3
v 2.4 2.4 -2.2
v 2.4 2.4 -2.3
v 2.4 2.6 -1.8
v 2.4 2.6 -1.9
v 2.4 2.6 -2
v 2.4 2.6 -2.2
v 2.4 2.6 -2.3
v 2.4 2.8 -1.8
v 2.4 2.8 -1.9
v 2.4 2.8 -2.2
v 2.4 2.8 -2.3
v 2.4 2.9 -1.9
v 2.4 2.9 -2
v 2.4 3.1 -2.3
v 2.4 3.1 -2.4
v 2.4 3.2 -2.3
v 2.4 3.2 -2.4
v 2.4 3.3 -1.8
v 2.4 3.3 -1.9
v 2.4 3.3 -2
v 2.4 3.3 -2.4
v 2.4 3.3 -2.5
v 2.4 3.5 -1.8
v 2.4 3.5 -1.9
v 2.4 3.5 -2.4
v 2.4 3.6 -2.2
v 2.4 3.6 -2.4
v 2.4 3.6 -2.5
v 2.4 3.7 -1.8
v 2.4 3.7 -1.9
v 2.4 3.7 -2
v 2.4 3.7 -2.2
v 2.4 3.7 -2.3
v 2.4 3.7 -2.4
v 2.4 3.8 -1.9
v 2.4 3.8 -2
v 2.4 3.8 -2.1
v 2.4 3.8 -2.2
v 2.4 3.8 -2.3
v 2.4 3.9 -2
v 2.4 3.9 -2.1
v 2.4 4.3 -1.8
v 2.4 4.3 -1.9
v 2.4 4.3 -2
v 2.4 4.3 -2.3
v 2.4 4.3 -2.4
v 2.4 4.4 -1.7
v 2.4 4.4 -1.8
v 2.4 4.4 -2
v 2.4 4.5 -2.3
v 2.4 4.5 -2.4
v 2.4 4.5 -2.5
v 2.4 4.7 -1.7
v 2.4 4.7 -1.8
v 2.4 4.7 -2.4
v 2.4 4.7 -2.5
v 2.4 4.8 -1.8
v 2.4 4.8 -1.9
v 2.4 4.8 -2.3
v 2.4 4.8 -2.4
v 2.4 4.9 -1.8
v 2.4 4.9 -1.9
v 2.4 4.9 -2.2
v 2.4 4.9 -2.3
v 2.4 5 -2.2
v 2.4 5 -2.3
v 2.4 5 -2.4
v 2.4 5.2 -2
v 2.4 5.2 -2.1
v 2.4 5.4 -2
v 2.4 5.4 -2.1
v 2.4 5.4 -2.2
v 2.4 5.5 -1.7
v 2.4 5.5 -1.8
v 2.4 5.6 -1.8
v 2.4 5.6 -1.9
v 2.4 5.6 -2.2
v 2.4 5.6 -2.3
v 2.4 5.7 -1.7
v 2.4 5.7 -1.8
v 2.4 5.7 -1.9
v 2.4 5.7 -2.1
v 2.4 5.8 -1.8
v 2.4 5.8 -2.2
v 2.5 2 -1.6
v 2.5 2 -2.2
v 2.5 2.1 -1.6
v 2.5 2.1 -1.7
v 2.5 2.1 -1.8
v 2.5 2.1 -1.9
v 2.5 2.2 -1.7
v 2.5 2.2 -1.8
v 2.5 2.2 -1.9
v 2.5 2.2 -2
v 2.5 2.3 -1.9
v 2.5 2.3 -2
v 2.5 2.3 -2.2
v 2.5 2.4 -2.2
v 2.5 2.4 -2.3
v 2.5 2.6 -1.9
v 2.5 2.6 -2
v 2.5 2.6 -2.2
v 2.5 2.6 -2.3
v 2.5 2.8 -2
v 2.5 2.8 -2.2
v 2.5 2.8 -2.3
v 2.5 2.9 -1.9
v 2.5 2.9 -2
v 2.5 3.1 -2
v 2.5 3.1 -2.1
v 2.5 3.2 -2.3
v 2.5 3.2 -2.4
v 2.5 3.3 -1.9
v 2.5 3.3 -2
v 2.5 3.5 -1.9
v 2.5 3.5 -2.1
v 2.5 3.5 -2.2
v 2.5 3.5 -2.4
v 2.5 3.6 -2.1
v 2.5 3.6 -2.2
v 2.5 3.6 -2.4
v 2.5 3.7 -1.9
v 2.5 3.7 -2
v 2.5 3.7 -2.2
v 2.5 3.8 -2
v 2.5 3.8 -2.1
v 2.5 3.8 -2.2
v 2.5 3.9 -2
v 2.5 3.9 -2.1
v 2.5 4.3 -2
v 2.5 4.3 -2.1
v 2.5 4.3 -2.2
v 2.5 4.3 -2.3
v 2.5 4.4 -1.8
v 2.5 4.4 -2
v 2.5 4.4 -2.1
v 2.5 4.5 -1.9
v 2.5 4.5 -2
v 2.5 4.5 -2.2
v 2.5 4.5 -2.3
v 2.5 4.5 -2.4
v 2.5 4.6 -1.8
v 2.5 4.6 -1.9
v 2.5 4.7 -1.8
v 2.5 4.7 -2
v 2.5 4.8 -1.8
v 2.5 4.8 -1.9
v 2.5 4.8 -2
v 2.5 4.8 -2.1
v 2.5 4.8 -2.3
v 2.5 4.8 -2.4
v 2.5 4.9 -1.7
v 2.5 4.9 -1.9
v 2.5 4.9 -2.1
v 2.5 5 -1.9
v 2.5 5 -2
v 2.5 5 -2.1
v 2.5 5 -2.2
v 2.5 5.4 -2
v 2.5 5.4 -2.1
v 2.5 5.4 -2.2
v 2.5 5.5 -1.7
v 2.5 5.5 -1.8
v 2.5 5.6 -1.8
v 2.5 5.6 -1.9
v 2.5 5.7 -1.9
v 2.5 5.7 -2.1
v 2.6 2.8 -2
v 2.6 2.8 -2.2
v 2.6 3.1 -2
v 2.6 3.1 -2.1
v 2.6 3.5 -2.1
v 2.6 3.5 -2.2
v 2.6 3.6 -2.1
v 2.6 3.6 -2.2
v 2.6 4.6 -1.8
v 2.6 4.6 -2
v 2.6 4.7 -1.8
v 2.6 4.7 -2
v 2.6 4.7 -2.1
v 2.6 4.8 -2
v 2.6 4.8 -2.1
v 2.6 4.8 -2.2
v 2.6 4.8 -2.3
v 2.6 4.9 -2.2
v 2.6 4.9 -2.3
v 2.7 4.5 -1.8
v 2.7 4.5 -1.9
v 2.7 4.6 -1.8
v 2.7 4.6 -1.9
v 2.7 4.6 -2.2
v 2.7 4.6 -2.3
v 2.7 4.8 -2.1
v 2.7 4.8 -2.2
v 2.7 4.8 -2.3
v 2.7 4.9 -2.1
v 2.7 4.9 -2.2
v 2.8 3.3 -2.1
v 2.8 3.3 -2.2
v 2.8 3.4 -2.1
v 2.8 3.5 -1.9
v 2.8 3.5 -2
v 2.8 3.5 -2.1
v 2.8 3.5 -2.2
v 2.8 3.5 -2.3
v 2.8 3.6 -1.9
v 2.8 3.6 -2
v 2.8 3.7 -1.9
v 2.8 3.7 -2
v 2.8 3.7 -2.2
v 2.8 3.7 -2.3
v 2.8 3.8 -1.9
v 2.8 3.8 -2
v 2.8 3.8 -2.2
v 2.8 3.8 -2.3
v 2.8 3.9 -1.9
v 2.8 3.9 -2
v 2.8 4 -1.9
v 2.8 4 -2
v 2.8 4.3 -2
v 2.8 4.3 -2.1
v 2.8 4.6 -1.9
v 2.8 4.6 -2
v 2.8 4.6 -2.1
v 2.8 4.6 -2.2
v 2.8 4.6 -2.3
v 2.8 4.7 -2
v 2.8 4.7 -2.1
v 2.8 4.8 -2.1
v 2.8 4.8 -2.2
v 2.9 3.4 -2
v 2.9 3.4 -2.1
v 2.9 3.5 -2.1
v 2.9 3.5 -2.2
v 2.9 3.6 -1.9
v 2.9 3.6 -2
v 2.9 3.7 -1.9
v 2.9 3.7 -2
v 2.9 3.7 -2.2
v 2.9 3.8 -2
v 2.9 3.8 -2.2
v 2.9 3.9 -1.9
v 2.9 3.9 -2
v 2.9 4 -1.9
v 2.9 4 -2
v 2.9 4.3 -2
v 2.9 4.3 -2.1
v 2.9 4.6 -2.1
v 2.9 4.6 -2.2
v 1.6 2 -1.5
v 1.6 2.1 -1.5
v 1.7 2 -1.5
v 1.7 2.1 -1.5
v 2.3 2 -1.5
v 2.3 2.1 -1.5
v 2.4 2 -1.5
v 2.4 2.1 -1.5
v 1.5 2 -1.6
v 1.5 2.1 -1.6
v 1.6 2 -1.6
v 1.6 2.1 -1.6
v 1.6 2.2 -1.6
v 1.7 2 -1.6
v 1.7 2.1 -1.6
v 1.7 2.2 -1.6
v 1.8 2 -1.6
v 1.8 2.1 -1.6
v 2.2 2 -1.6
v 2.2 2.1 -1.6
v 2.3 2 -1.6
v 2.3 2.1 -1.6
v 2.3 2.2 -1.6
v 2.4 2 -1.6
v 2.4 2.1 -1.6
v 2.4 2.2 -1.6
v 2.5 2 -1.6
v 2.5 2.1 -1.6
v 1.5 2.1 -1.7
v 1.5 2.2 -1.7
v 1.5 4.9 -1.7
v 1.5 5.5 -1.7
v 1.6 2.1 -1.7
v 1.6 2.2 -1.7
v 1.6 4.4 -1.7
v 1.6 4.7 -1.7
v 1.6 4.9 -1.7
v 1.6 5 -1.7
v 1.6 5.1 -1.7
v 1.6 5.5 -1.7
v 1.6 5.7 -1.7
v 1.7 2.1 -1.7
v 1.7 2.2 -1.7
v 1.7 4.3 -1.7
v 1.7 4.4 -1.7
v 1.7 5 -1.7
v 1.7 5.1 -1.7
v 1.7 5.5 -1.7
v 1.7 5.7 -1.7
v 1.7 5.8 -1.7
v 1.8 2.1 -1.7
v 1.8 2.2 -1.7
v 1.8 4.6 -1.7
v 1.8 4.7 -1.7
v 1.9 4.5 -1.7
v 1.9 4.6 -1.7
v 1.9 5.3 -1.7
v 1.9 5.4 -1.7
v 1.9 5.7 -1.7
v 1.9 5.8 -1.7
v 1.9 5.9 -1.7
v 2.1 4.5 -1.7
v 2.1 4.6 -1.7
v 2.1 5.3 -1.7
v 2.1 5.4 -1.7
v 2.1 5.7 -1.7
v 2.1 5.8 -1.7
v 2.1 5.9 -1.7
v 2.2 2.1 -1.7
v 2.2 2.2 -1.7
v 2.2 4.6 -1.7
v 2.2 4.7 -1.7
v 2.3 2.1 -1.7
v 2.3 2.2 -1.7
v 2.3 4.3 -1.7
v 2.3 4.4 -1.7
v 2.3 5 -1.7
v 2.3 5.1 -1.7
v 2.3 5.5 -1.7
v 2.3 5.7 -1.7
v 2.3 5.8 -1.7
v 2.4 2.1 -1.7
v 2.4 2.2 -1.7
v 2.4 4.4 -1.7
v 2.4 4.7 -1.7
v 2.4 4.9 -1.7
v 2.4 5 -1.7
v 2.4 5.1 -1.7
v 2.4 5.5 -1.7
v 2.4 5.7 -1.7
v 2.5 2.1 -1.7
v 2.5 2.2 -1.7
v 2.5 4.9 -1.7
v 2.5 5.5 -1.7
v 1.3 4.5 -1.8
v 1.3 4.6 -1.8
v 1.4 4.5 -1.8
v 1.4 4.6 -1.8
v 1.4 4.7 -1.8
v 1.5 4.4 -1.8
v 1.5 4.6 -1.8
v 1.5 4.7 -1.8
v 1.5 4.8 -1.8
v 1.5 5.5 -1.8
v 1.5 5.6 -1.8
v 1.6 2.2 -1.8
v 1.6 2.3 -1.8
v 1.6 2.6 -1.8
v 1.6 2.8 -1.8
v 1.6 3.3 -1.8
v 1.6 3.5 -1.8
v 1.6 3.7 -1.8
v 1.6 4.3 -1.8
v 1.6 4.4 -1.8
v 1.6 4.7 -1.8
v 1.6 4.8 -1.8
v 1.6 4.9 -1.8
v 1.6 5 -1.8
v 1.6 5.1 -1.8
v 1.6 5.2 -1.8
v 1.6 5.3 -1.8
v 1.6 5.5 -1.8
v 1.6 5.6 -1.8
v 1.6 5.7 -1.8
v 1.6 5.8 -1.8
v 1.7 2.2 -1.8
v 1.7 2.3 -1.8
v 1.7 2.6 -1.8
v 1.7 2.8 -1.8
v 1.7 3.2 -1.8
v 1.7 3.3 -1.8
v 1.7 3.6 -1.8
v 1.7 3.7 -1.8
v 1.7 3.8 -1.8
v 1.7 4 -1.8
v 1.7 4.2 -1.8
v 1.7 4.3 -1.8
v 1.7 4.4 -1.8
v 1.7 4.8 -1.8
v 1.7 5 -1.8
v 1.7 5.1 -1.8
v 1.7 5.2 -1.8
v 1.7 5.3 -1.8
v 1.7 5.4 -1.8
v 1.7 5.5 -1.8
v 1.7 5.7 -1.8
v 1.7 5.8 -1.8
v 1.7 5.9 -1.8
v 1.8 3.2 -1.8
v 1.8 3.5 -1.8
v 1.8 3.6 -1.8
v 1.8 3.7 -1.8
v 1.8 3.8 -1.8
v 1.8 4 -1.8
v 1.8 4.2 -1.8
v 1.8 4.6 -1.8
v 1.8 4.7 -1.8
v 1.8 4.8 -1.8
v 1.8 4.9 -1.8
v 1.8 5 -1.8
v 1.8 5.1 -1.8
v 1.8 5.4 -1.8
v 1.8 5.5 -1.8
v 1.9 3.5 -1.8
v 1.9 3.6 -1.8
v 1.9 3.7 -1.8
v 1.9 4.5 -1.8
v 1.9 4.6 -1.8
v 1.9 5.1 -1.8
v 1.9 5.2 -1.8
v 1.9 5.3 -1.8
v 1.9 5.4 -1.8
v 1.9 5.5 -1.8
v 1.9 5.7 -1.8
v 1.9 5.8 -1.8
v 1.9 5.9 -1.8
v 2 3.5 -1.8
v 2 3.6 -1.8
v 2 3.7 -1.8
v 2.1 3.5 -1.8
v 2.1 3.6 -1.8
v 2.1 4.5 -1.8
v 2.1 4.6 -1.8
v 2.1 5.1 -1.8
v 2.1 5.2 -1.8
v 2.1 5.3 -1.8
v 2.1 5.4 -1.8
v 2.1 5.5 -1.8
v 2.1 5.7 -1.8
v 2.1 5.8 -1.8
v 2.1 5.9 -1.8
v 2.2 3.2 -1.8
v 2.2 3.5 -1.8
v 2.2 3.6 -1.8
v 2.2 3.7 -1.8
v 2.2 3.8 -1.8
v 2.2 4 -1.8
v 2.2 4.2 -1.8
v 2.2 4.6 -1.8
v 2.2 4.7 -1.8
v 2.2 4.8 -1.8
v 2.2 4.9 -1.8
v 2.2 5 -1.8
v 2.2 5.1 -1.8
v 2.2 5.4 -1.8
v 2.2 5.5 -1.8
v 2.3 2.2 -1.8
v 2.3 2.3 -1.8
v 2.3 2.6 -1.8
v 2.3 2.8 -1.8
v 2.3 3.2 -1.8
v 2.3 3.3 -1.8
v 2.3 3.6 -1.8
v 2.3 3.7 -1.8
v 2.3 3.8 -1.8
v 2.3 4 -1.8
v 2.3 4.2 -1.8
v 2.3 4.3 -1.8
v 2.3 4.4 -1.8
v 2.3 4.8 -1.8
v 2.3 5 -1.8
v 2.3 5.1 -1.8
v 2.3 5.2 -1.8
v 2.3 5.3 -1.8
v 2.3 5.4 -1.8
v 2.3 5.5 -1.8
v 2.3 5.7 -1.8
v 2.3 5.8 -1.8
v 2.3 5.9 -1.8
v 2.4 2.2 -1.8
v 2.4 2.3 -1.8
v 2.4 2.6 -1.8
v 2.4 2.8 -1.8
v 2.4 3.3 -1.8
v 2.4 3.5 -1.8
v 2.4 3.7 -1.8
v 2.4 4.3 -1.8
v 2.4 4.4 -1.8
v 2.4 4.7 -1.8
v 2.4 4.8 -1.8
v 2.4 4.9 -1.8
v 2.4 5 -1.8
v 2.4 5.1 -1.8
v 2.4 5.2 -1.8
v 2.4 5.3 -1.8
v 2.4 5.5 -1.8
v 2.4 5.6 -1.8
v 2.4 5.7 -1.8
v 2.4 5.8 -1.8
v 2.5 4.4 -1.8
v 2.5 4.6 -1.8
v 2.5 4.7 -1.8
v 2.5 4.8 -1.8
v 2.5 5.5 -1.8
v 2.5 5.6 -1.8
v 2.6 4.5 -1.8
v 2.6 4.6 -1.8
v 2.6 4.7 -1.8
v 2.7 4.5 -1.8
v 2.7 4.6 -1.8
v 1.1 3.6 -1.9
v 1.1 3.7 -1.9
v 1.1 3.9 -1.9
v 1.1 4 -1.9
v 1.2 3.5 -1.9
v 1.2 3.6 -1.9
v 1.2 3.7 -1.9
v 1.2 3.8 -1.9
v 1.2 3.9 -1.9
v 1.2 4 -1.9
v 1.2 4.6 -1.9
v 1.3 3.5 -1.9
v 1.3 3.7 -1.9
v 1.3 3.8 -1.9
v 1.3 3.9 -1.9
v 1.3 4.3 -1.9
v 1.3 4.4 -1.9
v 1.3 4.5 -1.9
v 1.3 4.6 -1.9
v 1.4 3.9 -1.9
v 1.4 4.3 -1.9
v 1.4 4.4 -1.9
v 1.4 4.5 -1.9
v 1.4 4.6 -1.9
v 1.5 2.2 -1.9
v 1.5 2.3 -1.9
v 1.5 2.6 -1.9
v 1.5 2.9 -1.9
v 1.5 3.3 -1.9
v 1.5 3.5 -1.9
v 1.5 3.7 -1.9
v 1.5 4.5 -1.9
v 1.5 4.6 -1.9
v 1.5 4.8 -1.9
v 1.5 4.9 -1.9
v 1.5 5.6 -1.9
v 1.5 5.7 -1.9
v 1.6 2.2 -1.9
v 1.6 2.3 -1.9
v 1.6 2.6 -1.9
v 1.6 2.8 -1.9
v 1.6 2.9 -1.9
v 1.6 3.3 -1.9
v 1.6 3.5 -1.9
v 1.6 3.7 -1.9
v 1.6 3.8 -1.9
v 1.6 4.3 -1.9
v 1.6 4.8 -1.9
v 1.6 4.9 -1.9
v 1.6 5.6 -1.9
v 1.6 5.7 -1.9
v 1.7 2.2 -1.9
v 1.7 2.3 -1.9
v 1.7 2.6 -1.9
v 1.7 2.8 -1.9
v 1.7 3 -1.9
v 1.7 3.2 -1.9
v 1.7 3.3 -1.9
v 1.7 3.7 -1.9
v 1.7 3.8 -1.9
v 1.7 4 -1.9
v 1.7 4.2 -1.9
v 1.7 4.3 -1.9
v 1.7 4.8 -1.9
v 1.7 4.9 -1.9
v 1.8 2.2 -1.9
v 1.8 2.3 -1.9
v 1.8 2.6 -1.9
v 1.8 2.8 -1.9
v 1.8 3 -1.9
v 1.8 3.2 -1.9
v 1.8 3.5 -1.9
v 1.8 3.7 -1.9
v 1.8 3.8 -1.9
v 1.8 4 -1.9
v 1.8 4.2 -1.9
v 1.8 4.8 -1.9
v 1.8 4.9 -1.9
v 1.8 5 -1.9
v 1.9 3.2 -1.9
v 1.9 3.4 -1.9
v 1.9 3.5 -1.9
v 1.9 5.9 -1.9
v 1.9 6 -1.9
v 2 3.5 -1.9
v 2.1 3.2 -1.9
v 2.1 3.4 -1.9
v 2.1 3.5 -1.9
v 2.1 5.9 -1.9
v 2.1 6 -1.9
v 2.2 2.2 -1.9
v 2.2 2.3 -1.9
v 2.2 2.6 -1.9
v 2.2 2.8 -1.9
v 2.2 3 -1.9
v 2.2 3.2 -1.9
v 2.2 3.5 -1.9
v 2.2 3.7 -1.9
v 2.2 3.8 -1.9
v 2.2 4 -1.9
v 2.2 4.2 -1.9
v 2.2 4.8 -1.9
v 2.2 4.9 -1.9
v 2.2 5 -1.9
v 2.3 2.2 -1.9
v 2.3 2.3 -1.9
v 2.3 2.6 -1.9
v 2.3 2.8 -1.9
v 2.3 3 -1.9
v 2.3 3.2 -1.9
v 2.3 3.3 -1.9
v 2.3 3.7 -1.9
v 2.3 3.8 -1.9
v 2.3 4 -1.9
v 2.3 4.2 -1.9
v 2.3 4.3 -1.9
v 2.3 4.8 -1.9
v 2.3 4.9 -1.9
v 2.4 2.2 -1.9
v 2.4 2.3 -1.9
v 2.4 2.6 -1.9
v 2.4 2.8 -1.9
v 2.4 2.9 -1.9
v 2.4 3.3 -1.9
v 2.4 3.5 -1.9
v 2.4 3.7 -1.9
v 2.4 3.8 -1.9
v 2.4 4.3 -1.9
v 2.4 4.8 -1.9
v 2.4 4.9 -1.9
v 2.4 5.6 -1.9
v 2.4 5.7 -1.9
v 2.5 2.2 -1.9
v 2.5 2.3 -1.9
v 2.5 2.6 -1.9
v 2.5 2.9 -1.9
v 2.5 3.3 -1.9
v 2.5 3.5 -1.9
v 2.5 3.7 -1.9
v 2.5 4.5 -1.9
v 2.5 4.6 -1.9
v 2.5 4.8 -1.9
v 2.5 4.9 -1.9
v 2.5 5.6 -1.9
v 2.5 5.7 -1.9
v 2.6 3.9 -1.9
v 2.6 4.3 -1.9
v 2.6 4.4 -1.9
v 2.6 4.5 -1.9
v 2.6 4.6 -1.9
v 2.7 3.5 -1.9
v 2.7 3.7 -1.9
v 2.7 3.8 -1.9
v 2.7 3.9 -1.9
v 2.7 4.3 -1.9
v 2.7 4.4 -1.9
v 2.7 4.5 -1.9
v 2.7 4.6 -1.9
v 2.8 3.5 -1.9
v 2.8 3.6 -1.9
v 2.8 3.7 -1.9
v 2.8 3.8 -1.9
v 2.8 3.9 -1.9
v 2.8 4 -1.9
v 2.8 4.6 -1.9
v 2.9 3.6 -1.9
v 2.9 3.7 -1.9
v 2.9 3.9 -1.9
v 2.9 4 -1.9
v 1.1 3.4 -2
v 1.1 3.6 -2
v 1.1 3.7 -2
v 1.1 3.8 -2
v 1.1 3.9 -2
v 1.1 4 -2
v 1.1 4.3 -2
v 1.2 3.4 -2
v 1.2 3.5 -2
v 1.2 3.6 -2
v 1.2 3.7 -2
v 1.2 3.8 -2
v 1.2 3.9 -2
v 1.2 4 -2
v 1.2 4.3 -2
v 1.2 4.6 -2
v 1.2 4.7 -2
v 1.3 3.7 -2
v 1.3 3.8 -2
v 1.3 3.9 -2
v 1.3 4.3 -2
v 1.3 4.4 -2
v 1.4 2.8 -2
v 1.4 3.1 -2
v 1.4 3.7 -2
v 1.4 3.8 -2
v 1.4 3.9 -2
v 1.4 4.3 -2
v 1.4 4.4 -2
v 1.4 4.5 -2
v 1.4 4.6 -2
v 1.4 4.7 -2
v 1.4 4.8 -2
v 1.5 2.3 -2
v 1.5 2.6 -2
v 1.5 2.8 -2
v 1.5 2.9 -2
v 1.5 3.1 -2
v 1.5 3.3 -2
v 1.5 3.7 -2
v 1.5 3.8 -2
v 1.5 3.9 -2
v 1.5 4.2 -2
v 1.5 4.4 -2
v 1.5 4.5 -2
v 1.5 4.7 -2
v 1.5 4.8 -2
v 1.6 2.3 -2
v 1.6 2.6 -2
v 1.6 2.9 -2
v 1.6 3.3 -2
v 1.6 3.7 -2
v 1.6 3.8 -2
v 1.6 3.9 -2
v 1.6 4.2 -2
v 1.6 4.4 -2
v 1.6 5.2 -2
v 1.6 5.3 -2
v 1.7 2.3 -2
v 1.7 2.6 -2
v 1.7 2.8 -2
v 1.7 3 -2
v 1.7 4.9 -2
v 1.7 5 -2
v 1.7 5.2 -2
v 1.7 5.3 -2
v 1.8 2.3 -2
v 1.8 2.6 -2
v 1.8 2.8 -2
v 1.8 2.9 -2
v 1.8 3 -2
v 1.8 3.2 -2
v 1.8 4.9 -2
v 1.8 5 -2
v 1.8 5.9 -2
v 1.8 6 -2
v 1.9 2.9 -2
v 1.9 3.2 -2
v 1.9 3.3 -2
v 1.9 3.4 -2
v 1.9 5.9 -2
v 1.9 6 -2
v 2.1 2.9 -2
v 2.1 3.2 -2
v 2.1 3.3 -2
v 2.1 3.4 -2
v 2.1 5.9 -2
v 2.1 6 -2
v 2.2 2.3 -2
v 2.2 2.6 -2
v 2.2 2.8 -2
v 2.2 2.9 -2
v 2.2 3 -2
v 2.2 3.2 -2
v 2.2 4.9 -2
v 2.2 5 -2
v 2.2 5.9 -2
v 2.2 6 -2
v 2.3 2.3 -2
v 2.3 2.6 -2
v 2.3 2.8 -2
v 2.3 3 -2
v 2.3 4.9 -2
v 2.3 5 -2
v 2.3 5.2 -2
v 2.3 5.3 -2
v 2.4 2.3 -2
v 2.4 2.6 -2
v 2.4 2.9 -2
v 2.4 3.3 -2
v 2.4 3.7 -2
v 2.4 3.8 -2
v 2.4 3.9 -2
v 2.4 4.3 -2
v 2.4 4.4 -2
v 2.4 5.2 -2
v 2.4 5.3 -2
v 2.5 2.3 -2
v 2.5 2.6 -2
v 2.5 2.8 -2
v 2.5 2.9 -2
v 2.5 3.1 -2
v 2.5 3.3 -2
v 2.5 3.7 -2
v 2.5 3.8 -2
v 2.5 3.9 -2
v 2.5 4.3 -2
v 2.5 4.4 -2
v 2.5 4.5 -2
v 2.5 4.7 -2
v 2.5 4.8 -2
v 2.6 2.8 -2
v 2.6 3.1 -2
v 2.6 3.7 -2
v 2.6 3.8 -2
v 2.6 3.9 -2
v 2.6 4.3 -2
v 2.6 4.4 -2
v 2.6 4.5 -2
v 2.6 4.6 -2
v 2.6 4.7 -2
v 2.6 4.8 -2
v 2.7 3.7 -2
v 2.7 3.8 -2
v 2.7 3.9 -2
v 2.7 4.3 -2
v 2.7 4.4 -2
v 2.8 3.4 -2
v 2.8 3.5 -2
v 2.8 3.6 -2
v 2.8 3.7 -2
v 2.8 3.8 -2
v 2.8 3.9 -2
v 2.8 4 -2
v 2.8 4.3 -2
v 2.8 4.6 -2
v 2.8 4.7 -2
v 2.9 3.4 -2
v 2.9 3.6 -2
v 2.9 3.7 -2
v 2.9 3.8 -2
v 2.9 3.9 -2
v 2.9 4 -2
v 2.9 4.3 -2
v 1.1 4.3 -2.1
v 1.1 4.7 -2.1
v 1.2 3.3 -2.1
v 1.2 3.4 -2.1
v 1.2 3.6 -2.1
v 1.2 4.3 -2.1
v 1.2 4.7 -2.1
v 1.2 4.8 -2.1
v 1.3 3.3 -2.1
v 1.3 3.6 -2.1
v 1.3 4.8 -2.1
v 1.3 4.9 -2.1
v 1.4 3.1 -2.1
v 1.4 3.5 -2.1
v 1.4 3.6 -2.1
v 1.4 4.7 -2.1
v 1.4 4.8 -2.1
v 1.5 3.1 -2.1
v 1.5 3.5 -2.1
v 1.5 3.6 -2.1
v 1.5 4.8 -2.1
v 1.5 4.9 -2.1
v 1.5 5 -2.1
v 1.5 5.4 -2.1
v 1.6 5 -2.1
v 1.6 5.2 -2.1
v 1.6 5.4 -2.1
v 1.8 2.8 -2.1
v 1.8 2.9 -2.1
v 1.9 2.8 -2.1
v 1.9 2.9 -2.1
v 2.1 2.8 -2.1
v 2.1 2.9 -2.1
v 2.2 2.8 -2.1
v 2.2 2.9 -2.1
v 2.4 5 -2.1
v 2.4 5.2 -2.1
v 2.4 5.4 -2.1
v 2.5 3.1 -2.1
v 2.5 3.5 -2.1
v 2.5 3.6 -2.1
v 2.5 4.3 -2.1
v 2.5 4.4 -2.1
v 2.5 4.8 -2.1
v 2.5 4.9 -2.1
v 2.5 5 -2.1
v 2.5 5.4 -2.1
v 2.6 3.1 -2.1
v 2.6 3.5 -2.1
v 2.6 3.6 -2.1
v 2.6 4.3 -2.1
v 2.6 4.4 -2.1
v 2.6 4.7 -2.1
v 2.6 4.8 -2.1
v 2.7 3.3 -2.1
v 2.7 3.6 -2.1
v 2.7 4.8 -2.1
v 2.7 4.9 -2.1
v 2.8 3.3 -2.1
v 2.8 3.4 -2.1
v 2.8 3.6 -2.1
v 2.8 4.3 -2.1
v 2.8 4.6 -2.1
v 2.8 4.7 -2.1
v 2.8 4.8 -2.1
v 2.9 4.3 -2.1
v 2.9 4.6 -2.1
v 1.6 4.9 -2.2
v 1.6 5 -2.2
v 1.6 5.2 -2.2
v 1.7 4.9 -2.2
v 1.7 5.1 -2.2
v 1.7 5.2 -2.2
v 2.3 4.9 -2.2
v 2.3 5.1 -2.2
v 2.3 5.2 -2.2
v 2.4 4.9 -2.2
v 2.4 5 -2.2
v 2.4 5.2 -2.2
v 1.7 5 -2.3
v 1.7 5.1 -2.3
v 1.8 5 -2.3
v 1.9 5 -2.3
v 1.9 5.1 -2.3
v 2.1 5 -2.3
v 2.1 5.1 -2.3
v 2.2 5 -2.3
v 2.3 5 -2.3
v 2.3 5.1 -2.3
v 1.9 5 -2.4
v 1.9 5.1 -2.4
v 2.1 5 -2.4
v 2.1 5.1 -2.4
v 1.6 5 -1.8
v 1.6 5.1 -1.8
v 1.7 5 -1.8
v 1.7 5.1 -1.8
v 2.3 5 -1.8
v 2.3 5.1 -1.8
v 2.4 5 -1.8
v 2.4 5.1 -1.8
v 1.5 4.9 -1.9
v 1.5 5 -1.9
v 1.6 5 -1.9
v 1.6 5.1 -1.9
v 1.6 5.2 -1.9
v 1.7 4.9 -1.9
v 1.7 5 -1.9
v 1.7 5.1 -1.9
v 1.7 5.2 -1.9
v 2.3 4.9 -1.9
v 2.3 5 -1.9
v 2.3 5.1 -1.9
v 2.3 5.2 -1.9
v 2.4 5 -1.9
v 2.4 5.1 -1.9
v 2.4 5.2 -1.9
v 2.5 4.9 -1.9
v 2.5 5 -1.9
v 1.2 3.5 -2
v 1.2 3.6 -2
v 1.3 3.5 -2
v 1.3 3.6 -2
v 1.5 5 -2
v 1.5 5.4 -2
v 1.6 5 -2
v 1.6 5.2 -2
v 1.6 5.4 -2
v 2.4 5 -2
v 2.4 5.2 -2
v 2.4 5.4 -2
v 2.5 5 -2
v 2.5 5.4 -2
v 2.7 3.5 -2
v 2.7 3.6 -2
v 2.8 3.5 -2
v 2.8 3.6 -2
v 1.1 3.4 -2.1
v 1.1 3.5 -2.1
v 1.2 3.4 -2.1
v 1.2 3.5 -2.1
v 1.5 3.8 -2.1
v 1.5 3.9 -2.1
v 1.5 5.4 -2.1
v 1.5 5.7 -2.1
v 1.6 3.8 -2.1
v 1.6 3.9 -2.1
v 1.6 5.4 -2.1
v 1.6 5.7 -2.1
v 1.7 4.9 -2.1
v 1.7 5 -2.1
v 1.8 4.9 -2.1
v 1.8 5 -2.1
v 2.2 4.9 -2.1
v 2.2 5 -2.1
v 2.3 4.9 -2.1
v 2.3 5 -2.1
v 2.4 3.8 -2.1
v 2.4 3.9 -2.1
v 2.4 5.4 -2.1
v 2.4 5.7 -2.1
v 2.5 3.8 -2.1
v 2.5 3.9 -2.1
v 2.5 5.4 -2.1
v 2.5 5.7 -2.1
v 2.8 3.4 -2.1
v 2.8 3.5 -2.1
v 2.9 3.4 -2.1
v 2.9 3.5 -2.1
v 1.1 3.5 -2.2
v 1.1 3.7 -2.2
v 1.1 3.8 -2.2
v 1.1 4.7 -2.2
v 1.2 3.3 -2.2
v 1.2 3.5 -2.2
v 1.2 3.7 -2.2
v 1.2 3.8 -2.2
v 1.2 4.6 -2.2
v 1.2 4.7 -2.2
v 1.2 4.8 -2.2
v 1.3 3.3 -2.2
v 1.3 3.5 -2.2
v 1.3 3.7 -2.2
v 1.3 3.8 -2.2
v 1.3 4.2 -2.2
v 1.3 4.6 -2.2
v 1.3 4.8 -2.2
v 1.3 4.9 -2.2
v 1.4 2.8 -2.2
v 1.4 3.5 -2.2
v 1.4 3.6 -2.2
v 1.4 3.7 -2.2
v 1.4 3.8 -2.2
v 1.4 4.2 -2.2
v 1.4 4.4 -2.2
v 1.4 4.5 -2.2
v 1.4 4.8 -2.2
v 1.4 4.9 -2.2
v 1.5 2 -2.2
v 1.5 2.3 -2.2
v 1.5 2.4 -2.2
v 1.5 2.6 -2.2
v 1.5 2.8 -2.2
v 1.5 3.5 -2.2
v 1.5 3.6 -2.2
v 1.5 3.7 -2.2
v 1.5 3.8 -2.2
v 1.5 4.4 -2.2
v 1.5 4.5 -2.2
v 1.5 5 -2.2
v 1.5 5.4 -2.2
v 1.6 2 -2.2
v 1.6 2.3 -2.2
v 1.6 2.4 -2.2
v 1.6 2.6 -2.2
v 1.6 2.8 -2.2
v 1.6 3.6 -2.2
v 1.6 3.7 -2.2
v 1.6 3.8 -2.2
v 1.6 5 -2.2
v 1.6 5.4 -2.2
v 1.6 5.6 -2.2
v 1.6 5.8 -2.2
v 1.7 2 -2.2
v 1.7 2.3 -2.2
v 1.7 2.4 -2.2
v 1.7 2.9 -2.2
v 1.7 3.1 -2.2
v 1.7 5.6 -2.2
v 1.7 5.8 -2.2
v 1.7 5.9 -2.2
v 1.8 2 -2.2
v 1.8 2.3 -2.2
v 1.8 2.4 -2.2
v 1.8 2.8 -2.2
v 1.8 2.9 -2.2
v 1.8 5 -2.2
v 1.8 5.1 -2.2
v 1.8 5.8 -2.2
v 1.8 5.9 -2.2
v 1.8 6 -2.2
v 1.9 2.8 -2.2
v 1.9 3.1 -2.2
v 1.9 5 -2.2
v 1.9 5.1 -2.2
v 1.9 5.9 -2.2
v 1.9 6 -2.2
v 2.1 2.8 -2.2
v 2.1 3.1 -2.2
v 2.1 5 -2.2
v 2.1 5.1 -2.2
v 2.1 5.9 -2.2
v 2.1 6 -2.2
v 2.2 2 -2.2
v 2.2 2.3 -2.2
v 2.2 2.4 -2.2
v 2.2 2.8 -2.2
v 2.2 2.9 -2.2
v 2.2 5 -2.2
v 2.2 5.1 -2.2
v 2.2 5.8 -2.2
v 2.2 5.9 -2.2
v 2.2 6 -2.2
v 2.3 2 -2.2
v 2.3 2.3 -2.2
v 2.3 2.4 -2.2
v 2.3 2.9 -2.2
v 2.3 3.1 -2.2
v 2.3 5.6 -2.2
v 2.3 5.8 -2.2
v 2.3 5.9 -2.2
v 2.4 2 -2.2
v 2.4 2.3 -2.2
v 2.4 2.4 -2.2
v 2.4 2.6 -2.2
v 2.4 2.8 -2.2
v 2.4 3.6 -2.2
v 2.4 3.7 -2.2
v 2.4 3.8 -2.2
v 2.4 5 -2.2
v 2.4 5.4 -2.2
v 2.4 5.6 -2.2
v 2.4 5.8 -2.2
v 2.5 2 -2.2
v 2.5 2.3 -2.2
v 2.5 2.4 -2.2
v 2.5 2.6 -2.2
v 2.5 2.8 -2.2
v 2.5 3.5 -2.2
v 2.5 3.6 -2.2
v 2.5 3.7 -2.2
v 2.5 3.8 -2.2
v 2.5 4.3 -2.2
v 2.5 4.5 -2.2
v 2.5 5 -2.2
v 2.5 5.4 -2.2
v 2.6 2.8 -2.2
v 2.6 3.5 -2.2
v 2.6 3.6 -2.2
v 2.6 3.7 -2.2
v 2.6 3.8 -2.2
v 2.6 4.2 -2.2
v 2.6 4.3 -2.2
v 2.6 4.5 -2.2
v 2.6 4.8 -2.2
v 2.6 4.9 -2.2
v 2.7 3.3 -2.2
v 2.7 3.5 -2.2
v 2.7 3.7 -2.2
v 2.7 3.8 -2.2
v 2.7 4.2 -2.2
v 2.7 4.6 -2.2
v 2.7 4.8 -2.2
v 2.7 4.9 -2.2
v 2.8 3.3 -2.2
v 2.8 3.5 -2.2
v 2.8 3.7 -2.2
v 2.8 3.8 -2.2
v 2.8 4.6 -2.2
v 2.8 4.8 -2.2
v 2.9 3.5 -2.2
v 2.9 3.7 -2.2
v 2.9 3.8 -2.2
v 2.9 4.6 -2.2
v 1.2 3.5 -2.3
v 1.2 3.7 -2.3
v 1.2 3.8 -2.3
v 1.2 4.6 -2.3
v 1.3 3.5 -2.3
v 1.3 3.7 -2.3
v 1.3 3.8 -2.3
v 1.3 4.2 -2.3
v 1.3 4.6 -2.3
v 1.3 4.8 -2.3
v 1.4 4.2 -2.3
v 1.4 4.5 -2.3
v 1.4 4.8 -2.3
v 1.4 4.9 -2.3
v 1.5 2.4 -2.3
v 1.5 2.6 -2.3
v 1.5 2.8 -2.3
v 1.5 3.2 -2.3
v 1.5 4.2 -2.3
v 1.5 4.5 -2.3
v 1.5 4.8 -2.3
v 1.6 2 -2.3
v 1.6 2.3 -2.3
v 1.6 2.4 -2.3
v 1.6 2.6 -2.3
v 1.6 2.8 -2.3
v 1.6 3.1 -2.3
v 1.6 3.2 -2.3
v 1.6 3.7 -2.3
v 1.6 3.8 -2.3
v 1.6 4.2 -2.3
v 1.6 4.3 -2.3
v 1.6 4.5 -2.3
v 1.6 4.8 -2.3
v 1.6 4.9 -2.3
v 1.6 5 -2.3
v 1.6 5.6 -2.3
v 1.7 2 -2.3
v 1.7 2.3 -2.3
v 1.7 2.4 -2.3
v 1.7 2.9 -2.3
v 1.7 3.1 -2.3
v 1.7 3.2 -2.3
v 1.7 3.7 -2.3
v 1.7 3.8 -2.3
v 1.7 3.9 -2.3
v 1.7 4 -2.3
v 1.7 4.3 -2.3
v 1.7 4.8 -2.3
v 1.7 4.9 -2.3
v 1.7 5 -2.3
v 1.7 5.6 -2.3
v 1.7 5.8 -2.3
v 1.8 2.4 -2.3
v 1.8 2.9 -2.3
v 1.8 3.6 -2.3
v 1.8 3.7 -2.3
v 1.8 3.8 -2.3
v 1.8 3.9 -2.3
v 1.8 4 -2.3
v 1.8 4.8 -2.3
v 1.8 4.9 -2.3
v 1.8 5.6 -2.3
v 1.8 5.8 -2.3
v 1.8 5.9 -2.3
v 1.9 3.1 -2.3
v 1.9 3.2 -2.3
v 1.9 3.5 -2.3
v 1.9 3.6 -2.3
v 1.9 3.7 -2.3
v 1.9 3.8 -2.3
v 1.9 5 -2.3
v 1.9 5.1 -2.3
v 1.9 5.8 -2.3
v 1.9 5.9 -2.3
v 1.9 6 -2.3
v 2.1 3.1 -2.3
v 2.1 3.2 -2.3
v 2.1 3.5 -2.3
v 2.1 3.6 -2.3
v 2.1 3.7 -2.3
v 2.1 3.8 -2.3
v 2.1 5 -2.3
v 2.1 5.1 -2.3
v 2.1 5.8 -2.3
v 2.1 5.9 -2.3
v 2.1 6 -2.3
v 2.2 2.4 -2.3
v 2.2 2.9 -2.3
v 2.2 3.6 -2.3
v 2.2 3.7 -2.3
v 2.2 3.8 -2.3
v 2.2 3.9 -2.3
v 2.2 4 -2.3
v 2.2 4.8 -2.3
v 2.2 4.9 -2.3
v 2.2 5.6 -2.3
v 2.2 5.8 -2.3
v 2.2 5.9 -2.3
v 2.3 2 -2.3
v 2.3 2.3 -2.3
v 2.3 2.4 -2.3
v 2.3 2.9 -2.3
v 2.3 3.1 -2.3
v 2.3 3.2 -2.3
v 2.3 3.7 -2.3
v 2.3 3.8 -2.3
v 2.3 3.9 -2.3
v 2.3 4 -2.3
v 2.3 4.3 -2.3
v 2.3 4.8 -2.3
v 2.3 4.9 -2.3
v 2.3 5 -2.3
v 2.3 5.6 -2.3
v 2.3 5.8 -2.3
v 2.4 2 -2.3
v 2.4 2.3 -2.3
v 2.4 2.4 -2.3
v 2.4 2.6 -2.3
v 2.4 2.8 -2.3
v 2.4 3.1 -2.3
v 2.4 3.2 -2.3
v 2.4 3.7 -2.3
v 2.4 3.8 -2.3
v 2.4 4.3 -2.3
v 2.4 4.5 -2.3
v 2.4 4.8 -2.3
v 2.4 4.9 -2.3
v 2.4 5 -2.3
v 2.4 5.6 -2.3
v 2.5 2.4 -2.3
v 2.5 2.6 -2.3
v 2.5 2.8 -2.3
v 2.5 3.2 -2.3
v 2.5 4.3 -2.3
v 2.5 4.5 -2.3
v 2.5 4.8 -2.3
v 2.6 4.2 -2.3
v 2.6 4.5 -2.3
v 2.6 4.8 -2.3
v 2.6 4.9 -2.3
v 2.7 3.5 -2.3
v 2.7 3.7 -2.3
v 2.7 3.8 -2.3
v 2.7 4.2 -2.3
v 2.7 4.6 -2.3
v 2.7 4.8 -2.3
v 2.8 3.5 -2.3
v 2.8 3.7 -2.3
v 2.8 3.8 -2.3
v 2.8 4.6 -2.3
v 1.5 3.2 -2.4
v 1.5 3.5 -2.4
v 1.5 3.6 -2.4
v 1.5 4.5 -2.4
v 1.5 4.8 -2.4
v 1.6 3.1 -2.4
v 1.6 3.2 -2.4
v 1.6 3.3 -2.4
v 1.6 3.5 -2.4
v 1.6 3.6 -2.4
v 1.6 3.7 -2.4
v 1.6 4.3 -2.4
v 1.6 4.5 -2.4
v 1.6 4.7 -2.4
v 1.6 4.8 -2.4
v 1.6 5 -2.4
v 1.7 3.1 -2.4
v 1.7 3.2 -2.4
v 1.7 3.3 -2.4
v 1.7 4 -2.4
v 1.7 4.3 -2.4
v 1.7 4.4 -2.4
v 1.7 4.5 -2.4
v 1.7 4.8 -2.4
v 1.7 5 -2.4
v 1.7 5.6 -2.4
v 1.8 3.2 -2.4
v 1.8 3.3 -2.4
v 1.8 3.5 -2.4
v 1.8 3.6 -2.4
v 1.8 3.7 -2.4
v 1.8 3.8 -2.4
v 1.8 3.9 -2.4
v 1.8 4 -2.4
v 1.8 4.2 -2.4
v 1.8 4.4 -2.4
v 1.8 4.7 -2.4
v 1.8 4.8 -2.4
v 1.8 4.9 -2.4
v 1.8 5 -2.4
v 1.8 5.2 -2.4
v 1.8 5.6 -2.4
v 1.8 5.8 -2.4
v 1.9 3.2 -2.4
v 1.9 3.3 -2.4
v 1.9 3.5 -2.4
v 1.9 3.6 -2.4
v 1.9 3.7 -2.4
v 1.9 3.8 -2.4
v 1.9 3.9 -2.4
v 1.9 4.2 -2.4
v 1.9 4.5 -2.4
v 1.9 4.7 -2.4
v 1.9 4.8 -2.4
v 1.9 4.9 -2.4
v 1.9 5.2 -2.4
v 1.9 5.6 -2.4
v 1.9 5.7 -2.4
v 1.9 5.8 -2.4
v 1.9 5.9 -2.4
v 2.1 3.2 -2.4
v 2.1 3.3 -2.4
v 2.1 3.5 -2.4
v 2.1 3.6 -2.4
v 2.1 3.7 -2.4
v 2.1 3.8 -2.4
v 2.1 3.9 -2.4
v 2.1 4.2 -2.4
v 2.1 4.5 -2.4
v 2.1 4.7 -2.4
v 2.1 4.8 -2.4
v 2.1 4.9 -2.4
v 2.1 5.2 -2.4
v 2.1 5.6 -2.4
v 2.1 5.7 -2.4
v 2.1 5.8 -2.4
v 2.1 5.9 -2.4
v 2.2 3.2 -2.4
v 2.2 3.3 -2.4
v 2.2 3.5 -2.4
v 2.2 3.6 -2.4
v 2.2 3.7 -2.4
v 2.2 3.8 -2.4
v 2.2 3.9 -2.4
v 2.2 4 -2.4
v 2.2 4.2 -2.4
v 2.2 4.4 -2.4
v 2.2 4.7 -2.4
v 2.2 4.8 -2.4
v 2.2 4.9 -2.4
v 2.2 5 -2.4
v 2.2 5.2 -2.4
v 2.2 5.6 -2.4
v 2.2 5.8 -2.4
v 2.3 3.1 -2.4
v 2.3 3.2 -2.4
v 2.3 3.3 -2.4
v 2.3 4 -2.4
v 2.3 4.3 -2.4
v 2.3 4.4 -2.4
v 2.3 4.5 -2.4
v 2.3 4.8 -2.4
v 2.3 5 -2.4
v 2.3 5.6 -2.4
v 2.4 3.1 -2.4
v 2.4 3.2 -2.4
v 2.4 3.3 -2.4
v 2.4 3.5 -2.4
v 2.4 3.6 -2.4
v 2.4 3.7 -2.4
v 2.4 4.3 -2.4
v 2.4 4.5 -2.4
v 2.4 4.7 -2.4
v 2.4 4.8 -2.4
v 2.4 5 -2.4
v 2.5 3.2 -2.4
v 2.5 3.5 -2.4
v 2.5 3.6 -2.4
v 2.5 4.5 -2.4
v 2.5 4.8 -2.4
v 1.6 3.3 -2.5
v 1.6 3.6 -2.5
v 1.6 4.5 -2.5
v 1.6 4.7 -2.5
v 1.7 3.2 -2.5
v 1.7 3.3 -2.5
v 1.7 4.4 -2.5
v 1.7 4.5 -2.5
v 1.8 3.2 -2.5
v 1.8 3.3 -2.5
v 1.8 3.5 -2.5
v 1.8 3.6 -2.5
v 1.8 4.2 -2.5
v 1.8 4.4 -2.5
v 1.8 4.7 -2.5
v 1.8 4.9 -2.5
v 1.8 5.2 -2.5
v 1.8 5.6 -2.5
v 1.9 3.3 -2.5
v 1.9 3.5 -2.5
v 1.9 3.9 -2.5
v 1.9 4.2 -2.5
v 1.9 4.5 -2.5
v 1.9 4.7 -2.5
v 1.9 4.8 -2.5
v 1.9 4.9 -2.5
v 1.9 5.2 -2.5
v 1.9 5.6 -2.5
v 1.9 5.7 -2.5
v 2.1 3.3 -2.5
v 2.1 3.5 -2.5
v 2.1 3.9 -2.5
v 2.1 4.2 -2.5
v 2.1 4.5 -2.5
v 2.1 4.7 -2.5
v 2.1 4.8 -2.5
v 2.1 4.9 -2.5
v 2.1 5.2 -2.5
v 2.1 5.6 -2.5
v 2.1 5.7 -2.5
v 2.2 3.2 -2.5
v 2.2 3.3 -2.5
v 2.2 3.5 -2.5
v 2.2 3.6 -2.5
v 2.2 4.2 -2.5
v 2.2 4.4 -2.5
v 2.2 4.7 -2.5
v 2.2 4.9 -2.5
v 2.2 5.2 -2.5
v 2.2 5.6 -2.5
v 2.3 3.2 -2.5
v 2.3 3.3 -2.5
v 2.3 4.4 -2.5
v 2.3 4.5 -2.5
v 2.4 3.3 -2.5
v 2.4 3.6 -2.5
v 2.4 4.5 -2.5
v 2.4 4.7 -2.5
v 1.6 2 -1.5
v 1.7 2 -1.5
v 2.3 2 -1.5
v 2.4 2 -1.5
v 1.5 2 -1.6
v 1.6 2 -1.6
v 1.7 2 -1.6
v 1.8 2 -1.6
v 2.2 2 -1.6
v 2.3 2 -1.6
v 2.4 2 -1.6
v 2.5 2 -1.6
v 1.5 2 -2.2
v 1.6 2 -2.2
v 1.7 2 -2.2
v 1.8 2 -2.2
v 2.2 2 -2.2
v 2.3 2 -2.2
v 2.4 2 -2.2
v 2.5 2 -2.2
v 1.6 2 -2.3
v 1.7 2 -2.3
v 2.3 2 -2.3
v 2.4 2 -2.3
v 1.5 2.4 -2.2
v 1.6 2.4 -2.2
v 1.7 2.4 -2.2
v 1.8 2.4 -2.2
v 2.2 2.4 -2.2
v 2.3 2.4 -2.2
v 2.4 2.4 -2.2
v 2.5 2.4 -2.2
v 1.5 2.4 -2.3
v 1.6 2.4 -2.3
v 1.7 2.4 -2.3
v 1.8 2.4 -2.3
v 2.2 2.4 -2.3
v 2.3 2.4 -2.3
v 2.4 2.4 -2.3
v 2.5 2.4 -2.3
v 1.6 2.6 -1.8
v 1.7 2.6 -1.8
v 2.3 2.6 -1.8
v 2.4 2.6 -1.8
v 1.5 2.6 -1.9
v 1.6 2.6 -1.9
v 1.7 2.6 -1.9
v 1.8 2.6 -1.9
v 2.2 2.6 -1.9
v 2.3 2.6 -1.9
v 2.4 2.6 -1.9
v 2.5 2.6 -1.9
v 1.5 2.6 -2
v 1.6 2.6 -2
v 1.7 2.6 -2
v 1.8 2.6 -2
v 2.2 2.6 -2
v 2.3 2.6 -2
v 2.4 2.6 -2
v 2.5 2.6 -2
v 1.4 2.8 -2
v 1.5 2.8 -2
v 2.5 2.8 -2
v 2.6 2.8 -2
v 1.8 2.8 -2.1
v 1.9 2.8 -2.1
v 2.1 2.8 -2.1
v 2.2 2.8 -2.1
v 1.4 2.8 -2.2
v 1.5 2.8 -2.2
v 1.6 2.8 -2.2
v 1.8 2.8 -2.2
v 1.9 2.8 -2.2
v 2.1 2.8 -2.2
v 2.2 2.8 -2.2
v 2.4 2.8 -2.2
v 2.5 2.8 -2.2
v 2.6 2.8 -2.2
v 1.5 2.8 -2.3
v 1.6 2.8 -2.3
v 2.4 2.8 -2.3
v 2.5 2.8 -2.3
v 1.8 2.9 -2
v 1.9 2.9 -2
v 2.1 2.9 -2
v 2.2 2.9 -2
v 1.8 2.9 -2.1
v 1.9 2.9 -2.1
v 2.1 2.9 -2.1
v 2.2 2.9 -2.1
v 1.7 3 -1.9
v 1.8 3 -1.9
v 2.2 3 -1.9
v 2.3 3 -1.9
v 1.7 3 -2
v 1.8 3 -2
v 2.2 3 -2
v 2.3 3 -2
v 1.7 3.1 -2.2
v 1.9 3.1 -2.2
v 2.1 3.1 -2.2
v 2.3 3.1 -2.2
v 1.6 3.1 -2.3
v 1.7 3.1 -2.3
v 1.9 3.1 -2.3
v 2.1 3.1 -2.3
v 2.3 3.1 -2.3
v 2.4 3.1 -2.3
v 1.6 3.1 -2.4
v 1.7 3.1 -2.4
v 2.3 3.1 -2.4
v 2.4 3.1 -2.4
v 1.7 3.2 -1.8
v 1.8 3.2 -1.8
v 2.2 3.2 -1.8
v 2.3 3.2 -1.8
v 1.7 3.2 -1.9
v 1.8 3.2 -1.9
v 1.9 3.2 -1.9
v 2.1 3.2 -1.9
v 2.2 3.2 -1.9
v 2.3 3.2 -1.9
v 1.8 3.2 -2
v 1.9 3.2 -2
v 2.1 3.2 -2
v 2.2 3.2 -2
v 1.5 3.2 -2.3
v 1.6 3.2 -2.3
v 1.7 3.2 -2.3
v 1.9 3.2 -2.3
v 2.1 3.2 -2.3
v 2.3 3.2 -2.3
v 2.4 3.2 -2.3
v 2.5 3.2 -2.3
v 1.5 3.2 -2.4
v 1.6 3.2 -2.4
v 1.7 3.2 -2.4
v 1.8 3.2 -2.4
v 1.9 3.2 -2.4
v 2.1 3.2 -2.4
v 2.2 3.2 -2.4
v 2.3 3.2 -2.4
v 2.4 3.2 -2.4
v 2.5 3.2 -2.4
v 1.7 3.2 -2.5
v 1.8 3.2 -2.5
v 2.2 3.2 -2.5
v 2.3 3.2 -2.5
v 1.6 3.3 -1.8
v 1.7 3.3 -1.8
v 2.3 3.3 -1.8
v 2.4 3.3 -1.8
v 1.5 3.3 -1.9
v 1.6 3.3 -1.9
v 1.7 3.3 -1.9
v 2.3 3.3 -1.9
v 2.4 3.3 -1.9
v 2.5 3.3 -1.9
v 1.5 3.3 -2
v 1.6 3.3 -2
v 1.9 3.3 -2
v 2.1 3.3 -2
v 2.4 3.3 -2
v 2.5 3.3 -2
v 1.2 3.3 -2.1
v 1.3 3.3 -2.1
v 2.7 3.3 -2.1
v 2.8 3.3 -2.1
v 1.2 3.3 -2.2
v 1.3 3.3 -2.2
v 2.7 3.3 -2.2
v 2.8 3.3 -2.2
v 1.6 3.3 -2.4
v 1.7 3.3 -2.4
v 1.8 3.3 -2.4
v 1.9 3.3 -2.4
v 2.1 3.3 -2.4
v 2.2 3.3 -2.4
v 2.3 3.3 -2.4
v 2.4 3.3 -2.4
v 1.6 3.3 -2.5
v 1.7 3.3 -2.5
v 1.8 3.3 -2.5
v 1.9 3.3 -2.5
v 2.1 3.3 -2.5
v 2.2 3.3 -2.5
v 2.3 3.3 -2.5
v 2.4 3.3 -2.5
v 1.9 3.4 -1.9
v 2.1 3.4 -1.9
v 1.1 3.4 -2
v 1.2 3.4 -2
v 1.9 3.4 -2
v 2.1 3.4 -2
v 2.8 3.4 -2
v 2.9 3.4 -2
v 1.1 3.4 -2.1
v 1.2 3.4 -2.1
v 2.8 3.4 -2.1
v 2.9 3.4 -2.1
v 1.8 3.5 -1.8
v 1.9 3.5 -1.8
v 2 3.5 -1.8
v 2.1 3.5 -1.8
v 2.2 3.5 -1.8
v 1.2 3.5 -1.9
v 1.3 3.5 -1.9
v 1.8 3.5 -1.9
v 1.9 3.5 -1.9
v 2 3.5 -1.9
v 2.1 3.5 -1.9
v 2.2 3.5 -1.9
v 2.7 3.5 -1.9
v 2.8 3.5 -1.9
v 1.2 3.5 -2
v 1.3 3.5 -2
v 2.7 3.5 -2
v 2.8 3.5 -2
v 1.1 3.5 -2.1
v 1.2 3.5 -2.1
v 2.8 3.5 -2.1
v 2.9 3.5 -2.1
v 1.1 3.5 -2.2
v 1.2 3.5 -2.2
v 1.3 3.5 -2.2
v 2.7 3.5 -2.2
v 2.8 3.5 -2.2
v 2.9 3.5 -2.2
v 1.2 3.5 -2.3
v 1.3 3.5 -2.3
v 2.7 3.5 -2.3
v 2.8 3.5 -2.3
v 1.1 3.6 -1.9
v 1.2 3.6 -1.9
v 2.8 3.6 -1.9
v 2.9 3.6 -1.9
v 1.1 3.6 -2
v 1.2 3.6 -2
v 1.3 3.6 -2
v 2.7 3.6 -2
v 2.8 3.6 -2
v 2.9 3.6 -2
v 1.2 3.6 -2.1
v 1.3 3.6 -2.1
v 2.7 3.6 -2.1
v 2.8 3.6 -2.1
v 1.3 3.7 -2
v 1.4 3.7 -2
v 2.6 3.7 -2
v 2.7 3.7 -2
v 1.3 3.7 -2.2
v 1.4 3.7 -2.2
v 2.6 3.7 -2.2
v 2.7 3.7 -2.2
v 1.9 3.7 -2.3
v 2.1 3.7 -2.3
v 1.9 3.7 -2.4
v 2.1 3.7 -2.4
v 1.7 3.8 -1.8
v 1.8 3.8 -1.8
v 2.2 3.8 -1.8
v 2.3 3.8 -1.8
v 1.7 3.8 -1.9
v 1.8 3.8 -1.9
v 2.2 3.8 -1.9
v 2.3 3.8 -1.9
v 1.8 3.8 -2.3
v 1.9 3.8 -2.3
v 2.1 3.8 -2.3
v 2.2 3.8 -2.3
v 1.8 3.8 -2.4
v 1.9 3.8 -2.4
v 2.1 3.8 -2.4
v 2.2 3.8 -2.4
v 1.1 3.9 -1.9
v 1.2 3.9 -1.9
v 1.3 3.9 -1.9
v 1.4 3.9 -1.9
v 2.6 3.9 -1.9
v 2.7 3.9 -1.9
v 2.8 3.9 -1.9
v 2.9 3.9 -1.9
v 1.1 3.9 -2
v 1.2 3.9 -2
v 1.3 3.9 -2
v 1.4 3.9 -2
v 2.6 3.9 -2
v 2.7 3.9 -2
v 2.8 3.9 -2
v 2.9 3.9 -2
v 1.9 3.9 -2.4
v 2.1 3.9 -2.4
v 1.9 3.9 -2.5
v 2.1 3.9 -2.5
v 1.7 4 -2.3
v 1.8 4 -2.3
v 2.2 4 -2.3
v 2.3 4 -2.3
v 1.7 4 -2.4
v 1.8 4 -2.4
v 2.2 4 -2.4
v 2.3 4 -2.4
v 1.7 4.2 -1.8
v 1.8 4.2 -1.8
v 2.2 4.2 -1.8
v 2.3 4.2 -1.8
v 1.7 4.2 -1.9
v 1.8 4.2 -1.9
v 2.2 4.2 -1.9
v 2.3 4.2 -1.9
v 1.5 4.2 -2
v 1.6 4.2 -2
v 1.3 4.2 -2.2
v 1.4 4.2 -2.2
v 2.6 4.2 -2.2
v 2.7 4.2 -2.2
v 1.3 4.2 -2.3
v 1.4 4.2 -2.3
v 1.5 4.2 -2.3
v 1.6 4.2 -2.3
v 2.6 4.2 -2.3
v 2.7 4.2 -2.3
v 1.8 4.2 -2.4
v 1.9 4.2 -2.4
v 2.1 4.2 -2.4
v 2.2 4.2 -2.4
v 1.8 4.2 -2.5
v 1.9 4.2 -2.5
v 2.1 4.2 -2.5
v 2.2 4.2 -2.5
v 1.7 4.3 -1.7
v 2.3 4.3 -1.7
v 1.6 4.3 -1.8
v 1.7 4.3 -1.8
v 2.3 4.3 -1.8
v 2.4 4.3 -1.8
v 1.6 4.3 -1.9
v 1.7 4.3 -1.9
v 2.3 4.3 -1.9
v 2.4 4.3 -1.9
v 2.4 4.3 -2
v 2.5 4.3 -2
v 2.5 4.3 -2.1
v 2.6 4.3 -2.1
v 2.5 4.3 -2.2
v 2.6 4.3 -2.2
v 1.6 4.3 -2.3
v 1.7 4.3 -2.3
v 2.3 4.3 -2.3
v 2.4 4.3 -2.3
v 2.5 4.3 -2.3
v 1.6 4.3 -2.4
v 1.7 4.3 -2.4
v 2.3 4.3 -2.4
v 2.4 4.3 -2.4
v 1.6 4.4 -1.7
v 1.7 4.4 -1.7
v 2.3 4.4 -1.7
v 2.4 4.4 -1.7
v 1.5 4.4 -1.8
v 1.6 4.4 -1.8
v 1.7 4.4 -1.8
v 2.3 4.4 -1.8
v 2.4 4.4 -1.8
v 2.5 4.4 -1.8
v 1.3 4.4 -1.9
v 1.4 4.4 -1.9
v 2.6 4.4 -1.9
v 2.7 4.4 -1.9
v 1.3 4.4 -2
v 1.4 4.4 -2
v 1.5 4.4 -2
v 1.6 4.4 -2
v 2.4 4.4 -2
v 2.5 4.4 -2
v 2.6 4.4 -2
v 2.7 4.4 -2
v 2.5 4.4 -2.1
v 2.6 4.4 -2.1
v 1.4 4.4 -2.2
v 1.5 4.4 -2.2
v 1.7 4.4 -2.4
v 1.8 4.4 -2.4
v 2.2 4.4 -2.4
v 2.3 4.4 -2.4
v 1.7 4.4 -2.5
v 1.8 4.4 -2.5
v 2.2 4.4 -2.5
v 2.3 4.4 -2.5
v 1.3 4.5 -1.8
v 1.4 4.5 -1.8
v 2.6 4.5 -1.8
v 2.7 4.5 -1.8
v 1.3 4.5 -1.9
v 1.4 4.5 -1.9
v 1.5 4.5 -1.9
v 2.5 4.5 -1.9
v 2.6 4.5 -1.9
v 2.7 4.5 -1.9
v 1.4 4.5 -2
v 1.5 4.5 -2
v 2.5 4.5 -2
v 2.6 4.5 -2
v 1.4 4.5 -2.2
v 1.5 4.5 -2.2
v 2.5 4.5 -2.2
v 2.6 4.5 -2.2
v 1.4 4.5 -2.3
v 1.5 4.5 -2.3
v 1.6 4.5 -2.3
v 2.4 4.5 -2.3
v 2.5 4.5 -2.3
v 2.6 4.5 -2.3
v 1.5 4.5 -2.4
v 1.6 4.5 -2.4
v 1.7 4.5 -2.4
v 2.3 4.5 -2.4
v 2.4 4.5 -2.4
v 2.5 4.5 -2.4
v 1.6 4.5 -2.5
v 1.7 4.5 -2.5
v 2.3 4.5 -2.5
v 2.4 4.5 -2.5
v 1.4 4.6 -1.8
v 1.5 4.6 -1.8
v 2.5 4.6 -1.8
v 2.6 4.6 -1.8
v 1.4 4.6 -1.9
v 1.5 4.6 -1.9
v 2.5 4.6 -1.9
v 2.6 4.6 -1.9
v 1.9 4.8 -2.4
v 2.1 4.8 -2.4
v 1.9 4.8 -2.5
v 2.1 4.8 -2.5
v 1.5 4.9 -1.7
v 1.6 4.9 -1.7
v 2.4 4.9 -1.7
v 2.5 4.9 -1.7
v 1.6 4.9 -1.8
v 2.4 4.9 -1.8
v 1.5 4.9 -1.9
v 1.6 4.9 -1.9
v 2.4 4.9 -1.9
v 2.5 4.9 -1.9
v 1.6 5 -1.7
v 1.7 5 -1.7
v 2.3 5 -1.7
v 2.4 5 -1.7
v 1.6 5 -1.8
v 1.7 5 -1.8
v 1.8 5 -1.8
v 2.2 5 -1.8
v 2.3 5 -1.8
v 2.4 5 -1.8
v 1.5 5 -1.9
v 1.6 5 -1.9
v 1.8 5 -1.9
v 2.2 5 -1.9
v 2.4 5 -1.9
v 2.5 5 -1.9
v 1.5 5 -2
v 1.6 5 -2
v 2.4 5 -2
v 2.5 5 -2
v 1.5 5 -2.1
v 1.6 5 -2.1
v 2.4 5 -2.1
v 2.5 5 -2.1
v 1.5 5 -2.2
v 1.6 5 -2.2
v 2.4 5 -2.2
v 2.5 5 -2.2
v 1.7 5 -2.3
v 1.8 5 -2.3
v 2.2 5 -2.3
v 2.3 5 -2.3
v 1.7 5 -2.4
v 1.8 5 -2.4
v 2.2 5 -2.4
v 2.3 5 -2.4
v 1.6 5.1 -1.8
v 1.7 5.1 -1.8
v 1.8 5.1 -1.8
v 2.2 5.1 -1.8
v 2.3 5.1 -1.8
v 2.4 5.1 -1.8
v 1.6 5.1 -1.9
v 1.7 5.1 -1.9
v 2.3 5.1 -1.9
v 2.4 5.1 -1.9
v 1.7 5.1 -2
v 1.8 5.1 -2
v 2.2 5.1 -2
v 2.3 5.1 -2
v 1.8 5.1 -2.1
v 2.2 5.1 -2.1
v 1.7 5.1 -2.2
v 1.8 5.1 -2.2
v 1.9 5.1 -2.2
v 2.1 5.1 -2.2
v 2.2 5.1 -2.2
v 2.3 5.1 -2.2
v 1.7 5.1 -2.3
v 1.9 5.1 -2.3
v 2.1 5.1 -2.3
v 2.3 5.1 -2.3
v 1.9 5.1 -2.4
v 2.1 5.1 -2.4
v 1.6 5.2 -2
v 1.7 5.2 -2
v 2.3 5.2 -2
v 2.4 5.2 -2
v 1.6 5.2 -2.1
v 2.4 5.2 -2.1
v 1.6 5.2 -2.2
v 1.7 5.2 -2.2
v 2.3 5.2 -2.2
v 2.4 5.2 -2.2
v 1.8 5.2 -2.4
v 1.9 5.2 -2.4
v 2.1 5.2 -2.4
v 2.2 5.2 -2.4
v 1.8 5.2 -2.5
v 1.9 5.2 -2.5
v 2.1 5.2 -2.5
v 2.2 5.2 -2.5
v 1.9 5.3 -1.7
v 2.1 5.3 -1.7
v 1.6 5.3 -1.8
v 1.7 5.3 -1.8
v 1.9 5.3 -1.8
v 2.1 5.3 -1.8
v 2.3 5.3 -1.8
v 2.4 5.3 -1.8
v 1.7 5.3 -1.9
v 2.3 5.3 -1.9
v 1.6 5.3 -2
v 1.7 5.3 -2
v 2.3 5.3 -2
v 2.4 5.3 -2
v 1.5 5.4 -2
v 1.6 5.4 -2
v 2.4 5.4 -2
v 2.5 5.4 -2
v 1.5 5.4 -2.1
v 1.6 5.4 -2.1
v 2.4 5.4 -2.1
v 2.5 5.4 -2.1
v 1.6 5.5 -1.7
v 1.7 5.5 -1.7
v 2.3 5.5 -1.7
v 2.4 5.5 -1.7
v 1.6 5.5 -1.8
v 1.7 5.5 -1.8
v 2.3 5.5 -1.8
v 2.4 5.5 -1.8
v 1.7 5.7 -1.7
v 1.9 5.7 -1.7
v 2.1 5.7 -1.7
v 2.3 5.7 -1.7
v 1.7 5.7 -1.8
v 1.9 5.7 -1.8
v 2.1 5.7 -1.8
v 2.3 5.7 -1.8
v 1.9 5.8 -1.7
v 2.1 5.8 -1.7
v 1.9 5.8 -1.8
v 2.1 5.8 -1.8
v 1.6 2.1 -1.5
v 1.7 2.1 -1.5
v 2.3 2.1 -1.5
v 2.4 2.1 -1.5
v 1.5 2.1 -1.6
v 1.6 2.1 -1.6
v 1.7 2.1 -1.6
v 1.8 2.1 -1.6
v 2.2 2.1 -1.6
v 2.3 2.1 -1.6
v 2.4 2.1 -1.6
v 2.5 2.1 -1.6
v 1.5 2.1 -1.7
v 1.6 2.1 -1.7
v 1.7 2.1 -1.7
v 1.8 2.1 -1.7
v 2.2 2.1 -1.7
v 2.3 2.1 -1.7
v 2.4 2.1 -1.7
v 2.5 2.1 -1.7
v 1.6 2.2 -1.6
v 1.7 2.2 -1.6
v 2.3 2.2 -1.6
v 2.4 2.2 -1.6
v 1.5 2.2 -1.7
v 1.6 2.2 -1.7
v 1.7 2.2 -1.7
v 1.8 2.2 -1.7
v 2.2 2.2 -1.7
v 2.3 2.2 -1.7
v 2.4 2.2 -1.7
v 2.5 2.2 -1.7
v 1.5 2.2 -1.8
v 1.6 2.2 -1.8
v 1.7 2.2 -1.8
v 1.8 2.2 -1.8
v 2.2 2.2 -1.8
v 2.3 2.2 -1.8
v 2.4 2.2 -1.8
v 2.5 2.2 -1.8
v 1.5 2.2 -1.9
v 1.6 2.2 -1.9
v 1.7 2.2 -1.9
v 1.8 2.2 -1.9
v 2.2 2.2 -1.9
v 2.3 2.2 -1.9
v 2.4 2.2 -1.9
v 2.5 2.2 -1.9
v 1.6 2.3 -1.8
v 1.7 2.3 -1.8
v 2.3 2.3 -1.8
v 2.4 2.3 -1.8
v 1.5 2.3 -1.9
v 1.6 2.3 -1.9
v 1.7 2.3 -1.9
v 1.8 2.3 -1.9
v 2.2 2.3 -1.9
v 2.3 2.3 -1.9
v 2.4 2.3 -1.9
v 2.5 2.3 -1.9
v 1.5 2.3 -2
v 1.6 2.3 -2
v 1.7 2.3 -2
v 1.8 2.3 -2
v 2.2 2.3 -2
v 2.3 2.3 -2
v 2.4 2.3 -2
v 2.5 2.3 -2
v 1.5 2.6 -2.2
v 1.6 2.6 -2.2
v 2.4 2.6 -2.2
v 2.5 2.6 -2.2
v 1.5 2.6 -2.3
v 1.6 2.6 -2.3
v 2.4 2.6 -2.3
v 2.5 2.6 -2.3
v 1.6 2.8 -1.8
v 1.7 2.8 -1.8
v 2.3 2.8 -1.8
v 2.4 2.8 -1.8
v 1.6 2.8 -1.9
v 1.7 2.8 -1.9
v 1.8 2.8 -1.9
v 2.2 2.8 -1.9
v 2.3 2.8 -1.9
v 2.4 2.8 -1.9
v 1.7 2.8 -2
v 1.8 2.8 -2
v 2.2 2.8 -2
v 2.3 2.8 -2
v 1.5 2.9 -1.9
v 1.6 2.9 -1.9
v 2.4 2.9 -1.9
v 2.5 2.9 -1.9
v 1.5 2.9 -2
v 1.6 2.9 -2
v 2.4 2.9 -2
v 2.5 2.9 -2
v 1.7 2.9 -2.2
v 1.8 2.9 -2.2
v 2.2 2.9 -2.2
v 2.3 2.9 -2.2
v 1.7 2.9 -2.3
v 1.8 2.9 -2.3
v 2.2 2.9 -2.3
v 2.3 2.9 -2.3
v 1.4 3.1 -2
v 1.5 3.1 -2
v 2.5 3.1 -2
v 2.6 3.1 -2
v 1.4 3.1 -2.1
v 1.5 3.1 -2.1
v 2.5 3.1 -2.1
v 2.6 3.1 -2.1
v 1.9 3.5 -2.3
v 2.1 3.5 -2.3
v 1.8 3.5 -2.4
v 1.9 3.5 -2.4
v 2.1 3.5 -2.4
v 2.2 3.5 -2.4
v 1.8 3.5 -2.5
v 1.9 3.5 -2.5
v 2.1 3.5 -2.5
v 2.2 3.5 -2.5
v 1.4 3.6 -2.1
v 1.5 3.6 -2.1
v 2.5 3.6 -2.1
v 2.6 3.6 -2.1
v 1.4 3.6 -2.2
v 1.5 3.6 -2.2
v 1.6 3.6 -2.2
v 2.4 3.6 -2.2
v 2.5 3.6 -2.2
v 2.6 3.6 -2.2
v 1.8 3.6 -2.3
v 1.9 3.6 -2.3
v 2.1 3.6 -2.3
v 2.2 3.6 -2.3
v 1.5 3.6 -2.4
v 1.6 3.6 -2.4
v 1.8 3.6 -2.4
v 1.9 3.6 -2.4
v 2.1 3.6 -2.4
v 2.2 3.6 -2.4
v 2.4 3.6 -2.4
v 2.5 3.6 -2.4
v 1.6 3.6 -2.5
v 1.8 3.6 -2.5
v 2.2 3.6 -2.5
v 2.4 3.6 -2.5
v 1.6 3.7 -1.8
v 1.7 3.7 -1.8
v 1.8 3.7 -1.8
v 2.2 3.7 -1.8
v 2.3 3.7 -1.8
v 2.4 3.7 -1.8
v 1.1 3.7 -1.9
v 1.2 3.7 -1.9
v 1.5 3.7 -1.9
v 1.6 3.7 -1.9
v 1.7 3.7 -1.9
v 1.8 3.7 -1.9
v 2.2 3.7 -1.9
v 2.3 3.7 -1.9
v 2.4 3.7 -1.9
v 2.5 3.7 -1.9
v 2.8 3.7 -1.9
v 2.9 3.7 -1.9
v 1.1 3.7 -2
v 1.2 3.7 -2
v 1.5 3.7 -2
v 1.6 3.7 -2
v 2.4 3.7 -2
v 2.5 3.7 -2
v 2.8 3.7 -2
v 2.9 3.7 -2
v 1.6 3.7 -2.3
v 1.7 3.7 -2.3
v 1.8 3.7 -2.3
v 2.2 3.7 -2.3
v 2.3 3.7 -2.3
v 2.4 3.7 -2.3
v 1.6 3.7 -2.4
v 1.8 3.7 -2.4
v 2.2 3.7 -2.4
v 2.4 3.7 -2.4
v 1.5 3.8 -2.1
v 1.6 3.8 -2.1
v 2.4 3.8 -2.1
v 2.5 3.8 -2.1
v 1.5 3.8 -2.2
v 1.6 3.8 -2.2
v 2.4 3.8 -2.2
v 2.5 3.8 -2.2
v 1.5 3.9 -2
v 1.6 3.9 -2
v 2.4 3.9 -2
v 2.5 3.9 -2
v 1.5 3.9 -2.1
v 1.6 3.9 -2.1
v 2.4 3.9 -2.1
v 2.5 3.9 -2.1
v 1.7 4 -1.8
v 1.8 4 -1.8
v 2.2 4 -1.8
v 2.3 4 -1.8
v 1.1 4 -1.9
v 1.2 4 -1.9
v 1.7 4 -1.9
v 1.8 4 -1.9
v 2.2 4 -1.9
v 2.3 4 -1.9
v 2.8 4 -1.9
v 2.9 4 -1.9
v 1.1 4 -2
v 1.2 4 -2
v 2.8 4 -2
v 2.9 4 -2
v 1.3 4.3 -1.9
v 1.4 4.3 -1.9
v 2.6 4.3 -1.9
v 2.7 4.3 -1.9
v 1.1 4.3 -2
v 1.2 4.3 -2
v 1.3 4.3 -2
v 1.4 4.3 -2
v 2.6 4.3 -2
v 2.7 4.3 -2
v 2.8 4.3 -2
v 2.9 4.3 -2
v 1.1 4.3 -2.1
v 1.2 4.3 -2.1
v 2.8 4.3 -2.1
v 2.9 4.3 -2.1
v 1.9 4.5 -1.7
v 2.1 4.5 -1.7
v 1.9 4.5 -1.8
v 2.1 4.5 -1.8
v 1.9 4.5 -2.4
v 2.1 4.5 -2.4
v 1.9 4.5 -2.5
v 2.1 4.5 -2.5
v 1.8 4.6 -1.7
v 1.9 4.6 -1.7
v 2.1 4.6 -1.7
v 2.2 4.6 -1.7
v 1.3 4.6 -1.8
v 1.4 4.6 -1.8
v 1.8 4.6 -1.8
v 1.9 4.6 -1.8
v 2.1 4.6 -1.8
v 2.2 4.6 -1.8
v 2.6 4.6 -1.8
v 2.7 4.6 -1.8
v 1.2 4.6 -1.9
v 1.3 4.6 -1.9
v 2.7 4.6 -1.9
v 2.8 4.6 -1.9
v 1.2 4.6 -2
v 1.4 4.6 -2
v 2.6 4.6 -2
v 2.8 4.6 -2
v 2.8 4.6 -2.1
v 2.9 4.6 -2.1
v 1.2 4.6 -2.2
v 1.3 4.6 -2.2
v 2.7 4.6 -2.2
v 2.8 4.6 -2.2
v 2.9 4.6 -2.2
v 1.2 4.6 -2.3
v 1.3 4.6 -2.3
v 2.7 4.6 -2.3
v 2.8 4.6 -2.3
v 1.6 4.7 -1.7
v 1.8 4.7 -1.7
v 2.2 4.7 -1.7
v 2.4 4.7 -1.7
v 1.4 4.7 -1.8
v 1.5 4.7 -1.8
v 1.6 4.7 -1.8
v 1.8 4.7 -1.8
v 2.2 4.7 -1.8
v 2.4 4.7 -1.8
v 2.5 4.7 -1.8
v 2.6 4.7 -1.8
v 1.2 4.7 -2
v 1.4 4.7 -2
v 1.5 4.7 -2
v 2.5 4.7 -2
v 2.6 4.7 -2
v 2.8 4.7 -2
v 1.1 4.7 -2.1
v 1.2 4.7 -2.1
v 1.4 4.7 -2.1
v 2.6 4.7 -2.1
v 2.8 4.7 -2.1
v 1.1 4.7 -2.2
v 1.2 4.7 -2.2
v 1.6 4.7 -2.4
v 1.8 4.7 -2.4
v 2.2 4.7 -2.4
v 2.4 4.7 -2.4
v 1.6 4.7 -2.5
v 1.8 4.7 -2.5
v 2.2 4.7 -2.5
v 2.4 4.7 -2.5
v 1.5 4.8 -1.8
v 1.6 4.8 -1.8
v 1.7 4.8 -1.8
v 1.8 4.8 -1.8
v 2.2 4.8 -1.8
v 2.3 4.8 -1.8
v 2.4 4.8 -1.8
v 2.5 4.8 -1.8
v 1.5 4.8 -1.9
v 1.6 4.8 -1.9
v 1.7 4.8 -1.9
v 1.8 4.8 -1.9
v 2.2 4.8 -1.9
v 2.3 4.8 -1.9
v 2.4 4.8 -1.9
v 2.5 4.8 -1.9
v 1.4 4.8 -2
v 1.5 4.8 -2
v 2.5 4.8 -2
v 2.6 4.8 -2
v 1.2 4.8 -2.1
v 1.3 4.8 -2.1
v 1.4 4.8 -2.1
v 1.5 4.8 -2.1
v 2.5 4.8 -2.1
v 2.6 4.8 -2.1
v 2.7 4.8 -2.1
v 2.8 4.8 -2.1
v 1.2 4.8 -2.2
v 1.3 4.8 -2.2
v 1.4 4.8 -2.2
v 2.6 4.8 -2.2
v 2.7 4.8 -2.2
v 2.8 4.8 -2.2
v 1.3 4.8 -2.3
v 1.4 4.8 -2.3
v 1.5 4.8 -2.3
v 1.6 4.8 -2.3
v 1.7 4.8 -2.3
v 1.8 4.8 -2.3
v 2.2 4.8 -2.3
v 2.3 4.8 -2.3
v 2.4 4.8 -2.3
v 2.5 4.8 -2.3
v 2.6 4.8 -2.3
v 2.7 4.8 -2.3
v 1.5 4.8 -2.4
v 1.6 4.8 -2.4
v 1.7 4.8 -2.4
v 1.8 4.8 -2.4
v 2.2 4.8 -2.4
v 2.3 4.8 -2.4
v 2.4 4.8 -2.4
v 2.5 4.8 -2.4
v 1.8 4.9 -1.8
v 2.2 4.9 -1.8
v 1.5 4.9 -1.9
v 1.7 4.9 -1.9
v 1.8 4.9 -1.9
v 2.2 4.9 -1.9
v 2.3 4.9 -1.9
v 2.5 4.9 -1.9
v 1.6 4.9 -2
v 1.7 4.9 -2
v 1.8 4.9 -2
v 2.2 4.9 -2
v 2.3 4.9 -2
v 2.4 4.9 -2
v 1.3 4.9 -2.1
v 1.5 4.9 -2.1
v 1.7 4.9 -2.1
v 1.8 4.9 -2.1
v 2.2 4.9 -2.1
v 2.3 4.9 -2.1
v 2.5 4.9 -2.1
v 2.7 4.9 -2.1
v 1.3 4.9 -2.2
v 1.4 4.9 -2.2
v 1.6 4.9 -2.2
v 1.7 4.9 -2.2
v 1.8 4.9 -2.2
v 2.2 4.9 -2.2
v 2.3 4.9 -2.2
v 2.4 4.9 -2.2
v 2.6 4.9 -2.2
v 2.7 4.9 -2.2
v 1.4 4.9 -2.3
v 1.6 4.9 -2.3
v 1.7 4.9 -2.3
v 1.8 4.9 -2.3
v 2.2 4.9 -2.3
v 2.3 4.9 -2.3
v 2.4 4.9 -2.3
v 2.6 4.9 -2.3
v 1.8 4.9 -2.4
v 1.9 4.9 -2.4
v 2.1 4.9 -2.4
v 2.2 4.9 -2.4
v 1.8 4.9 -2.5
v 1.9 4.9 -2.5
v 2.1 4.9 -2.5
v 2.2 4.9 -2.5
v 1.6 5 -1.8
v 1.7 5 -1.8
v 2.3 5 -1.8
v 2.4 5 -1.8
v 1.6 5 -1.9
v 1.7 5 -1.9
v 2.3 5 -1.9
v 2.4 5 -1.9
v 1.7 5 -2
v 1.8 5 -2
v 2.2 5 -2
v 2.3 5 -2
v 1.7 5 -2.1
v 1.8 5 -2.1
v 2.2 5 -2.1
v 2.3 5 -2.1
v 1.8 5 -2.2
v 1.9 5 -2.2
v 2.1 5 -2.2
v 2.2 5 -2.2
v 1.6 5 -2.3
v 1.7 5 -2.3
v 1.8 5 -2.3
v 1.9 5 -2.3
v 2.1 5 -2.3
v 2.2 5 -2.3
v 2.3 5 -2.3
v 2.4 5 -2.3
v 1.6 5 -2.4
v 1.7 5 -2.4
v 1.9 5 -2.4
v 2.1 5 -2.4
v 2.3 5 -2.4
v 2.4 5 -2.4
v 1.6 5.1 -1.7
v 1.7 5.1 -1.7
v 2.3 5.1 -1.7
v 2.4 5.1 -1.7
v 1.6 5.1 -1.8
v 1.7 5.1 -1.8
v 2.3 5.1 -1.8
v 2.4 5.1 -1.8
v 1.6 5.2 -1.8
v 1.7 5.2 -1.8
v 2.3 5.2 -1.8
v 2.4 5.2 -1.8
v 1.6 5.2 -1.9
v 1.7 5.2 -1.9
v 2.3 5.2 -1.9
v 2.4 5.2 -1.9
v 1.9 5.4 -1.7
v 2.1 5.4 -1.7
v 1.9 5.4 -1.8
v 2.1 5.4 -1.8
v 1.5 5.4 -2.1
v 1.6 5.4 -2.1
v 2.4 5.4 -2.1
v 2.5 5.4 -2.1
v 1.5 5.4 -2.2
v 1.6 5.4 -2.2
v 2.4 5.4 -2.2
v 2.5 5.4 -2.2
v 1.5 5.5 -1.7
v 1.6 5.5 -1.7
v 2.4 5.5 -1.7
v 2.5 5.5 -1.7
v 1.5 5.5 -1.8
v 1.6 5.5 -1.8
v 2.4 5.5 -1.8
v 2.5 5.5 -1.8
v 1.5 5.6 -1.8
v 1.6 5.6 -1.8
v 2.4 5.6 -1.8
v 2.5 5.6 -1.8
v 1.5 5.6 -1.9
v 1.6 5.6 -1.9
v 2.4 5.6 -1.9
v 2.5 5.6 -1.9
v 1.6 5.6 -2.2
v 1.7 5.6 -2.2
v 2.3 5.6 -2.2
v 2.4 5.6 -2.2
v 1.6 5.6 -2.3
v 1.7 5.6 -2.3
v 1.8 5.6 -2.3
v 2.2 5.6 -2.3
v 2.3 5.6 -2.3
v 2.4 5.6 -2.3
v 1.7 5.6 -2.4
v 1.8 5.6 -2.4
v 1.9 5.6 -2.4
v 2.1 5.6 -2.4
v 2.2 5.6 -2.4
v 2.3 5.6 -2.4
v 1.8 5.6 -2.5
v 1.9 5.6 -2.5
v 2.1 5.6 -2.5
v 2.2 5.6 -2.5
v 1.6 5.7 -1.7
v 1.7 5.7 -1.7
v 2.3 5.7 -1.7
v 2.4 5.7 -1.7
v 1.6 5.7 -1.8
v 1.7 5.7 -1.8
v 2.3 5.7 -1.8
v 2.4 5.7 -1.8
v 1.5 5.7 -1.9
v 1.6 5.7 -1.9
v 2.4 5.7 -1.9
v 2.5 5.7 -1.9
v 1.5 5.7 -2.1
v 1.6 5.7 -2.1
v 2.4 5.7 -2.1
v 2.5 5.7 -2.1
v 1.9 5.7 -2.4
v 2.1 5.7 -2.4
v 1.9 5.7 -2.5
v 2.1 5.7 -2.5
v 1.7 5.8 -1.7
v 1.9 5.8 -1.7
v 2.1 5.8 -1.7
v 2.3 5.8 -1.7
v 1.6 5.8 -1.8
v 1.7 5.8 -1.8
v 1.9 5.8 -1.8
v 2.1 5.8 -1.8
v 2.3 5.8 -1.8
v 2.4 5.8 -1.8
v 1.6 5.8 -2.2
v 1.7 5.8 -2.2
v 1.8 5.8 -2.2
v 2.2 5.8 -2.2
v 2.3 5.8 -2.2
v 2.4 5.8 -2.2
v 1.7 5.8 -2.3
v 1.8 5.8 -2.3
v 1.9 5.8 -2.3
v 2.1 5.8 -2.3
v 2.2 5.8 -2.3
v 2.3 5.8 -2.3
v 1.8 5.8 -2.4
v 1.9 5.8 -2.4
v 2.1 5.8 -2.4
v 2.2 5.8 -2.4
v 1.9 5.9 -1.7
v 2.1 5.9 -1.7
v 1.7 5.9 -1.8
v 1.9 5.9 -1.8
v 2.1 5.9 -1.8
v 2.3 5.9 -1.8
v 1.9 5.9 -1.9
v 2.1 5.9 -1.9
v 1.8 5.9 -2
v 1.9 5.9 -2
v 2.1 5.9 -2
v 2.2 5.9 -2
v 1.7 5.9 -2.2
v 1.8 5.9 -2.2
v 1.9 5.9 -2.2
v 2.1 5.9 -2.2
v 2.2 5.9 -2.2
v 2.3 5.9 -2.2
v 1.8 5.9 -2.3
v 1.9 5.9 -2.3
v 2.1 5.9 -2.3
v 2.2 5.9 -2.3
v 1.9 5.9 -2.4
v 2.1 5.9 -2.4
v 1.9 6 -1.9
v 2.1 6 -1.9
v 1.8 6 -2
v 1.9 6 -2
v 2.1 6 -2
v 2.2 6 -2
v 1.8 6 -2.2
v 1.9 6 -2.2
v 2.1 6 -2.2
v 2.2 6 -2.2
v 1.9 6 -2.3
v 2.1 6 -2.3

# faces
f 3/1/1 2/1/1 1/1/1
f 6/1/1 3/1/1 1/1/1
f 6/1/1 4/1/1 3/1/1
f 7/1/1 6/1/1 5/1/1
f 8/1/1 4/1/1 6/1/1
f 8/1/1 6/1/1 7/1/1
f 9/1/1 4/1/1 8/1/1
f 10/6/1 9/6/1 8/6/1
f 11/6/1 9/6/1 10/6/1
f 13/9/1 11/9/1 10/9/1
f 14/9/1 13/9/1 12/9/1
f 15/9/1 11/9/1 13/9/1
f 15/9/1 13/9/1 14/9/1
f 16/9/1 11/9/1 15/9/1
f 17/9/1 11/9/1 16/9/1
f 18/9/1 11/9/1 17/9/1
f 19/9/1 11/9/1 18/9/1
f 22/1/1 21/1/1 20/1/1
f 25/1/1 21/1/1 22/1/1
f 26/1/1 21/1/1 25/1/1
f 28/1/1 24/1/1 23/1/1
f 29/1/1 24/1/1 28/1/1
f 32/1/1 27/1/1 26/1/1
f 33/1/1 27/1/1 32/1/1
f 34/6/1 31/6/1 30/6/1
f 35/6/1 31/6/1 34/6/1
f 36/6/1 33/6/1 32/6/1
f 37/6/1 33/6/1 36/6/1
f 38/9/1 35/9/1 34/9/1
f 39/9/1 35/9/1 38/9/1
f 42/9/1 41/9/1 40/9/1
f 44/9/1 42/9/1 40/9/1
f 44/9/1 43/9/1 42/9/1
f 45/9/1 43/9/1 44/9/1
f 46/9/1 37/9/1 36/9/1
f 47/9/1 37/9/1 46/9/1
f 48/9/1 43/9/1 45/9/1
f 49/9/1 43/9/1 48/9/1
f 51/9/1 50/9/1 49/9/1
f 52/9/1 50/9/1 51/9/1
f 55/9/1 54/9/1 53/9/1
f 56/9/1 54/9/1 55/9/1
f 60/9/1 58/9/1 57/9/1
f 61/9/1 58/9/1 60/9/1
f 62/9/1 60/9/1 59/9/1
f 63/9/1 60/9/1 62/9/1
f 66/8/1 65/8/1 64/8/1
f 67/8/1 65/8/1 66/8/1
f 68/8/1 65/8/1 67/8/1
f 69/8/1 65/8/1 68/8/1
f 70/14/1 69/14/1 68/14/1
f 71/14/1 69/14/1 70/14/1
f 74/9/1 73/9/1 72/9/1
f 75/9/1 73/9/1 74/9/1
f 77/9/1 76/9/1 75/9/1
f 78/9/1 76/9/1 77/9/1
f 81/9/1 80/9/1 79/9/1
f 82/9/1 80/9/1 81/9/1
f 85/14/1 84/14/1 83/14/1
f 86/14/1 84/14/1 85/14/1
f 87/14/1 84/14/1 86/14/1
f 88/14/1 84/14/1 87/14/1
f 89/14/1 87/14/1 86/14/1
f 90/13/1 88/13/1 87/13/1
f 90/14/1 87/14/1 89/14/1
f 91/14/1 84/14/1 88/14/1
f 91/13/1 88/13/1 90/13/1
f 92/14/1 84/14/1 91/14/1
f 93/13/1 92/13/1 91/13/1
f 94/14/1 84/14/1 92/14/1
f 94/13/1 92/13/1 93/13/1
f 95/14/1 84/14/1 94/14/1
f 96/8/1 95/8/1 94/8/1
f 99/8/1 96/8/1 94/8/1
f 99/8/1 97/8/1 96/8/1
f 100/8/1 97/8/1 99/8/1
f 101/8/1 97/8/1 100/8/1
f 102/8/1 99/8/1 98/8/1
f 102/8/1 100/8/1 99/8/1
f 103/8/1 100/8/1 102/8/1
f 105/8/1 102/8/1 98/8/1
f 106/8/1 102/8/1 105/8/1
f 109/8/1 104/8/1 103/8/1
f 112/8/1 108/8/1 107/8/1
f 113/8/1 112/8/1 111/8/1
f 114/8/1 108/8/1 112/8/1
f 114/8/1 112/8/1 113/8/1
f 115/8/1 109/8/1 103/8/1
f 115/8/1 110/8/1 109/8/1
f 116/8/1 110/8/1 115/8/1
f 117/14/1 114/14/1 113/14/1
f 118/14/1 116/14/1 115/14/1
f 119/14/1 116/14/1 118/14/1
f 120/14/1 117/14/1 113/14/1
f 120/14/1 118/14/1 117/14/1
f 121/14/1 118/14/1 120/14/1
f 122/14/1 118/14/1 121/14/1
f 123/6/1 122/6/1 121/6/1
f 124/6/1 122/6/1 123/6/1
f 125/6/1 122/6/1 124/6/1
f 126/9/1 124/9/1 123/9/1
f 127/9/1 124/9/1 126/9/1
f 131/9/1 129/9/1 128/9/1
f 132/9/1 129/9/1 131/9/1
f 133/9/1 131/9/1 130/9/1
f 134/9/1 131/9/1 133/9/1
f 135/9/1 129/9/1 132/9/1
f 136/9/1 129/9/1 135/9/1
f 138/9/1 133/9/1 130/9/1
f 139/9/1 133/9/1 138/9/1
f 142/9/1 141/9/1 140/9/1
f 143/9/1 141/9/1 142/9/1
f 144/9/1 141/9/1 143/9/1
f 146/9/1 137/9/1 136/9/1
f 147/9/1 137/9/1 146/9/1
f 149/9/1 145/9/1 144/9/1
f 149/9/1 144/9/1 143/9/1
f 150/9/1 145/9/1 149/9/1
f 151/7/1 149/7/1 148/7/1
f 155/7/1 152/7/1 151/7/1
f 156/7/1 154/7/1 153/7/1
f 157/7/1 154/7/1 156/7/1
f 158/7/1 155/7/1 151/7/1
f 158/7/1 151/7/1 148/7/1
f 158/7/1 156/7/1 155/7/1
f 159/7/1 156/7/1 158/7/1
f 160/7/1 156/7/1 159/7/1
f 161/7/1 156/7/1 160/7/1
f 162/7/1 156/7/1 161/7/1
f 163/7/1 156/7/1 162/7/1
f 168/14/1 165/14/1 164/14/1
f 169/14/1 165/14/1 168/14/1
f 171/13/1 170/13/1 169/13/1
f 172/13/1 170/13/1 171/13/1
f 175/14/1 174/14/1 173/14/1
f 176/14/1 174/14/1 175/14/1
f 178/14/1 167/14/1 166/14/1
f 179/14/1 167/14/1 178/14/1
f 180/8/1 179/8/1 178/8/1
f 181/8/1 179/8/1 180/8/1
f 183/8/1 177/8/1 176/8/1
f 184/8/1 177/8/1 183/8/1
f 187/8/1 183/8/1 182/8/1
f 188/8/1 183/8/1 187/8/1
f 189/8/1 186/8/1 185/8/1
f 190/8/1 186/8/1 189/8/1
f 195/8/1 194/8/1 193/8/1
f 196/8/1 194/8/1 195/8/1
f 198/8/1 192/8/1 191/8/1
f 199/8/1 192/8/1 198/8/1
f 202/8/1 198/8/1 197/8/1
f 203/8/1 198/8/1 202/8/1
f 204/8/1 201/8/1 200/8/1
f 206/8/1 201/8/1 204/8/1
f 207/8/1 201/8/1 206/8/1
f 208/14/1 203/14/1 202/14/1
f 209/14/1 203/14/1 208/14/1
f 211/14/1 206/14/1 205/14/1
f 212/14/1 206/14/1 211/14/1
f 213/14/1 206/14/1 212/14/1
f 214/6/1 210/6/1 209/6/1
f 215/6/1 210/6/1 214/6/1
f 217/6/1 212/6/1 211/6/1
f 218/6/1 212/6/1 217/6/1
f 219/9/1 215/9/1 214/9/1
f 220/9/1 217/9/1 216/9/1
f 220/9/1 218/9/1 217/9/1
f 221/9/1 219/9/1 214/9/1
f 221/9/1 220/9/1 219/9/1
f 222/9/1 218/9/1 220/9/1
f 222/9/1 220/9/1 221/9/1
f 224/9/1 221/9/1 214/9/1
f 228/9/1 224/9/1 223/9/1
f 229/9/1 221/9/1 224/9/1
f 229/9/1 224/9/1 228/9/1
f 230/9/1 226/9/1 225/9/1
f 231/9/1 226/9/1 230/9/1
f 233/9/1 228/9/1 227/9/1
f 234/9/1 228/9/1 233/9/1
f 235/9/1 232/9/1 231/9/1
f 236/9/1 232/9/1 235/9/1
f 241/7/1 238/7/1 237/7/1
f 242/7/1 238/7/1 241/7/1
f 244/7/1 240/7/1 239/7/1
f 245/7/1 244/7/1 243/7/1
f 246/7/1 240/7/1 244/7/1
f 246/7/1 244/7/1 245/7/1
f 247/7/1 240/7/1 246/7/1
f 250/7/1 249/7/1 248/7/1
f 251/7/1 249/7/1 250/7/1
f 252/7/1 246/7/1 245/7/1
f 255/7/1 254/7/1 253/7/1
f 257/7/1 252/7/1 251/7/1
f 257/7/1 246/7/1 252/7/1
f 258/7/1 246/7/1 257/7/1
f 259/7/1 256/7/1 255/7/1
f 259/7/1 255/7/1 253/7/1
f 260/7/1 256/7/1 259/7/1
f 261/7/1 256/7/1 260/7/1
f 262/7/1 257/7/1 251/7/1
f 263/7/1 261/7/1 260/7/1
f 263/7/1 262/7/1 261/7/1
f 264/7/1 257/7/1 262/7/1
f 264/7/1 262/7/1 263/7/1
f 269/8/1 266/8/1 265/8/1
f 270/8/1 266/8/1 269/8/1
f 271/8/1 268/8/1 267/8/1
f 272/8/1 268/8/1 271/8/1
f 275/9/1 274/9/1 273/9/1
f 276/9/1 274/9/1 275/9/1
f 282/9/1 280/9/1 279/9/1
f 283/9/1 280/9/1 282/9/1
f 284/9/1 278/9/1 277/9/1
f 285/9/1 278/9/1 284/9/1
f 286/9/1 282/9/1 281/9/1
f 287/9/1 282/9/1 286/9/1
f 290/9/1 289/9/1 288/9/1
f 291/9/1 289/9/1 290/9/1
f 294/1/1 293/1/1 292/1/1
f 295/1/1 293/1/1 294/1/1
f 302/1/1 299/1/1 298/1/1
f 303/7/1 300/7/1 299/7/1
f 303/1/1 299/1/1 302/1/1
f 304/7/1 300/7/1 303/7/1
f 305/1/1 302/1/1 301/1/1
f 306/7/1 303/7/1 302/7/1
f 306/1/1 302/1/1 305/1/1
f 307/7/1 303/7/1 306/7/1
f 309/7/1 297/7/1 296/7/1
f 310/7/1 297/7/1 309/7/1
f 313/7/1 312/7/1 311/7/1
f 314/7/1 312/7/1 313/7/1
f 315/7/1 309/7/1 308/7/1
f 316/7/1 309/7/1 315/7/1
f 317/7/1 315/7/1 314/7/1
f 318/7/1 315/7/1 317/7/1
f 321/6/1 320/6/1 319/6/1
f 322/6/1 320/6/1 321/6/1
f 325/6/1 324/6/1 323/6/1
f 326/6/1 324/6/1 325/6/1
f 329/9/1 326/9/1 325/9/1
f 330/9/1 326/9/1 329/9/1
f 331/9/1 328/9/1 327/9/1
f 332/9/1 328/9/1 331/9/1
f 335/9/1 334/9/1 333/9/1
f 336/9/1 334/9/1 335/9/1
f 342/7/1 338/7/1 337/7/1
f 343/6/1 340/6/1 339/6/1
f 344/6/1 340/6/1 343/6/1
f 348/9/1 342/9/1 341/9/1
f 349/7/1 338/7/1 342/7/1
f 349/9/1 342/9/1 348/9/1
f 350/7/1 338/7/1 349/7/1
f 352/1/1 345/1/1 344/1/1
f 353/1/1 345/1/1 352/1/1
f 354/1/1 347/1/1 346/1/1
f 354/1/1 348/1/1 347/1/1
f 355/1/1 348/1/1 354/1/1
f 356/7/1 349/7/1 348/7/1
f 356/1/1 348/1/1 355/1/1
f 357/7/1 349/7/1 356/7/1
f 358/1/1 353/1/1 352/1/1
f 358/1/1 352/1/1 351/1/1
f 358/1/1 354/1/1 353/1/1
f 359/1/1 354/1/1 358/1/1
f 360/7/1 355/7/1 354/7/1
f 360/1/1 354/1/1 359/1/1
f 361/7/1 355/7/1 360/7/1
f 365/7/1 363/7/1 362/7/1
f 366/7/1 363/7/1 365/7/1
f 368/7/1 365/7/1 364/7/1
f 369/7/1 365/7/1 368/7/1
f 371/7/1 368/7/1 367/7/1
f 372/7/1 368/7/1 371/7/1
f 373/7/1 371/7/1 370/7/1
f 374/7/1 371/7/1 373/7/1
f 377/14/1 376/14/1 375/14/1
f 378/14/1 376/14/1 377/14/1
f 381/9/1 380/9/1 379/9/1
f 382/9/1 380/9/1 381/9/1
f 387/1/1 386/1/1 385/1/1
f 388/1/1 386/1/1 387/1/1
f 389/7/1 384/7/1 383/7/1
f 390/7/1 384/7/1 389/7/1
f 393/1/1 392/1/1 391/1/1
f 394/1/1 392/1/1 393/1/1
f 397/7/1 396/7/1 395/7/1
f 398/7/1 396/7/1 397/7/1
f 403/7/1 400/7/1 399/7/1
f 404/7/1 400/7/1 403/7/1
f 408/7/1 402/7/1 401/7/1
f 409/7/1 402/7/1 408/7/1
f 410/7/1 406/7/1 405/7/1
f 411/7/1 406/7/1 410/7/1
f 412/7/1 408/7/1 407/7/1
f 413/7/1 408/7/1 412/7/1
f 417/8/1 415/8/1 414/8/1
f 418/8/1 415/8/1 417/8/1
f 418/8/1 417/8/1 416/8/1
f 421/8/1 418/8/1 416/8/1
f 421/8/1 419/8/1 418/8/1
f 422/8/1 419/8/1 421/8/1
f 424/8/1 421/8/1 420/8/1
f 424/8/1 423/8/1 422/8/1
f 424/8/1 422/8/1 421/8/1
f 425/8/1 423/8/1 424/8/1
f 427/8/1 424/8/1 420/8/1
f 428/8/1 424/8/1 427/8/1
f 430/8/1 426/8/1 425/8/1
f 431/8/1 426/8/1 430/8/1
f 432/8/1 430/8/1 429/8/1
f 433/8/1 430/8/1 432/8/1
f 438/9/1 435/9/1 434/9/1
f 439/9/1 435/9/1 438/9/1
f 440/9/1 437/9/1 436/9/1
f 441/9/1 437/9/1 440/9/1
f 442/7/1 441/7/1 440/7/1
f 443/7/1 441/7/1 442/7/1
f 446/7/1 445/7/1 444/7/1
f 447/7/1 445/7/1 446/7/1
f 450/7/1 449/7/1 448/7/1
f 451/7/1 449/7/1 450/7/1
f 454/14/1 453/14/1 452/14/1
f 455/14/1 453/14/1 454/14/1
f 456/14/1 453/14/1 455/14/1
f 457/14/1 453/14/1 456/14/1
f 458/14/1 456/14/1 455/14/1
f 459/13/1 457/13/1 456/13/1
f 459/14/1 456/14/1 458/14/1
f 460/14/1 453/14/1 457/14/1
f 460/13/1 457/13/1 459/13/1
f 461/14/1 453/14/1 460/14/1
f 462/13/1 461/13/1 460/13/1
f 463/14/1 453/14/1 461/14/1
f 463/13/1 461/13/1 462/13/1
f 464/14/1 453/14/1 463/14/1
f 465/8/1 464/8/1 463/8/1
f 468/8/1 465/8/1 463/8/1
f 468/8/1 466/8/1 465/8/1
f 469/8/1 468/8/1 467/8/1
f 470/8/1 466/8/1 468/8/1
f 470/8/1 468/8/1 469/8/1
f 471/8/1 466/8/1 470/8/1
f 472/8/1 466/8/1 471/8/1
f 473/8/1 471/8/1 470/8/1
f 474/8/1 471/8/1 473/8/1
f 475/8/1 466/8/1 472/8/1
f 476/8/1 466/8/1 475/8/1
f 480/8/1 478/8/1 477/8/1
f 481/8/1 478/8/1 480/8/1
f 484/8/1 483/8/1 482/8/1
f 485/8/1 483/8/1 484/8/1
f 486/8/1 480/8/1 479/8/1
f 487/8/1 480/8/1 486/8/1
f 491/8/1 489/8/1 488/8/1
f 492/8/1 489/8/1 491/8/1
f 493/14/1 491/14/1 490/14/1
f 494/14/1 491/14/1 493/14/1
f 497/9/1 496/9/1 495/9/1
f 498/9/1 496/9/1 497/9/1
f 503/14/1 500/14/1 499/14/1
f 504/14/1 500/14/1 503/14/1
f 506/13/1 505/13/1 504/13/1
f 507/13/1 505/13/1 506/13/1
f 510/14/1 509/14/1 508/14/1
f 511/14/1 509/14/1 510/14/1
f 513/14/1 502/14/1 501/14/1
f 514/14/1 502/14/1 513/14/1
f 515/8/1 514/8/1 513/8/1
f 516/8/1 514/8/1 515/8/1
f 518/8/1 512/8/1 511/8/1
f 519/8/1 512/8/1 518/8/1
f 520/8/1 518/8/1 517/8/1
f 521/8/1 518/8/1 520/8/1
f 525/8/1 522/8/1 521/8/1
f 526/8/1 522/8/1 525/8/1
f 527/8/1 524/8/1 523/8/1
f 528/8/1 524/8/1 527/8/1
f 530/8/1 529/8/1 528/8/1
f 531/8/1 529/8/1 530/8/1
f 536/7/1 533/7/1 532/7/1
f 538/7/1 535/7/1 534/7/1
f 540/7/1 536/7/1 532/7/1
f 541/7/1 536/7/1 540/7/1
f 542/7/1 538/7/1 537/7/1
f 542/7/1 535/7/1 538/7/1
f 543/7/1 535/7/1 542/7/1
f 544/7/1 540/7/1 539/7/1
f 545/7/1 540/7/1 544/7/1
f 546/7/1 542/7/1 537/7/1
f 547/7/1 542/7/1 546/7/1
f 550/7/1 549/7/1 548/7/1
f 551/7/1 549/7/1 550/7/1
f 554/7/1 553/7/1 552/7/1
f 555/7/1 553/7/1 554/7/1
f 561/7/1 556/7/1 555/7/1
f 561/7/1 557/7/1 556/7/1
f 562/7/1 557/7/1 561/7/1
f 563/7/1 561/7/1 560/7/1
f 564/7/1 557/7/1 562/7/1
f 565/7/1 557/7/1 564/7/1
f 566/7/1 559/7/1 558/7/1
f 567/7/1 559/7/1 566/7/1
f 568/7/1 565/7/1 564/7/1
f 568/7/1 563/7/1 560/7/1
f 568/7/1 564/7/1 563/7/1
f 569/7/1 565/7/1 568/7/1
f 570/7/1 568/7/1 560/7/1
f 571/7/1 568/7/1 570/7/1
f 574/6/1 573/6/1 572/6/1
f 575/6/1 573/6/1 574/6/1
f 577/9/1 575/9/1 574/9/1
f 578/9/1 575/9/1 577/9/1
f 578/9/1 577/9/1 576/9/1
f 580/9/1 578/9/1 576/9/1
f 580/9/1 579/9/1 578/9/1
f 581/9/1 579/9/1 580/9/1
f 582/9/1 579/9/1 581/9/1
f 583/9/1 579/9/1 582/9/1
f 585/9/1 582/9/1 581/9/1
f 586/9/1 582/9/1 585/9/1
f 588/9/1 585/9/1 584/9/1
f 589/9/1 585/9/1 588/9/1
f 590/9/1 579/9/1 583/9/1
f 591/9/1 579/9/1 590/9/1
f 592/9/1 588/9/1 587/9/1
f 593/9/1 588/9/1 592/9/1
f 598/1/1 595/1/1 594/1/1
f 600/1/1 597/1/1 596/1/1
f 601/1/1 599/1/1 598/1/1
f 601/1/1 598/1/1 594/1/1
f 602/1/1 600/1/1 596/1/1
f 602/1/1 601/1/1 600/1/1
f 603/1/1 601/1/1 602/1/1
f 604/1/1 599/1/1 601/1/1
f 604/1/1 601/1/1 603/1/1
f 605/1/1 599/1/1 604/1/1
f 606/6/1 603/6/1 602/6/1
f 607/6/1 603/6/1 606/6/1
f 608/6/1 605/6/1 604/6/1
f 609/6/1 605/6/1 608/6/1
f 610/9/1 607/9/1 606/9/1
f 611/9/1 607/9/1 610/9/1
f 612/9/1 609/9/1 608/9/1
f 613/9/1 609/9/1 612/9/1
f 616/9/1 615/9/1 614/9/1
f 617/9/1 615/9/1 616/9/1
f 620/1/1 619/1/1 618/1/1
f 621/1/1 619/1/1 620/1/1
f 622/1/1 619/1/1 621/1/1
f 623/1/2 624/1/2 625/1/2
f 625/1/2 624/1/2 626/1/2
f 626/1/2 624/1/2 627/1/2
f 628/1/2 629/1/2 632/1/2
f 630/1/2 631/1/2 634/1/2
f 632/1/2 633/1/2 635/1/2
f 628/1/2 632/1/2 635/1/2
f 630/1/2 634/1/2 636/1/2
f 634/1/2 635/1/2 636/1/2
f 636/1/2 635/1/2 637/1/2
f 635/1/2 633/1/2 638/1/2
f 637/1/2 635/1/2 638/1/2
f 638/1/2 633/1/2 639/1/2
f 636/6/2 637/6/2 640/6/2
f 640/6/2 637/6/2 641/6/2
f 638/6/2 639/6/2 642/6/2
f 642/6/2 639/6/2 643/6/2
f 640/9/2 641/9/2 644/9/2
f 644/9/2 641/9/2 645/9/2
f 642/9/2 643/9/2 646/9/2
f 646/9/2 643/9/2 647/9/2
f 648/9/2 649/9/2 650/9/2
f 650/9/2 649/9/2 651/9/2
f 652/6/2 653/6/2 654/6/2
f 654/6/2 653/6/2 655/6/2
f 654/9/2 655/9/2 657/9/2
f 657/9/2 655/9/2 658/9/2
f 656/9/2 657/9/2 658/9/2
f 656/9/2 658/9/2 660/9/2
f 658/9/2 659/9/2 660/9/2
f 660/9/2 659/9/2 661/9/2
f 661/9/2 659/9/2 663/9/2
f 663/9/2 659/9/2 664/9/2
f 662/9/2 663/9/2 666/9/2
f 666/9/2 663/9/2 667/9/2
f 664/9/2 659/9/2 668/9/2
f 668/9/2 659/9/2 669/9/2
f 665/9/2 666/9/2 670/9/2
f 670/9/2 666/9/2 671/9/2
f 672/7/2 673/7/2 674/7/2
f 674/7/2 673/7/2 675/7/2
f 675/7/2 676/7/2 681/7/2
f 676/7/2 677/7/2 681/7/2
f 681/7/2 677/7/2 682/7/2
f 680/7/2 681/7/2 683/7/2
f 682/7/2 677/7/2 684/7/2
f 684/7/2 677/7/2 685/7/2
f 678/7/2 679/7/2 686/7/2
f 686/7/2 679/7/2 687/7/2
f 684/7/2 685/7/2 688/7/2
f 680/7/2 683/7/2 688/7/2
f 683/7/2 684/7/2 688/7/2
f 688/7/2 685/7/2 689/7/2
f 680/7/2 688/7/2 690/7/2
f 690/7/2 688/7/2 691/7/2
f 692/14/2 693/14/2 696/14/2
f 696/14/2 693/14/2 697/14/2
f 697/13/2 698/13/2 699/13/2
f 699/13/2 698/13/2 700/13/2
f 701/14/2 702/14/2 703/14/2
f 703/14/2 702/14/2 704/14/2
f 694/14/2 695/14/2 706/14/2
f 706/14/2 695/14/2 707/14/2
f 706/8/2 707/8/2 708/8/2
f 708/8/2 707/8/2 709/8/2
f 704/8/2 705/8/2 711/8/2
f 711/8/2 705/8/2 712/8/2
f 710/8/2 711/8/2 713/8/2
f 713/8/2 711/8/2 714/8/2
f 714/8/2 715/8/2 718/8/2
f 718/8/2 715/8/2 719/8/2
f 716/8/2 717/8/2 720/8/2
f 720/8/2 717/8/2 721/8/2
f 721/8/2 722/8/2 723/8/2
f 723/8/2 722/8/2 724/8/2
f 725/7/2 726/7/2 729/7/2
f 727/7/2 728/7/2 731/7/2
f 725/7/2 729/7/2 733/7/2
f 733/7/2 729/7/2 734/7/2
f 730/7/2 731/7/2 735/7/2
f 731/7/2 728/7/2 735/7/2
f 735/7/2 728/7/2 736/7/2
f 732/7/2 733/7/2 737/7/2
f 737/7/2 733/7/2 738/7/2
f 730/7/2 735/7/2 739/7/2
f 739/7/2 735/7/2 740/7/2
f 741/7/2 742/7/2 743/7/2
f 743/7/2 742/7/2 744/7/2
f 745/14/2 746/14/2 747/14/2
f 747/14/2 746/14/2 748/14/2
f 748/14/2 746/14/2 749/14/2
f 749/14/2 746/14/2 750/14/2
f 748/14/2 749/14/2 751/14/2
f 749/13/2 750/13/2 752/13/2
f 751/14/2 749/14/2 752/14/2
f 750/14/2 746/14/2 753/14/2
f 752/13/2 750/13/2 753/13/2
f 753/14/2 746/14/2 754/14/2
f 753/13/2 754/13/2 755/13/2
f 754/14/2 746/14/2 756/14/2
f 755/13/2 754/13/2 756/13/2
f 756/14/2 746/14/2 757/14/2
f 756/8/2 757/8/2 758/8/2
f 756/8/2 758/8/2 761/8/2
f 758/8/2 759/8/2 761/8/2
f 760/8/2 761/8/2 762/8/2
f 761/8/2 759/8/2 763/8/2
f 762/8/2 761/8/2 763/8/2
f 763/8/2 759/8/2 764/8/2
f 764/8/2 759/8/2 765/8/2
f 763/8/2 764/8/2 766/8/2
f 766/8/2 764/8/2 767/8/2
f 765/8/2 759/8/2 768/8/2
f 768/8/2 759/8/2 769/8/2
f 770/8/2 771/8/2 773/8/2
f 773/8/2 771/8/2 774/8/2
f 775/8/2 776/8/2 777/8/2
f 777/8/2 776/8/2 778/8/2
f 772/8/2 773/8/2 779/8/2
f 779/8/2 773/8/2 780/8/2
f 781/8/2 782/8/2 784/8/2
f 784/8/2 782/8/2 785/8/2
f 783/14/2 784/14/2 786/14/2
f 786/14/2 784/14/2 787/14/2
f 788/9/2 789/9/2 790/9/2
f 790/9/2 789/9/2 791/9/2
f 792/8/2 793/8/2 795/8/2
f 795/8/2 793/8/2 796/8/2
f 794/8/2 795/8/2 796/8/2
f 794/8/2 796/8/2 799/8/2
f 796/8/2 797/8/2 799/8/2
f 799/8/2 797/8/2 800/8/2
f 798/8/2 799/8/2 802/8/2
f 800/8/2 801/8/2 802/8/2
f 799/8/2 800/8/2 802/8/2
f 802/8/2 801/8/2 803/8/2
f 798/8/2 802/8/2 805/8/2
f 805/8/2 802/8/2 806/8/2
f 803/8/2 804/8/2 808/8/2
f 808/8/2 804/8/2 809/8/2
f 807/8/2 808/8/2 810/8/2
f 810/8/2 808/8/2 811/8/2
f 812/9/2 813/9/2 816/9/2
f 816/9/2 813/9/2 817/9/2
f 814/9/2 815/9/2 818/9/2
f 818/9/2 815/9/2 819/9/2
f 818/7/2 819/7/2 820/7/2
f 820/7/2 819/7/2 821/7/2
f 822/7/2 823/7/2 824/7/2
f 824/7/2 823/7/2 825/7/2
f 826/7/2 827/7/2 828/7/2
f 828/7/2 827/7/2 829/7/2
f 830/14/2 831/14/2 832/14/2
f 832/14/2 831/14/2 833/14/2
f 834/9/2 835/9/2 836/9/2
f 836/9/2 835/9/2 837/9/2
f 840/1/2 841/1/2 842/1/2
f 842/1/2 841/1/2 843/1/2
f 838/7/2 839/7/2 844/7/2
f 844/7/2 839/7/2 845/7/2
f 846/1/2 847/1/2 848/1/2
f 848/1/2 847/1/2 849/1/2
f 850/7/2 851/7/2 852/7/2
f 852/7/2 851/7/2 853/7/2
f 854/7/2 855/7/2 858/7/2
f 858/7/2 855/7/2 859/7/2
f 856/7/2 857/7/2 863/7/2
f 863/7/2 857/7/2 864/7/2
f 860/7/2 861/7/2 865/7/2
f 865/7/2 861/7/2 866/7/2
f 862/7/2 863/7/2 867/7/2
f 867/7/2 863/7/2 868/7/2
f 869/6/2 870/6/2 871/6/2
f 871/6/2 870/6/2 872/6/2
f 873/6/2 874/6/2 875/6/2
f 875/6/2 874/6/2 876/6/2
f 875/9/2 876/9/2 879/9/2
f 879/9/2 876/9/2 880/9/2
f 877/9/2 878/9/2 881/9/2
f 881/9/2 878/9/2 882/9/2
f 883/9/2 884/9/2 885/9/2
f 885/9/2 884/9/2 886/9/2
f 887/7/2 888/7/2 892/7/2
f 889/6/2 890/6/2 893/6/2
f 893/6/2 890/6/2 894/6/2
f 891/9/2 892/9/2 898/9/2
f 892/7/2 888/7/2 899/7/2
f 898/9/2 892/9/2 899/9/2
f 899/7/2 888/7/2 900/7/2
f 894/1/2 895/1/2 902/1/2
f 902/1/2 895/1/2 903/1/2
f 896/1/2 897/1/2 904/1/2
f 897/1/2 898/1/2 904/1/2
f 904/1/2 898/1/2 905/1/2
f 898/7/2 899/7/2 906/7/2
f 905/1/2 898/1/2 906/1/2
f 906/7/2 899/7/2 907/7/2
f 902/1/2 903/1/2 908/1/2
f 901/1/2 902/1/2 908/1/2
f 903/1/2 904/1/2 908/1/2
f 908/1/2 904/1/2 909/1/2
f 904/7/2 905/7/2 910/7/2
f 909/1/2 904/1/2 910/1/2
f 910/7/2 905/7/2 911/7/2
f 912/7/2 913/7/2 915/7/2
f 915/7/2 913/7/2 916/7/2
f 914/7/2 915/7/2 918/7/2
f 918/7/2 915/7/2 919/7/2
f 917/7/2 918/7/2 921/7/2
f 921/7/2 918/7/2 922/7/2
f 920/7/2 921/7/2 923/7/2
f 923/7/2 921/7/2 924/7/2
f 925/8/2 926/8/2 929/8/2
f 929/8/2 926/8/2 930/8/2
f 927/8/2 928/8/2 931/8/2
f 931/8/2 928/8/2 932/8/2
f 933/9/2 934/9/2 935/9/2
f 935/9/2 934/9/2 936/9/2
f 939/9/2 940/9/2 942/9/2
f 942/9/2 940/9/2 943/9/2
f 937/9/2 938/9/2 944/9/2
f 944/9/2 938/9/2 945/9/2
f 941/9/2 942/9/2 946/9/2
f 946/9/2 942/9/2 947/9/2
f 948/9/2 949/9/2 950/9/2
f 950/9/2 949/9/2 951/9/2
f 952/1/2 953/1/2 954/1/2
f 954/1/2 953/1/2 955/1/2
f 958/1/2 959/1/2 962/1/2
f 959/7/2 960/7/2 963/7/2
f 962/1/2 959/1/2 963/1/2
f 963/7/2 960/7/2 964/7/2
f 961/1/2 962/1/2 965/1/2
f 962/7/2 963/7/2 966/7/2
f 965/1/2 962/1/2 966/1/2
f 966/7/2 963/7/2 967/7/2
f 956/7/2 957/7/2 969/7/2
f 969/7/2 957/7/2 970/7/2
f 971/7/2 972/7/2 973/7/2
f 973/7/2 972/7/2 974/7/2
f 968/7/2 969/7/2 975/7/2
f 975/7/2 969/7/2 976/7/2
f 974/7/2 975/7/2 977/7/2
f 977/7/2 975/7/2 978/7/2
f 979/14/2 980/14/2 983/14/2
f 983/14/2 980/14/2 984/14/2
f 984/13/2 985/13/2 986/13/2
f 986/13/2 985/13/2 987/13/2
f 988/14/2 989/14/2 990/14/2
f 990/14/2 989/14/2 991/14/2
f 981/14/2 982/14/2 993/14/2
f 993/14/2 982/14/2 994/14/2
f 993/8/2 994/8/2 995/8/2
f 995/8/2 994/8/2 996/8/2
f 991/8/2 992/8/2 998/8/2
f 998/8/2 992/8/2 999/8/2
f 997/8/2 998/8/2 1002/8/2
f 1002/8/2 998/8/2 1003/8/2
f 1000/8/2 1001/8/2 1004/8/2
f 1004/8/2 1001/8/2 1005/8/2
f 1008/8/2 1009/8/2 1010/8/2
f 1010/8/2 1009/8/2 1011/8/2
f 1006/8/2 1007/8/2 1013/8/2
f 1013/8/2 1007/8/2 1014/8/2
f 1012/8/2 1013/8/2 1017/8/2
f 1017/8/2 1013/8/2 1018/8/2
f 1015/8/2 1016/8/2 1019/8/2
f 1019/8/2 1016/8/2 1021/8/2
f 1021/8/2 1016/8/2 1022/8/2
f 1017/14/2 1018/14/2 1023/14/2
f 1023/14/2 1018/14/2 1024/14/2
f 1020/14/2 1021/14/2 1026/14/2
f 1026/14/2 1021/14/2 1027/14/2
f 1027/14/2 1021/14/2 1028/14/2
f 1024/6/2 1025/6/2 1029/6/2
f 1029/6/2 1025/6/2 1030/6/2
f 1026/6/2 1027/6/2 1032/6/2
f 1032/6/2 1027/6/2 1033/6/2
f 1029/9/2 1030/9/2 1034/9/2
f 1031/9/2 1032/9/2 1035/9/2
f 1032/9/2 1033/9/2 1035/9/2
f 1029/9/2 1034/9/2 1037/9/2
f 1034/9/2 1035/9/2 1037/9/2
f 1037/9/2 1035/9/2 1038/9/2
f 1035/9/2 1033/9/2 1039/9/2
f 1038/9/2 1035/9/2 1039/9/2
f 1037/9/2 1038/9/2 1042/9/2
f 1036/9/2 1037/9/2 1042/9/2
f 1042/9/2 1038/9/2 1043/9/2
f 1039/9/2 1040/9/2 1044/9/2
f 1044/9/2 1040/9/2 1045/9/2
f 1041/9/2 1042/9/2 1047/9/2
f 1047/9/2 1042/9/2 1048/9/2
f 1045/9/2 1046/9/2 1049/9/2
f 1049/9/2 1046/9/2 1050/9/2
f 1051/7/2 1052/7/2 1055/7/2
f 1055/7/2 1052/7/2 1056/7/2
f 1053/7/2 1054/7/2 1058/7/2
f 1057/7/2 1058/7/2 1059/7/2
f 1058/7/2 1054/7/2 1060/7/2
f 1059/7/2 1058/7/2 1060/7/2
f 1060/7/2 1054/7/2 1061/7/2
f 1062/7/2 1063/7/2 1064/7/2
f 1064/7/2 1063/7/2 1065/7/2
f 1059/7/2 1060/7/2 1066/7/2
f 1067/7/2 1068/7/2 1069/7/2
f 1065/7/2 1066/7/2 1071/7/2
f 1066/7/2 1060/7/2 1071/7/2
f 1071/7/2 1060/7/2 1072/7/2
f 1069/7/2 1070/7/2 1073/7/2
f 1067/7/2 1069/7/2 1073/7/2
f 1073/7/2 1070/7/2 1074/7/2
f 1074/7/2 1070/7/2 1075/7/2
f 1065/7/2 1071/7/2 1076/7/2
f 1074/7/2 1075/7/2 1077/7/2
f 1075/7/2 1076/7/2 1077/7/2
f 1076/7/2 1071/7/2 1078/7/2
f 1077/7/2 1076/7/2 1078/7/2
f 1079/14/2 1080/14/2 1081/14/2
f 1081/14/2 1080/14/2 1082/14/2
f 1082/14/2 1080/14/2 1083/14/2
f 1083/14/2 1080/14/2 1084/14/2
f 1082/14/2 1083/14/2 1085/14/2
f 1083/13/2 1084/13/2 1086/13/2
f 1085/14/2 1083/14/2 1086/14/2
f 1084/14/2 1080/14/2 1087/14/2
f 1086/13/2 1084/13/2 1087/13/2
f 1087/14/2 1080/14/2 1088/14/2
f 1087/13/2 1088/13/2 1089/13/2
f 1088/14/2 1080/14/2 1090/14/2
f 1089/13/2 1088/13/2 1090/13/2
f 1090/14/2 1080/14/2 1091/14/2
f 1090/8/2 1091/8/2 1092/8/2
f 1090/8/2 1092/8/2 1095/8/2
f 1092/8/2 1093/8/2 1095/8/2
f 1095/8/2 1093/8/2 1096/8/2
f 1096/8/2 1093/8/2 1097/8/2
f 1094/8/2 1095/8/2 1098/8/2
f 1095/8/2 1096/8/2 1098/8/2
f 1098/8/2 1096/8/2 1099/8/2
f 1094/8/2 1098/8/2 1101/8/2
f 1101/8/2 1098/8/2 1102/8/2
f 1099/8/2 1100/8/2 1105/8/2
f 1103/8/2 1104/8/2 1108/8/2
f 1107/8/2 1108/8/2 1109/8/2
f 1108/8/2 1104/8/2 1110/8/2
f 1109/8/2 1108/8/2 1110/8/2
f 1099/8/2 1105/8/2 1111/8/2
f 1105/8/2 1106/8/2 1111/8/2
f 1111/8/2 1106/8/2 1112/8/2
f 1109/14/2 1110/14/2 1113/14/2
f 1111/14/2 1112/14/2 1114/14/2
f 1114/14/2 1112/14/2 1115/14/2
f 1109/14/2 1113/14/2 1116/14/2
f 1113/14/2 1114/14/2 1116/14/2
f 1116/14/2 1114/14/2 1117/14/2
f 1117/14/2 1114/14/2 1118/14/2
f 1117/6/2 1118/6/2 1119/6/2
f 1119/6/2 1118/6/2 1120/6/2
f 1120/6/2 1118/6/2 1121/6/2
f 1119/9/2 1120/9/2 1122/9/2
f 1122/9/2 1120/9/2 1123/9/2
f 1124/9/2 1125/9/2 1129/9/2
f 1129/9/2 1125/9/2 1130/9/2
f 1128/9/2 1129/9/2 1131/9/2
f 1131/9/2 1129/9/2 1132/9/2
f 1126/9/2 1127/9/2 1133/9/2
f 1133/9/2 1127/9/2 1134/9/2
f 1128/9/2 1131/9/2 1136/9/2
f 1136/9/2 1131/9/2 1137/9/2
f 1138/9/2 1139/9/2 1140/9/2
f 1140/9/2 1139/9/2 1141/9/2
f 1141/9/2 1139/9/2 1142/9/2
f 1134/9/2 1135/9/2 1144/9/2
f 1144/9/2 1135/9/2 1145/9/2
f 1142/9/2 1143/9/2 1147/9/2
f 1141/9/2 1142/9/2 1147/9/2
f 1147/9/2 1143/9/2 1148/9/2
f 1146/7/2 1147/7/2 1149/7/2
f 1149/7/2 1150/7/2 1153/7/2
f 1151/7/2 1152/7/2 1154/7/2
f 1154/7/2 1152/7/2 1155/7/2
f 1149/7/2 1153/7/2 1156/7/2
f 1146/7/2 1149/7/2 1156/7/2
f 1153/7/2 1154/7/2 1156/7/2
f 1156/7/2 1154/7/2 1157/7/2
f 1157/7/2 1154/7/2 1158/7/2
f 1158/7/2 1154/7/2 1159/7/2
f 1159/7/2 1154/7/2 1160/7/2
f 1160/7/2 1154/7/2 1161/7/2
f 1162/8/2 1163/8/2 1164/8/2
f 1164/8/2 1163/8/2 1165/8/2
f 1165/8/2 1163/8/2 1166/8/2
f 1166/8/2 1163/8/2 1167/8/2
f 1166/14/2 1167/14/2 1168/14/2
f 1168/14/2 1167/14/2 1169/14/2
f 1170/9/2 1171/9/2 1172/9/2
f 1172/9/2 1171/9/2 1173/9/2
f 1173/9/2 1174/9/2 1175/9/2
f 1175/9/2 1174/9/2 1176/9/2
f 1177/9/2 1178/9/2 1179/9/2
f 1179/9/2 1178/9/2 1180/9/2
f 1181/9/2 1182/9/2 1183/9/2
f 1183/9/2 1182/9/2 1184/9/2
f 1185/9/2 1186/9/2 1188/9/2
f 1188/9/2 1186/9/2 1189/9/2
f 1187/9/2 1188/9/2 1190/9/2
f 1190/9/2 1188/9/2 1191/9/2
f 1192/1/2 1193/1/2 1194/1/2
f 1194/1/2 1193/1/2 1197/1/2
f 1197/1/2 1193/1/2 1198/1/2
f 1195/1/2 1196/1/2 1200/1/2
f 1200/1/2 1196/1/2 1201/1/2
f 1198/1/2 1199/1/2 1204/1/2
f 1204/1/2 1199/1/2 1205/1/2
f 1202/6/2 1203/6/2 1206/6/2
f 1206/6/2 1203/6/2 1207/6/2
f 1204/6/2 1205/6/2 1208/6/2
f 1208/6/2 1205/6/2 1209/6/2
f 1206/9/2 1207/9/2 1210/9/2
f 1210/9/2 1207/9/2 1211/9/2
f 1212/9/2 1213/9/2 1214/9/2
f 1212/9/2 1214/9/2 1216/9/2
f 1214/9/2 1215/9/2 1216/9/2
f 1216/9/2 1215/9/2 1217/9/2
f 1217/9/2 1215/9/2 1218/9/2
f 1208/9/2 1209/9/2 1219/9/2
f 1219/9/2 1209/9/2 1220/9/2
f 1217/9/2 1218/9/2 1221/9/2
f 1218/9/2 1219/9/2 1221/9/2
f 1221/9/2 1219/9/2 1222/9/2
f 1222/9/2 1219/9/2 1223/9/2
f 1223/9/2 1219/9/2 1224/9/2
f 1225/1/2 1226/1/2 1227/1/2
f 1225/1/2 1227/1/2 1230/1/2
f 1227/1/2 1228/1/2 1230/1/2
f 1229/1/2 1230/1/2 1231/1/2
f 1230/1/2 1228/1/2 1232/1/2
f 1231/1/2 1230/1/2 1232/1/2
f 1232/1/2 1228/1/2 1233/1/2
f 1232/6/2 1233/6/2 1234/6/2
f 1234/6/2 1233/6/2 1235/6/2
f 1234/9/2 1235/9/2 1237/9/2
f 1236/9/2 1237/9/2 1238/9/2
f 1237/9/2 1235/9/2 1239/9/2
f 1238/9/2 1237/9/2 1239/9/2
f 1239/9/2 1235/9/2 1240/9/2
f 1240/9/2 1235/9/2 1241/9/2
f 1241/9/2 1235/9/2 1242/9/2
f 1242/9/2 1235/9/2 1243/9/2
f 1246/14/3 1245/14/3 1244/14/3
f 1247/14/3 1245/14/3 1246/14/3
f 1250/14/3 1249/14/3 1248/14/3
f 1251/14/3 1249/14/3 1250/14/3
f 1254/14/3 1253/14/3 1252/14/3
f 1255/14/3 1253/14/3 1254/14/3
f 1258/13/3 1256/13/3 1255/13/3
f 1259/13/3 1256/13/3 1258/13/3
f 1260/14/3 1258/14/3 1257/14/3
f 1261/14/3 1258/14/3 1260/14/3
f 1264/14/3 1263/14/3 1262/14/3
f 1265/14/3 1263/14/3 1264/14/3
f 1268/13/3 1266/13/3 1265/13/3
f 1269/13/3 1266/13/3 1268/13/3
f 1270/14/3 1268/14/3 1267/14/3
f 1271/14/3 1268/14/3 1270/14/3
f 1276/14/3 1273/14/3 1272/14/3
f 1277/14/3 1273/14/3 1276/14/3
f 1280/7/3 1275/7/3 1274/7/3
f 1281/7/3 1275/7/3 1280/7/3
f 1282/7/3 1275/7/3 1281/7/3
f 1283/7/3 1275/7/3 1282/7/3
f 1288/9/3 1279/9/3 1278/9/3
f 1289/7/3 1282/7/3 1281/7/3
f 1290/7/3 1282/7/3 1289/7/3
f 1291/7/3 1284/7/3 1283/7/3
f 1292/7/3 1284/7/3 1291/7/3
f 1294/14/3 1286/14/3 1285/14/3
f 1295/14/3 1286/14/3 1294/14/3
f 1296/9/3 1288/9/3 1287/9/3
f 1296/9/3 1279/9/3 1288/9/3
f 1297/9/3 1279/9/3 1296/9/3
f 1298/9/3 1296/9/3 1287/9/3
f 1299/9/3 1296/9/3 1298/9/3
f 1302/7/3 1293/7/3 1292/7/3
f 1303/7/3 1293/7/3 1302/7/3
f 1305/9/3 1298/9/3 1287/9/3
f 1307/1/3 1301/1/3 1300/1/3
f 1308/1/3 1301/1/3 1307/1/3
f 1310/7/3 1304/7/3 1303/7/3
f 1311/7/3 1304/7/3 1310/7/3
f 1314/9/3 1306/9/3 1305/9/3
f 1316/14/3 1313/14/3 1312/14/3
f 1317/14/3 1313/14/3 1316/14/3
f 1318/9/3 1315/9/3 1314/9/3
f 1318/9/3 1305/9/3 1287/9/3
f 1318/9/3 1314/9/3 1305/9/3
f 1319/9/3 1315/9/3 1318/9/3
f 1323/7/3 1310/7/3 1309/7/3
f 1324/7/3 1310/7/3 1323/7/3
f 1327/9/3 1315/9/3 1319/9/3
f 1328/9/3 1315/9/3 1327/9/3
f 1330/7/3 1321/7/3 1320/7/3
f 1331/7/3 1321/7/3 1330/7/3
f 1332/7/3 1323/7/3 1322/7/3
f 1333/7/3 1323/7/3 1332/7/3
f 1334/14/3 1326/14/3 1325/14/3
f 1335/14/3 1326/14/3 1334/14/3
f 1336/7/3 1331/7/3 1330/7/3
f 1336/7/3 1332/7/3 1331/7/3
f 1336/7/3 1330/7/3 1329/7/3
f 1337/7/3 1332/7/3 1336/7/3
f 1340/9/3 1339/9/3 1338/9/3
f 1341/9/3 1339/9/3 1340/9/3
f 1344/9/3 1342/9/3 1341/9/3
f 1345/9/3 1342/9/3 1344/9/3
f 1357/9/3 1344/9/3 1343/9/3
f 1357/9/3 1345/9/3 1344/9/3
f 1357/9/3 1346/9/3 1345/9/3
f 1358/9/3 1346/9/3 1357/9/3
f 1359/9/3 1346/9/3 1358/9/3
f 1365/7/3 1348/7/3 1347/7/3
f 1366/7/3 1348/7/3 1365/7/3
f 1369/14/3 1350/14/3 1349/14/3
f 1370/14/3 1350/14/3 1369/14/3
f 1371/8/3 1352/8/3 1351/8/3
f 1372/8/3 1352/8/3 1371/8/3
f 1374/8/3 1354/8/3 1353/8/3
f 1375/14/3 1355/14/3 1354/14/3
f 1376/14/3 1355/14/3 1375/14/3
f 1380/9/3 1357/9/3 1356/9/3
f 1381/9/3 1357/9/3 1380/9/3
f 1382/9/3 1359/9/3 1358/9/3
f 1382/7/3 1360/7/3 1359/7/3
f 1382/7/3 1361/7/3 1360/7/3
f 1383/7/3 1361/7/3 1382/7/3
f 1384/7/3 1363/7/3 1362/7/3
f 1385/7/3 1363/7/3 1384/7/3
f 1386/1/3 1365/1/3 1364/1/3
f 1387/1/3 1365/1/3 1386/1/3
f 1388/1/3 1365/1/3 1387/1/3
f 1389/7/3 1368/7/3 1367/7/3
f 1390/7/3 1368/7/3 1389/7/3
f 1392/8/3 1374/8/3 1373/8/3
f 1393/8/3 1354/8/3 1374/8/3
f 1393/8/3 1374/8/3 1392/8/3
f 1393/14/3 1375/14/3 1354/14/3
f 1394/13/3 1376/13/3 1375/13/3
f 1394/14/3 1375/14/3 1393/14/3
f 1395/13/3 1376/13/3 1394/13/3
f 1396/9/3 1378/9/3 1377/9/3
f 1397/9/3 1378/9/3 1396/9/3
f 1398/9/3 1380/9/3 1379/9/3
f 1400/9/3 1382/9/3 1358/9/3
f 1401/9/3 1382/9/3 1400/9/3
f 1404/1/3 1387/1/3 1386/1/3
f 1404/1/3 1385/1/3 1384/1/3
f 1404/1/3 1386/1/3 1385/1/3
f 1405/11/3 1388/11/3 1387/11/3
f 1405/1/3 1387/1/3 1404/1/3
f 1406/1/3 1389/1/3 1388/1/3
f 1406/11/3 1388/11/3 1405/11/3
f 1407/13/3 1394/13/3 1393/13/3
f 1408/3/3 1395/3/3 1394/3/3
f 1408/13/3 1394/13/3 1407/13/3
f 1409/6/3 1396/6/3 1395/6/3
f 1409/3/3 1395/3/3 1408/3/3
f 1411/9/3 1401/9/3 1400/9/3
f 1411/9/3 1400/9/3 1399/9/3
f 1412/1/3 1405/1/3 1404/1/3
f 1412/1/3 1404/1/3 1403/1/3
f 1413/1/3 1405/1/3 1412/1/3
f 1414/1/3 1405/1/3 1413/1/3
f 1415/14/3 1406/14/3 1405/14/3
f 1415/1/3 1405/1/3 1414/1/3
f 1416/1/3 1389/1/3 1406/1/3
f 1416/14/3 1406/14/3 1415/14/3
f 1417/1/3 1389/1/3 1416/1/3
f 1418/7/3 1391/7/3 1390/7/3
f 1419/7/3 1391/7/3 1418/7/3
f 1420/4/3 1408/4/3 1407/4/3
f 1421/2/3 1409/2/3 1408/2/3
f 1421/4/3 1408/4/3 1420/4/3
f 1422/6/3 1396/6/3 1409/6/3
f 1422/2/3 1409/2/3 1421/2/3
f 1423/2/3 1421/2/3 1420/2/3
f 1424/3/3 1422/3/3 1421/3/3
f 1424/2/3 1421/2/3 1423/2/3
f 1425/9/3 1411/9/3 1410/9/3
f 1426/9/3 1401/9/3 1411/9/3
f 1426/9/3 1411/9/3 1425/9/3
f 1427/1/3 1412/1/3 1403/1/3
f 1427/5/3 1413/5/3 1412/5/3
f 1428/1/3 1414/1/3 1413/1/3
f 1428/5/3 1413/5/3 1427/5/3
f 1429/1/3 1414/1/3 1428/1/3
f 1430/1/3 1417/1/3 1416/1/3
f 1430/1/3 1418/1/3 1417/1/3
f 1430/1/3 1416/1/3 1415/1/3
f 1431/1/3 1418/1/3 1430/1/3
f 1432/1/3 1418/1/3 1431/1/3
f 1433/1/3 1418/1/3 1432/1/3
f 1436/13/3 1424/13/3 1423/13/3
f 1437/3/3 1422/3/3 1424/3/3
f 1437/13/3 1424/13/3 1436/13/3
f 1438/6/3 1396/6/3 1422/6/3
f 1438/3/3 1422/3/3 1437/3/3
f 1439/9/3 1397/9/3 1396/9/3
f 1439/6/3 1396/6/3 1438/6/3
f 1439/9/3 1398/9/3 1397/9/3
f 1440/9/3 1398/9/3 1439/9/3
f 1441/9/3 1380/9/3 1398/9/3
f 1441/9/3 1398/9/3 1440/9/3
f 1442/9/3 1401/9/3 1426/9/3
f 1443/9/3 1401/9/3 1442/9/3
f 1444/6/3 1402/6/3 1401/6/3
f 1444/9/3 1401/9/3 1443/9/3
f 1445/6/3 1402/6/3 1444/6/3
f 1446/1/3 1429/1/3 1428/1/3
f 1446/1/3 1427/1/3 1403/1/3
f 1446/1/3 1428/1/3 1427/1/3
f 1446/1/3 1430/1/3 1429/1/3
f 1447/1/3 1430/1/3 1446/1/3
f 1448/14/3 1431/14/3 1430/14/3
f 1448/1/3 1430/1/3 1447/1/3
f 1449/1/3 1432/1/3 1431/1/3
f 1449/14/3 1431/14/3 1448/14/3
f 1454/8/3 1436/8/3 1435/8/3
f 1455/8/3 1436/8/3 1454/8/3
f 1456/14/3 1437/14/3 1436/14/3
f 1456/13/3 1438/13/3 1437/13/3
f 1457/13/3 1438/13/3 1456/13/3
f 1458/9/3 1440/9/3 1439/9/3
f 1459/9/3 1440/9/3 1458/9/3
f 1460/9/3 1380/9/3 1441/9/3
f 1461/9/3 1380/9/3 1460/9/3
f 1463/9/3 1444/9/3 1443/9/3
f 1465/1/3 1448/1/3 1447/1/3
f 1466/1/3 1448/1/3 1465/1/3
f 1467/1/3 1448/1/3 1466/1/3
f 1468/11/3 1449/11/3 1448/11/3
f 1468/1/3 1448/1/3 1467/1/3
f 1469/1/3 1432/1/3 1449/1/3
f 1469/11/3 1449/11/3 1468/11/3
f 1470/1/3 1432/1/3 1469/1/3
f 1471/7/3 1434/7/3 1433/7/3
f 1472/7/3 1434/7/3 1471/7/3
f 1473/14/3 1451/14/3 1450/14/3
f 1474/14/3 1451/14/3 1473/14/3
f 1475/8/3 1453/8/3 1452/8/3
f 1476/8/3 1453/8/3 1475/8/3
f 1477/8/3 1436/8/3 1455/8/3
f 1478/14/3 1457/14/3 1456/14/3
f 1478/8/3 1436/8/3 1477/8/3
f 1478/14/3 1456/14/3 1436/14/3
f 1479/14/3 1457/14/3 1478/14/3
f 1480/9/3 1462/9/3 1461/9/3
f 1481/9/3 1462/9/3 1480/9/3
f 1482/9/3 1463/9/3 1443/9/3
f 1483/7/3 1464/7/3 1463/7/3
f 1483/9/3 1463/9/3 1482/9/3
f 1484/7/3 1464/7/3 1483/7/3
f 1485/7/3 1464/7/3 1484/7/3
f 1486/7/3 1466/7/3 1465/7/3
f 1487/7/3 1466/7/3 1486/7/3
f 1488/1/3 1468/1/3 1467/1/3
f 1488/1/3 1469/1/3 1468/1/3
f 1489/1/3 1469/1/3 1488/1/3
f 1491/7/3 1471/7/3 1470/7/3
f 1492/7/3 1471/7/3 1491/7/3
f 1493/9/3 1483/9/3 1482/9/3
f 1493/9/3 1482/9/3 1481/9/3
f 1494/9/3 1483/9/3 1493/9/3
f 1495/9/3 1483/9/3 1494/9/3
f 1496/9/3 1483/9/3 1495/9/3
f 1497/7/3 1490/7/3 1489/7/3
f 1498/7/3 1490/7/3 1497/7/3
f 1500/9/3 1495/9/3 1494/9/3
f 1501/9/3 1495/9/3 1500/9/3
f 1502/9/3 1500/9/3 1499/9/3
f 1503/9/3 1500/9/3 1502/9/3
f 1509/1/3 1505/1/3 1504/1/3
f 1510/1/3 1505/1/3 1509/1/3
f 1512/9/3 1507/9/3 1506/9/3
f 1513/9/3 1507/9/3 1512/9/3
f 1515/1/3 1509/1/3 1508/1/3
f 1515/1/3 1510/1/3 1509/1/3
f 1516/6/3 1511/6/3 1510/6/3
f 1516/1/3 1510/1/3 1515/1/3
f 1517/9/3 1514/9/3 1513/9/3
f 1517/6/3 1511/6/3 1516/6/3
f 1517/9/3 1513/9/3 1512/9/3
f 1517/9/3 1512/9/3 1511/9/3
f 1518/9/3 1514/9/3 1517/9/3
f 1519/9/3 1514/9/3 1518/9/3
f 1520/9/3 1514/9/3 1519/9/3
f 1521/9/3 1514/9/3 1520/9/3
f 1522/9/3 1514/9/3 1521/9/3
f 1523/9/3 1519/9/3 1518/9/3
f 1524/9/3 1519/9/3 1523/9/3
f 1525/9/3 1521/9/3 1520/9/3
f 1526/9/3 1521/9/3 1525/9/3
f 1535/9/3 1527/9/3 1526/9/3
f 1536/9/3 1527/9/3 1535/9/3
f 1541/13/3 1529/13/3 1528/13/3
f 1542/13/3 1529/13/3 1541/13/3
f 1543/8/3 1531/8/3 1530/8/3
f 1544/8/3 1531/8/3 1543/8/3
f 1545/8/3 1531/8/3 1544/8/3
f 1546/8/3 1533/8/3 1532/8/3
f 1547/14/3 1534/14/3 1533/14/3
f 1547/8/3 1533/8/3 1546/8/3
f 1548/14/3 1534/14/3 1547/14/3
f 1551/9/3 1538/9/3 1537/9/3
f 1552/9/3 1538/9/3 1551/9/3
f 1553/7/3 1540/7/3 1539/7/3
f 1554/7/3 1540/7/3 1553/7/3
f 1556/8/3 1543/8/3 1542/8/3
f 1557/8/3 1543/8/3 1556/8/3
f 1558/8/3 1546/8/3 1545/8/3
f 1558/8/3 1545/8/3 1544/8/3
f 1559/8/3 1546/8/3 1558/8/3
f 1560/8/3 1546/8/3 1559/8/3
f 1561/8/3 1546/8/3 1560/8/3
f 1562/6/3 1549/6/3 1548/6/3
f 1563/9/3 1550/9/3 1549/9/3
f 1563/6/3 1549/6/3 1562/6/3
f 1564/9/3 1550/9/3 1563/9/3
f 1565/9/3 1550/9/3 1564/9/3
f 1566/9/3 1550/9/3 1565/9/3
f 1569/13/3 1556/13/3 1555/13/3
f 1570/13/3 1556/13/3 1569/13/3
f 1571/8/3 1558/8/3 1557/8/3
f 1572/8/3 1558/8/3 1571/8/3
f 1573/8/3 1560/8/3 1559/8/3
f 1574/8/3 1560/8/3 1573/8/3
f 1576/6/3 1563/6/3 1562/6/3
f 1577/6/3 1563/6/3 1576/6/3
f 1578/9/3 1565/9/3 1564/9/3
f 1579/9/3 1565/9/3 1578/9/3
f 1580/6/3 1568/6/3 1567/6/3
f 1581/6/3 1568/6/3 1580/6/3
f 1583/8/3 1575/8/3 1574/8/3
f 1584/8/3 1575/8/3 1583/8/3
f 1585/8/3 1575/8/3 1584/8/3
f 1588/8/3 1585/8/3 1584/8/3
f 1590/8/3 1588/8/3 1584/8/3
f 1591/8/3 1588/8/3 1590/8/3
f 1592/7/3 1587/7/3 1586/7/3
f 1593/7/3 1587/7/3 1592/7/3
f 1599/8/3 1591/8/3 1590/8/3
f 1599/8/3 1590/8/3 1589/8/3
f 1600/8/3 1591/8/3 1599/8/3
f 1606/1/3 1582/1/3 1581/1/3
f 1607/1/3 1582/1/3 1606/1/3
f 1608/13/3 1595/13/3 1594/13/3
f 1609/13/3 1595/13/3 1608/13/3
f 1610/8/3 1597/8/3 1596/8/3
f 1611/8/3 1597/8/3 1610/8/3
f 1612/8/3 1599/8/3 1598/8/3
f 1613/8/3 1599/8/3 1612/8/3
f 1615/6/3 1602/6/3 1601/6/3
f 1616/6/3 1602/6/3 1615/6/3
f 1617/9/3 1604/9/3 1603/9/3
f 1618/9/3 1604/9/3 1617/9/3
f 1620/6/3 1606/6/3 1605/6/3
f 1621/6/3 1606/6/3 1620/6/3
f 1623/8/3 1610/8/3 1609/8/3
f 1624/8/3 1610/8/3 1623/8/3
f 1625/8/3 1614/8/3 1613/8/3
f 1625/8/3 1612/8/3 1611/8/3
f 1625/8/3 1613/8/3 1612/8/3
f 1626/8/3 1614/8/3 1625/8/3
f 1627/8/3 1614/8/3 1626/8/3
f 1629/6/3 1616/6/3 1615/6/3
f 1630/9/3 1619/9/3 1618/9/3
f 1630/9/3 1618/9/3 1617/9/3
f 1630/6/3 1616/6/3 1629/6/3
f 1630/9/3 1617/9/3 1616/9/3
f 1631/9/3 1619/9/3 1630/9/3
f 1636/13/3 1623/13/3 1622/13/3
f 1637/13/3 1623/13/3 1636/13/3
f 1638/8/3 1626/8/3 1625/8/3
f 1638/8/3 1625/8/3 1624/8/3
f 1639/8/3 1626/8/3 1638/8/3
f 1640/8/3 1628/8/3 1627/8/3
f 1641/14/3 1629/14/3 1628/14/3
f 1641/8/3 1628/8/3 1640/8/3
f 1642/14/3 1629/14/3 1641/14/3
f 1645/9/3 1633/9/3 1632/9/3
f 1646/9/3 1633/9/3 1645/9/3
f 1647/7/3 1635/7/3 1634/7/3
f 1648/7/3 1635/7/3 1647/7/3
f 1652/9/3 1644/9/3 1643/9/3
f 1653/9/3 1644/9/3 1652/9/3
f 1657/9/3 1650/9/3 1649/9/3
f 1658/9/3 1650/9/3 1657/9/3
f 1659/9/3 1652/9/3 1651/9/3
f 1660/9/3 1652/9/3 1659/9/3
f 1662/1/3 1655/1/3 1654/1/3
f 1663/1/3 1655/1/3 1662/1/3
f 1664/6/3 1656/6/3 1655/6/3
f 1664/1/3 1655/1/3 1663/1/3
f 1665/9/3 1658/9/3 1657/9/3
f 1665/6/3 1656/6/3 1664/6/3
f 1665/9/3 1661/9/3 1660/9/3
f 1665/9/3 1657/9/3 1656/9/3
f 1665/9/3 1660/9/3 1659/9/3
f 1665/9/3 1659/9/3 1658/9/3
f 1666/9/3 1661/9/3 1665/9/3
f 1667/9/3 1661/9/3 1666/9/3
f 1668/9/3 1661/9/3 1667/9/3
f 1669/1/3 1664/1/3 1663/1/3
f 1670/1/3 1664/1/3 1669/1/3
f 1671/9/3 1667/9/3 1666/9/3
f 1672/9/3 1667/9/3 1671/9/3
f 1680/1/3 1674/1/3 1673/1/3
f 1681/1/3 1674/1/3 1680/1/3
f 1682/1/3 1674/1/3 1681/1/3
f 1683/6/3 1676/6/3 1675/6/3
f 1684/9/3 1677/9/3 1676/9/3
f 1684/6/3 1676/6/3 1683/6/3
f 1685/9/3 1677/9/3 1684/9/3
f 1686/9/3 1679/9/3 1678/9/3
f 1687/9/3 1679/9/3 1686/9/3
f 1697/6/3 1691/6/3 1690/6/3
f 1698/9/3 1692/9/3 1691/9/3
f 1698/6/3 1691/6/3 1697/6/3
f 1699/9/3 1692/9/3 1698/9/3
f 1700/9/3 1694/9/3 1693/9/3
f 1701/9/3 1694/9/3 1700/9/3
f 1703/9/3 1689/9/3 1688/9/3
f 1704/9/3 1689/9/3 1703/9/3
f 1708/8/3 1696/8/3 1695/8/3
f 1709/8/3 1696/8/3 1708/8/3
f 1710/8/3 1696/8/3 1709/8/3
f 1716/9/3 1702/9/3 1701/9/3
f 1717/9/3 1702/9/3 1716/9/3
f 1718/9/3 1705/9/3 1704/9/3
f 1719/9/3 1705/9/3 1718/9/3
f 1720/8/3 1707/8/3 1706/8/3
f 1721/8/3 1707/8/3 1720/8/3
f 1722/8/3 1710/8/3 1709/8/3
f 1722/8/3 1711/8/3 1710/8/3
f 1723/8/3 1711/8/3 1722/8/3
f 1724/6/3 1713/6/3 1712/6/3
f 1725/9/3 1714/9/3 1713/9/3
f 1725/6/3 1713/6/3 1724/6/3
f 1726/9/3 1714/9/3 1725/9/3
f 1727/9/3 1716/9/3 1715/9/3
f 1728/9/3 1716/9/3 1727/9/3
f 1737/7/3 1730/7/3 1729/7/3
f 1738/7/3 1730/7/3 1737/7/3
f 1739/8/3 1732/8/3 1731/8/3
f 1740/8/3 1732/8/3 1739/8/3
f 1741/8/3 1734/8/3 1733/8/3
f 1742/8/3 1734/8/3 1741/8/3
f 1743/8/3 1734/8/3 1742/8/3
f 1745/1/3 1736/1/3 1735/1/3
f 1746/1/3 1736/1/3 1745/1/3
f 1749/8/3 1744/8/3 1743/8/3
f 1749/8/3 1743/8/3 1742/8/3
f 1750/8/3 1744/8/3 1749/8/3
f 1753/7/3 1748/7/3 1747/7/3
f 1754/7/3 1748/7/3 1753/7/3
f 1757/8/3 1752/8/3 1751/8/3
f 1758/8/3 1752/8/3 1757/8/3
f 1764/8/3 1756/8/3 1755/8/3
f 1765/8/3 1756/8/3 1764/8/3
f 1766/8/3 1756/8/3 1765/8/3
f 1769/7/3 1760/7/3 1759/7/3
f 1770/7/3 1760/7/3 1769/7/3
f 1771/8/3 1762/8/3 1761/8/3
f 1772/8/3 1762/8/3 1771/8/3
f 1773/8/3 1764/8/3 1763/8/3
f 1773/8/3 1765/8/3 1764/8/3
f 1774/8/3 1765/8/3 1773/8/3
f 1775/1/3 1768/1/3 1767/1/3
f 1776/1/3 1768/1/3 1775/1/3
f 1788/7/3 1778/7/3 1777/7/3
f 1789/7/3 1778/7/3 1788/7/3
f 1790/8/3 1780/8/3 1779/8/3
f 1791/8/3 1780/8/3 1790/8/3
f 1793/8/3 1782/8/3 1781/8/3
f 1794/8/3 1782/8/3 1793/8/3
f 1795/8/3 1782/8/3 1794/8/3
f 1796/6/3 1784/6/3 1783/6/3
f 1797/9/3 1785/9/3 1784/9/3
f 1797/6/3 1784/6/3 1796/6/3
f 1798/9/3 1785/9/3 1797/9/3
f 1799/9/3 1787/9/3 1786/9/3
f 1800/9/3 1787/9/3 1799/9/3
f 1804/8/3 1793/8/3 1792/8/3
f 1804/8/3 1794/8/3 1793/8/3
f 1805/8/3 1794/8/3 1804/8/3
f 1810/9/3 1801/9/3 1800/9/3
f 1811/9/3 1801/9/3 1810/9/3
f 1813/9/3 1803/9/3 1802/9/3
f 1814/9/3 1803/9/3 1813/9/3
f 1815/6/3 1807/6/3 1806/6/3
f 1816/9/3 1808/9/3 1807/9/3
f 1816/6/3 1807/6/3 1815/6/3
f 1817/9/3 1808/9/3 1816/9/3
f 1818/9/3 1810/9/3 1809/9/3
f 1819/9/3 1810/9/3 1818/9/3
f 1828/9/3 1813/9/3 1812/9/3
f 1829/9/3 1813/9/3 1828/9/3
f 1830/1/3 1821/1/3 1820/1/3
f 1830/1/3 1822/1/3 1821/1/3
f 1831/1/3 1822/1/3 1830/1/3
f 1832/6/3 1824/6/3 1823/6/3
f 1833/9/3 1825/9/3 1824/9/3
f 1833/6/3 1824/6/3 1832/6/3
f 1834/9/3 1825/9/3 1833/9/3
f 1835/9/3 1827/9/3 1826/9/3
f 1836/9/3 1827/9/3 1835/9/3
f 1842/9/3 1838/9/3 1837/9/3
f 1843/9/3 1838/9/3 1842/9/3
f 1845/1/3 1841/1/3 1840/1/3
f 1845/1/3 1840/1/3 1839/1/3
f 1846/1/3 1841/1/3 1845/1/3
f 1847/9/3 1844/9/3 1843/9/3
f 1852/9/3 1848/9/3 1847/9/3
f 1852/9/3 1847/9/3 1843/9/3
f 1853/9/3 1848/9/3 1852/9/3
f 1854/8/3 1850/8/3 1849/8/3
f 1855/14/3 1851/14/3 1850/14/3
f 1855/8/3 1850/8/3 1854/8/3
f 1856/14/3 1851/14/3 1855/14/3
f 1857/9/3 1848/9/3 1853/9/3
f 1858/9/3 1848/9/3 1857/9/3
f 1861/7/3 1860/7/3 1859/7/3
f 1862/7/3 1860/7/3 1861/7/3
f 1863/7/3 1860/7/3 1862/7/3
f 1866/8/3 1865/8/3 1864/8/3
f 1867/8/3 1865/8/3 1866/8/3
f 1870/8/3 1869/8/3 1868/8/3
f 1871/8/3 1869/8/3 1870/8/3
f 1882/7/3 1873/7/3 1872/7/3
f 1882/7/3 1874/7/3 1873/7/3
f 1883/7/3 1874/7/3 1882/7/3
f 1884/8/3 1876/8/3 1875/8/3
f 1885/14/3 1877/14/3 1876/14/3
f 1885/8/3 1876/8/3 1884/8/3
f 1886/14/3 1877/14/3 1885/14/3
f 1887/9/3 1879/9/3 1878/9/3
f 1888/9/3 1879/9/3 1887/9/3
f 1890/9/3 1881/9/3 1880/9/3
f 1893/9/3 1890/9/3 1889/9/3
f 1893/9/3 1881/9/3 1890/9/3
f 1894/9/3 1881/9/3 1893/9/3
f 1895/1/3 1892/1/3 1891/1/3
f 1896/1/3 1892/1/3 1895/1/3
f 1897/1/3 1892/1/3 1896/1/3
f 1900/9/3 1893/9/3 1889/9/3
f 1901/9/3 1893/9/3 1900/9/3
f 1902/9/3 1899/9/3 1898/9/3
f 1903/9/3 1899/9/3 1902/9/3
f 1907/7/3 1905/7/3 1904/7/3
f 1907/7/3 1906/7/3 1905/7/3
f 1908/7/3 1906/7/3 1907/7/3
f 1909/7/3 1906/7/3 1908/7/3
f 1913/7/3 1911/7/3 1910/7/3
f 1913/7/3 1912/7/3 1911/7/3
f 1914/7/3 1912/7/3 1913/7/3
f 1915/7/3 1912/7/3 1914/7/3
f 1918/7/3 1917/7/3 1916/7/3
f 1919/7/3 1917/7/3 1918/7/3
f 1920/7/3 1917/7/3 1919/7/3
f 1923/7/3 1922/7/3 1921/7/3
f 1924/7/3 1922/7/3 1923/7/3
f 1925/7/3 1922/7/3 1924/7/3
f 1928/7/3 1927/7/3 1926/7/3
f 1929/7/3 1927/7/3 1928/7/3
f 1930/7/4 1931/7/4 1932/7/4
f 1932/7/4 1931/7/4 1933/7/4
f 1934/7/4 1935/7/4 1936/7/4
f 1936/7/4 1935/7/4 1937/7/4
f 1938/7/4 1939/7/4 1940/7/4
f 1938/7/4 1940/7/4 1943/7/4
f 1943/7/4 1940/7/4 1944/7/4
f 1941/7/4 1942/7/4 1945/7/4
f 1945/7/4 1942/7/4 1946/7/4
f 1947/7/4 1948/7/4 1951/7/4
f 1949/7/4 1950/7/4 1952/7/4
f 1952/7/4 1950/7/4 1953/7/4
f 1947/7/4 1951/7/4 1954/7/4
f 1954/7/4 1951/7/4 1955/7/4
f 1956/1/4 1957/1/4 1958/1/4
f 1958/1/4 1957/1/4 1959/1/4
f 1960/7/4 1961/7/4 1962/7/4
f 1962/7/4 1961/7/4 1963/7/4
f 1963/7/4 1961/7/4 1964/7/4
f 1965/7/4 1966/7/4 1968/7/4
f 1966/7/4 1967/7/4 1968/7/4
f 1968/7/4 1967/7/4 1969/7/4
f 1970/1/4 1971/1/4 1972/1/4
f 1972/1/4 1971/1/4 1973/1/4
f 1974/1/4 1975/1/4 1976/1/4
f 1976/1/4 1975/1/4 1977/1/4
f 1978/9/4 1979/9/4 1982/9/4
f 1982/9/4 1979/9/4 1983/9/4
f 1980/7/4 1981/7/4 1984/7/4
f 1984/7/4 1981/7/4 1985/7/4
f 1986/1/4 1987/1/4 1988/1/4
f 1988/1/4 1987/1/4 1989/1/4
f 1990/1/4 1991/1/4 1992/1/4
f 1992/1/4 1991/1/4 1993/1/4
f 1994/9/4 1995/9/4 1998/9/4
f 1998/9/4 1995/9/4 1999/9/4
f 1996/7/4 1997/7/4 2000/7/4
f 2000/7/4 1997/7/4 2001/7/4
f 2002/1/4 2003/1/4 2004/1/4
f 2004/1/4 2003/1/4 2005/1/4
f 2006/1/4 2007/1/4 2011/1/4
f 2007/6/4 2008/6/4 2012/6/4
f 2011/1/4 2007/1/4 2012/1/4
f 2008/9/4 2009/9/4 2013/9/4
f 2012/6/4 2008/6/4 2013/6/4
f 2013/9/4 2009/9/4 2014/9/4
f 2014/9/4 2009/9/4 2015/9/4
f 2010/1/4 2011/1/4 2017/1/4
f 2017/1/4 2011/1/4 2018/1/4
f 2015/9/4 2016/9/4 2022/9/4
f 2014/9/4 2015/9/4 2022/9/4
f 2022/9/4 2016/9/4 2023/9/4
f 2019/6/4 2020/6/4 2028/6/4
f 2020/9/4 2021/9/4 2029/9/4
f 2028/6/4 2020/6/4 2029/6/4
f 2029/9/4 2021/9/4 2030/9/4
f 2023/9/4 2024/9/4 2033/9/4
f 2033/9/4 2024/9/4 2034/9/4
f 2025/8/4 2026/8/4 2039/8/4
f 2026/14/4 2027/14/4 2040/14/4
f 2039/8/4 2026/8/4 2040/8/4
f 2040/14/4 2027/14/4 2041/14/4
f 2031/9/4 2032/9/4 2044/9/4
f 2044/9/4 2032/9/4 2045/9/4
f 2035/14/4 2036/14/4 2048/14/4
f 2036/8/4 2037/8/4 2049/8/4
f 2048/14/4 2036/14/4 2049/14/4
f 2049/8/4 2037/8/4 2050/8/4
f 2038/8/4 2039/8/4 2051/8/4
f 2051/8/4 2039/8/4 2052/8/4
f 2041/14/4 2042/14/4 2053/14/4
f 2042/6/4 2043/6/4 2054/6/4
f 2053/14/4 2042/14/4 2054/14/4
f 2054/6/4 2043/6/4 2055/6/4
f 2046/7/4 2047/7/4 2056/7/4
f 2056/7/4 2047/7/4 2057/7/4
f 2058/7/4 2059/7/4 2065/7/4
f 2065/7/4 2059/7/4 2066/7/4
f 2060/14/4 2061/14/4 2068/14/4
f 2061/8/4 2062/8/4 2069/8/4
f 2068/14/4 2061/14/4 2069/14/4
f 2069/8/4 2062/8/4 2070/8/4
f 2063/8/4 2064/8/4 2072/8/4
f 2066/7/4 2067/7/4 2075/7/4
f 2075/7/4 2067/7/4 2076/7/4
f 2071/8/4 2072/8/4 2078/8/4
f 2072/8/4 2064/8/4 2079/8/4
f 2078/8/4 2072/8/4 2079/8/4
f 2073/7/4 2074/7/4 2080/7/4
f 2080/7/4 2074/7/4 2081/7/4
f 2076/7/4 2077/7/4 2082/7/4
f 2082/7/4 2077/7/4 2083/7/4
f 2084/8/4 2085/8/4 2093/8/4
f 2093/8/4 2085/8/4 2094/8/4
f 2086/7/4 2087/7/4 2095/7/4
f 2095/7/4 2087/7/4 2096/7/4
f 2088/7/4 2089/7/4 2098/7/4
f 2098/7/4 2089/7/4 2099/7/4
f 2090/14/4 2091/14/4 2100/14/4
f 2091/8/4 2092/8/4 2101/8/4
f 2100/14/4 2091/14/4 2101/14/4
f 2101/8/4 2092/8/4 2102/8/4
f 2094/8/4 2085/8/4 2103/8/4
f 2103/8/4 2085/8/4 2104/8/4
f 2097/7/4 2098/7/4 2106/7/4
f 2106/7/4 2098/7/4 2107/7/4
f 2105/7/4 2106/7/4 2118/7/4
f 2118/7/4 2106/7/4 2119/7/4
f 2108/14/4 2109/14/4 2120/14/4
f 2109/8/4 2110/8/4 2121/8/4
f 2120/14/4 2109/14/4 2121/14/4
f 2121/8/4 2110/8/4 2122/8/4
f 2111/8/4 2112/8/4 2123/8/4
f 2123/8/4 2112/8/4 2124/8/4
f 2113/14/4 2114/14/4 2126/14/4
f 2114/6/4 2115/6/4 2127/6/4
f 2126/14/4 2114/14/4 2127/14/4
f 2127/6/4 2115/6/4 2128/6/4
f 2116/7/4 2117/7/4 2131/7/4
f 2131/7/4 2117/7/4 2132/7/4
f 2124/8/4 2125/8/4 2133/8/4
f 2125/14/4 2126/14/4 2134/14/4
f 2133/8/4 2125/8/4 2134/8/4
f 2134/14/4 2126/14/4 2135/14/4
f 2129/9/4 2130/9/4 2139/9/4
f 2139/9/4 2130/9/4 2140/9/4
f 2136/6/4 2137/6/4 2145/6/4
f 2137/9/4 2138/9/4 2146/9/4
f 2145/6/4 2137/6/4 2146/6/4
f 2146/9/4 2138/9/4 2147/9/4
f 2141/9/4 2142/9/4 2149/9/4
f 2149/9/4 2142/9/4 2150/9/4
f 2143/1/4 2144/1/4 2151/1/4
f 2151/1/4 2144/1/4 2152/1/4
f 2148/9/4 2149/9/4 2155/9/4
f 2155/9/4 2149/9/4 2156/9/4
f 2152/1/4 2153/1/4 2157/1/4
f 2153/6/4 2154/6/4 2158/6/4
f 2157/1/4 2153/1/4 2158/1/4
f 2154/9/4 2155/9/4 2159/9/4
f 2158/6/4 2154/6/4 2159/6/4
f 2159/9/4 2155/9/4 2160/9/4
f 2161/1/4 2162/1/4 2165/1/4
f 2162/6/4 2163/6/4 2166/6/4
f 2165/1/4 2162/1/4 2166/1/4
f 2163/9/4 2164/9/4 2167/9/4
f 2166/6/4 2163/6/4 2167/6/4
f 2167/9/4 2164/9/4 2168/9/4
f 2168/9/4 2164/9/4 2169/9/4
f 2169/9/4 2170/9/4 2171/9/4
f 2168/9/4 2169/9/4 2171/9/4
f 2171/9/4 2170/9/4 2172/9/4
f 2172/9/4 2170/9/4 2173/9/4
f 2173/9/4 2174/9/4 2180/9/4
f 2172/9/4 2173/9/4 2180/9/4
f 2180/9/4 2174/9/4 2181/9/4
f 2175/8/4 2176/8/4 2184/8/4
f 2184/8/4 2176/8/4 2185/8/4
f 2177/8/4 2178/8/4 2186/8/4
f 2186/8/4 2178/8/4 2187/8/4
f 2187/8/4 2178/8/4 2188/8/4
f 2179/9/4 2180/9/4 2191/9/4
f 2191/9/4 2180/9/4 2192/9/4
f 2192/9/4 2180/9/4 2193/9/4
f 2181/9/4 2174/9/4 2194/9/4
f 2194/9/4 2174/9/4 2195/9/4
f 2182/14/4 2183/14/4 2198/14/4
f 2184/8/4 2185/8/4 2199/8/4
f 2198/14/4 2183/14/4 2199/14/4
f 2183/8/4 2184/8/4 2199/8/4
f 2185/8/4 2186/8/4 2199/8/4
f 2186/8/4 2187/8/4 2199/8/4
f 2199/8/4 2187/8/4 2200/8/4
f 2200/8/4 2187/8/4 2201/8/4
f 2201/8/4 2187/8/4 2202/8/4
f 2189/6/4 2190/6/4 2204/6/4
f 2190/9/4 2191/9/4 2205/9/4
f 2204/6/4 2190/6/4 2205/6/4
f 2191/9/4 2192/9/4 2205/9/4
f 2205/9/4 2192/9/4 2206/9/4
f 2206/9/4 2192/9/4 2207/9/4
f 2207/9/4 2192/9/4 2208/9/4
f 2196/7/4 2197/7/4 2211/7/4
f 2211/7/4 2197/7/4 2212/7/4
f 2200/8/4 2201/8/4 2214/8/4
f 2214/8/4 2201/8/4 2215/8/4
f 2204/14/4 2205/14/4 2217/14/4
f 2205/6/4 2206/6/4 2218/6/4
f 2217/14/4 2205/14/4 2218/14/4
f 2206/9/4 2207/9/4 2219/9/4
f 2218/6/4 2206/6/4 2219/6/4
f 2219/9/4 2207/9/4 2220/9/4
f 2209/9/4 2210/9/4 2221/9/4
f 2221/9/4 2210/9/4 2222/9/4
f 2212/7/4 2213/7/4 2223/7/4
f 2223/7/4 2213/7/4 2224/7/4
f 2202/8/4 2203/8/4 2226/8/4
f 2226/8/4 2203/8/4 2227/8/4
f 2217/14/4 2218/14/4 2229/14/4
f 2216/14/4 2217/14/4 2229/14/4
f 2229/14/4 2218/14/4 2230/14/4
f 2230/14/4 2218/14/4 2231/14/4
f 2224/7/4 2225/7/4 2234/7/4
f 2234/7/4 2225/7/4 2235/7/4
f 2228/8/4 2229/8/4 2239/8/4
f 2229/14/4 2230/14/4 2240/14/4
f 2239/8/4 2229/8/4 2240/8/4
f 2240/14/4 2230/14/4 2241/14/4
f 2232/1/4 2233/1/4 2243/1/4
f 2243/1/4 2233/1/4 2244/1/4
f 2235/7/4 2236/7/4 2246/7/4
f 2246/7/4 2236/7/4 2247/7/4
f 2241/14/4 2242/14/4 2250/14/4
f 2240/14/4 2241/14/4 2250/14/4
f 2250/14/4 2242/14/4 2251/14/4
f 2251/14/4 2242/14/4 2252/14/4
f 2245/7/4 2246/7/4 2258/7/4
f 2258/7/4 2246/7/4 2259/7/4
f 2248/8/4 2249/8/4 2262/8/4
f 2262/8/4 2249/8/4 2263/8/4
f 2237/8/4 2238/8/4 2264/8/4
f 2264/8/4 2238/8/4 2265/8/4
f 2251/14/4 2252/14/4 2266/14/4
f 2252/6/4 2253/6/4 2267/6/4
f 2266/14/4 2252/14/4 2267/14/4
f 2253/9/4 2254/9/4 2268/9/4
f 2267/6/4 2253/6/4 2268/6/4
f 2268/9/4 2254/9/4 2269/9/4
f 2255/9/4 2256/9/4 2271/9/4
f 2271/9/4 2256/9/4 2272/9/4
f 2257/7/4 2258/7/4 2274/7/4
f 2274/7/4 2258/7/4 2275/7/4
f 2260/14/4 2261/14/4 2276/14/4
f 2262/8/4 2263/8/4 2277/8/4
f 2276/14/4 2261/14/4 2277/14/4
f 2261/8/4 2262/8/4 2277/8/4
f 2263/8/4 2264/8/4 2277/8/4
f 2277/8/4 2264/8/4 2278/8/4
f 2278/8/4 2264/8/4 2279/8/4
f 2279/8/4 2264/8/4 2280/8/4
f 2280/8/4 2264/8/4 2281/8/4
f 2266/6/4 2267/6/4 2283/6/4
f 2269/9/4 2270/9/4 2284/9/4
f 2283/6/4 2267/6/4 2284/6/4
f 2268/9/4 2269/9/4 2284/9/4
f 2267/9/4 2268/9/4 2284/9/4
f 2284/9/4 2270/9/4 2285/9/4
f 2273/7/4 2274/7/4 2289/7/4
f 2289/7/4 2274/7/4 2290/7/4
f 2278/8/4 2279/8/4 2291/8/4
f 2291/8/4 2279/8/4 2292/8/4
f 2281/8/4 2282/8/4 2293/8/4
f 2280/8/4 2281/8/4 2293/8/4
f 2293/8/4 2282/8/4 2294/8/4
f 2285/9/4 2286/9/4 2295/9/4
f 2295/9/4 2286/9/4 2296/9/4
f 2287/9/4 2288/9/4 2297/9/4
f 2296/9/4 2297/9/4 2299/9/4
f 2297/9/4 2288/9/4 2300/9/4
f 2299/9/4 2297/9/4 2300/9/4
f 2300/9/4 2288/9/4 2301/9/4
f 2298/9/4 2299/9/4 2305/9/4
f 2299/9/4 2300/9/4 2305/9/4
f 2305/9/4 2300/9/4 2306/9/4
f 2306/9/4 2300/9/4 2307/9/4
f 2302/1/4 2303/1/4 2308/1/4
f 2303/6/4 2304/6/4 2309/6/4
f 2308/1/4 2303/1/4 2309/1/4
f 2304/9/4 2305/9/4 2310/9/4
f 2309/6/4 2304/6/4 2310/6/4
f 2305/9/4 2306/9/4 2310/9/4
f 2310/9/4 2306/9/4 2311/9/4
f 2312/8/4 2313/8/4 2318/8/4
f 2318/8/4 2313/8/4 2319/8/4
f 2313/14/4 2314/14/4 2320/14/4
f 2319/8/4 2313/8/4 2320/8/4
f 2320/14/4 2314/14/4 2321/14/4
f 2315/9/4 2316/9/4 2324/9/4
f 2324/9/4 2316/9/4 2325/9/4
f 2325/9/4 2316/9/4 2326/9/4
f 2318/8/4 2319/8/4 2328/8/4
f 2317/8/4 2318/8/4 2328/8/4
f 2328/8/4 2319/8/4 2329/8/4
f 2329/8/4 2319/8/4 2330/8/4
f 2323/9/4 2324/9/4 2332/9/4
f 2332/9/4 2324/9/4 2333/9/4
f 2333/9/4 2324/9/4 2334/9/4
f 2326/7/4 2327/7/4 2335/7/4
f 2325/9/4 2326/9/4 2335/9/4
f 2335/7/4 2327/7/4 2336/7/4
f 2321/14/4 2322/14/4 2341/14/4
f 2341/14/4 2322/14/4 2342/14/4
f 2332/9/4 2333/9/4 2345/9/4
f 2331/9/4 2332/9/4 2345/9/4
f 2345/9/4 2333/9/4 2346/9/4
f 2346/9/4 2333/9/4 2347/9/4
f 2325/9/4 2335/9/4 2348/9/4
f 2348/9/4 2335/9/4 2349/9/4
f 2336/7/4 2337/7/4 2351/7/4
f 2351/7/4 2337/7/4 2352/7/4
f 2352/7/4 2337/7/4 2353/7/4
f 2338/8/4 2339/8/4 2355/8/4
f 2355/8/4 2339/8/4 2356/8/4
f 2340/8/4 2341/8/4 2357/8/4
f 2357/8/4 2341/8/4 2358/8/4
f 2343/6/4 2344/6/4 2360/6/4
f 2344/9/4 2345/9/4 2361/9/4
f 2345/9/4 2346/9/4 2361/9/4
f 2360/6/4 2344/6/4 2361/6/4
f 2361/9/4 2346/9/4 2362/9/4
f 2351/7/4 2352/7/4 2366/7/4
f 2350/7/4 2351/7/4 2366/7/4
f 2366/7/4 2352/7/4 2367/7/4
f 2353/7/4 2354/7/4 2368/7/4
f 2368/7/4 2354/7/4 2369/7/4
f 2369/7/4 2354/7/4 2370/7/4
f 2356/8/4 2357/8/4 2373/8/4
f 2373/8/4 2357/8/4 2374/8/4
f 2359/14/4 2360/14/4 2376/14/4
f 2360/6/4 2361/6/4 2377/6/4
f 2376/14/4 2360/14/4 2377/14/4
f 2377/6/4 2361/6/4 2378/6/4
f 2364/9/4 2365/9/4 2380/9/4
f 2363/9/4 2364/9/4 2380/9/4
f 2380/9/4 2365/9/4 2381/9/4
f 2381/9/4 2365/9/4 2382/9/4
f 2370/7/4 2371/7/4 2386/7/4
f 2369/7/4 2370/7/4 2386/7/4
f 2386/7/4 2371/7/4 2387/7/4
f 2387/7/4 2371/7/4 2388/7/4
f 2372/8/4 2373/8/4 2389/8/4
f 2389/8/4 2373/8/4 2390/8/4
f 2374/8/4 2375/8/4 2391/8/4
f 2391/8/4 2375/8/4 2392/8/4
f 2377/6/4 2378/6/4 2394/6/4
f 2378/9/4 2379/9/4 2395/9/4
f 2394/6/4 2378/6/4 2395/6/4
f 2395/9/4 2379/9/4 2396/9/4
f 2396/9/4 2379/9/4 2397/9/4
f 2383/7/4 2384/7/4 2401/7/4
f 2401/7/4 2384/7/4 2402/7/4
f 2402/7/4 2384/7/4 2403/7/4
f 2386/7/4 2387/7/4 2404/7/4
f 2385/7/4 2386/7/4 2404/7/4
f 2404/7/4 2387/7/4 2405/7/4
f 2397/9/4 2398/9/4 2409/9/4
f 2396/9/4 2397/9/4 2409/9/4
f 2409/9/4 2398/9/4 2410/9/4
f 2410/9/4 2398/9/4 2411/9/4
f 2399/9/4 2400/9/4 2413/9/4
f 2402/7/4 2403/7/4 2414/7/4
f 2403/7/4 2404/7/4 2414/7/4
f 2414/7/4 2404/7/4 2415/7/4
f 2407/8/4 2408/8/4 2416/8/4
f 2406/8/4 2407/8/4 2416/8/4
f 2416/8/4 2408/8/4 2417/8/4
f 2417/8/4 2408/8/4 2418/8/4
f 2392/14/4 2393/14/4 2420/14/4
f 2420/14/4 2393/14/4 2421/14/4
f 2411/9/4 2412/9/4 2422/9/4
f 2410/9/4 2411/9/4 2422/9/4
f 2422/9/4 2412/9/4 2423/9/4
f 2399/9/4 2413/9/4 2424/9/4
f 2413/7/4 2414/7/4 2425/7/4
f 2424/9/4 2413/9/4 2425/9/4
f 2425/7/4 2414/7/4 2426/7/4
f 2418/8/4 2419/8/4 2427/8/4
f 2417/8/4 2418/8/4 2427/8/4
f 2419/14/4 2420/14/4 2428/14/4
f 2427/8/4 2419/8/4 2428/8/4
f 2428/14/4 2420/14/4 2429/14/4
f 2424/9/4 2425/9/4 2430/9/4
f 2423/9/4 2424/9/4 2430/9/4
f 2430/9/4 2425/9/4 2431/9/4
f 2432/8/4 2433/8/4 2437/8/4
f 2434/9/4 2435/9/4 2439/9/4
f 2436/8/4 2437/8/4 2440/8/4
f 2437/8/4 2433/8/4 2441/8/4
f 2440/8/4 2437/8/4 2441/8/4
f 2441/8/4 2433/8/4 2442/8/4
f 2442/8/4 2433/8/4 2443/8/4
f 2438/9/4 2439/9/4 2445/9/4
f 2439/9/4 2435/9/4 2446/9/4
f 2445/9/4 2439/9/4 2446/9/4
f 2441/8/4 2442/8/4 2450/8/4
f 2450/8/4 2442/8/4 2451/8/4
f 2444/9/4 2445/9/4 2453/9/4
f 2445/9/4 2446/9/4 2453/9/4
f 2453/9/4 2446/9/4 2454/9/4
f 2446/7/4 2447/7/4 2455/7/4
f 2454/9/4 2446/9/4 2455/9/4
f 2455/7/4 2447/7/4 2456/7/4
f 2456/7/4 2447/7/4 2457/7/4
f 2448/7/4 2449/7/4 2458/7/4
f 2458/7/4 2449/7/4 2459/7/4
f 2453/9/4 2454/9/4 2463/9/4
f 2452/9/4 2453/9/4 2463/9/4
f 2463/9/4 2454/9/4 2464/9/4
f 2464/9/4 2454/9/4 2465/9/4
f 2456/7/4 2457/7/4 2467/7/4
f 2459/7/4 2460/7/4 2467/7/4
f 2458/7/4 2459/7/4 2467/7/4
f 2457/7/4 2458/7/4 2467/7/4
f 2467/7/4 2460/7/4 2468/7/4
f 2468/7/4 2460/7/4 2469/7/4
f 2469/7/4 2460/7/4 2470/7/4
f 2470/7/4 2460/7/4 2471/7/4
f 2461/8/4 2462/8/4 2473/8/4
f 2473/8/4 2462/8/4 2474/8/4
f 2465/9/4 2466/9/4 2476/9/4
f 2464/9/4 2465/9/4 2476/9/4
f 2476/9/4 2466/9/4 2477/9/4
f 2466/7/4 2467/7/4 2478/7/4
f 2477/9/4 2466/9/4 2478/9/4
f 2467/7/4 2468/7/4 2478/7/4
f 2478/7/4 2468/7/4 2479/7/4
f 2469/7/4 2470/7/4 2480/7/4
f 2480/7/4 2470/7/4 2481/7/4
f 2474/8/4 2475/8/4 2482/8/4
f 2473/8/4 2474/8/4 2482/8/4
f 2472/8/4 2473/8/4 2482/8/4
f 2482/8/4 2475/8/4 2483/8/4
f 2477/9/4 2478/9/4 2484/9/4
f 2484/9/4 2478/9/4 2485/9/4
f 2483/8/4 2475/8/4 2486/8/4
f 2486/8/4 2475/8/4 2487/8/4
f 2485/9/4 2478/9/4 2488/9/4
f 2488/9/4 2478/9/4 2489/9/4
f 2495/14/5 2491/14/5 2490/14/5
f 2496/14/5 2491/14/5 2495/14/5
f 2499/14/5 2493/14/5 2492/14/5
f 2500/14/5 2493/14/5 2499/14/5
f 2502/14/5 2497/14/5 2496/14/5
f 2502/14/5 2495/14/5 2494/14/5
f 2502/14/5 2496/14/5 2495/14/5
f 2503/14/5 2497/14/5 2502/14/5
f 2504/14/5 2497/14/5 2503/14/5
f 2505/14/5 2497/14/5 2504/14/5
f 2506/14/5 2501/14/5 2500/14/5
f 2506/14/5 2500/14/5 2499/14/5
f 2506/14/5 2499/14/5 2498/14/5
f 2507/14/5 2501/14/5 2506/14/5
f 2508/14/5 2501/14/5 2507/14/5
f 2509/14/5 2501/14/5 2508/14/5
f 2510/14/5 2504/14/5 2503/14/5
f 2511/14/5 2504/14/5 2510/14/5
f 2512/14/5 2508/14/5 2507/14/5
f 2513/14/5 2508/14/5 2512/14/5
f 2522/8/5 2515/8/5 2514/8/5
f 2523/8/5 2515/8/5 2522/8/5
f 2524/8/5 2517/8/5 2516/8/5
f 2525/8/5 2517/8/5 2524/8/5
f 2526/8/5 2519/8/5 2518/8/5
f 2527/8/5 2519/8/5 2526/8/5
f 2528/8/5 2521/8/5 2520/8/5
f 2529/8/5 2521/8/5 2528/8/5
f 2535/8/5 2531/8/5 2530/8/5
f 2536/8/5 2531/8/5 2535/8/5
f 2539/8/5 2533/8/5 2532/8/5
f 2540/8/5 2533/8/5 2539/8/5
f 2542/8/5 2535/8/5 2534/8/5
f 2543/8/5 2535/8/5 2542/8/5
f 2544/8/5 2537/8/5 2536/8/5
f 2545/8/5 2537/8/5 2544/8/5
f 2546/8/5 2539/8/5 2538/8/5
f 2547/8/5 2539/8/5 2546/8/5
f 2548/8/5 2541/8/5 2540/8/5
f 2549/8/5 2541/8/5 2548/8/5
f 2558/8/5 2551/8/5 2550/8/5
f 2559/8/5 2551/8/5 2558/8/5
f 2561/8/5 2555/8/5 2554/8/5
f 2562/8/5 2555/8/5 2561/8/5
f 2563/8/5 2557/8/5 2556/8/5
f 2564/8/5 2557/8/5 2563/8/5
f 2566/8/5 2553/8/5 2552/8/5
f 2567/8/5 2553/8/5 2566/8/5
f 2568/8/5 2560/8/5 2559/8/5
f 2569/8/5 2560/8/5 2568/8/5
f 2570/8/5 2566/8/5 2565/8/5
f 2571/8/5 2566/8/5 2570/8/5
f 2576/8/5 2573/8/5 2572/8/5
f 2577/8/5 2573/8/5 2576/8/5
f 2578/8/5 2575/8/5 2574/8/5
f 2579/8/5 2575/8/5 2578/8/5
f 2584/8/5 2581/8/5 2580/8/5
f 2585/8/5 2581/8/5 2584/8/5
f 2586/8/5 2583/8/5 2582/8/5
f 2587/8/5 2583/8/5 2586/8/5
f 2593/8/5 2589/8/5 2588/8/5
f 2594/8/5 2589/8/5 2593/8/5
f 2595/8/5 2591/8/5 2590/8/5
f 2596/8/5 2591/8/5 2595/8/5
f 2598/8/5 2593/8/5 2592/8/5
f 2599/8/5 2593/8/5 2598/8/5
f 2600/8/5 2597/8/5 2596/8/5
f 2601/8/5 2597/8/5 2600/8/5
f 2606/8/5 2603/8/5 2602/8/5
f 2607/8/5 2603/8/5 2606/8/5
f 2610/8/5 2605/8/5 2604/8/5
f 2611/8/5 2605/8/5 2610/8/5
f 2612/8/5 2608/8/5 2607/8/5
f 2613/8/5 2608/8/5 2612/8/5
f 2614/8/5 2610/8/5 2609/8/5
f 2615/8/5 2610/8/5 2614/8/5
f 2624/8/5 2617/8/5 2616/8/5
f 2625/8/5 2617/8/5 2624/8/5
f 2626/8/5 2619/8/5 2618/8/5
f 2627/8/5 2619/8/5 2626/8/5
f 2628/8/5 2619/8/5 2627/8/5
f 2629/8/5 2621/8/5 2620/8/5
f 2630/8/5 2621/8/5 2629/8/5
f 2631/8/5 2621/8/5 2630/8/5
f 2632/8/5 2623/8/5 2622/8/5
f 2633/8/5 2623/8/5 2632/8/5
f 2634/8/5 2627/8/5 2626/8/5
f 2635/8/5 2627/8/5 2634/8/5
f 2636/8/5 2631/8/5 2630/8/5
f 2637/8/5 2631/8/5 2636/8/5
f 2643/8/5 2639/8/5 2638/8/5
f 2644/8/5 2639/8/5 2643/8/5
f 2645/8/5 2641/8/5 2640/8/5
f 2646/8/5 2641/8/5 2645/8/5
f 2648/8/5 2643/8/5 2642/8/5
f 2649/8/5 2643/8/5 2648/8/5
f 2652/8/5 2647/8/5 2646/8/5
f 2653/8/5 2647/8/5 2652/8/5
f 2658/1/5 2655/1/5 2654/1/5
f 2659/1/5 2655/1/5 2658/1/5
f 2660/1/5 2657/1/5 2656/1/5
f 2661/1/5 2657/1/5 2660/1/5
f 2665/8/5 2651/8/5 2650/8/5
f 2666/8/5 2651/8/5 2665/8/5
f 2670/8/5 2663/8/5 2662/8/5
f 2671/8/5 2663/8/5 2670/8/5
f 2672/8/5 2665/8/5 2664/8/5
f 2673/8/5 2665/8/5 2672/8/5
f 2674/8/5 2667/8/5 2666/8/5
f 2675/8/5 2667/8/5 2674/8/5
f 2676/8/5 2669/8/5 2668/8/5
f 2677/8/5 2669/8/5 2676/8/5
f 2682/8/5 2679/8/5 2678/8/5
f 2683/8/5 2679/8/5 2682/8/5
f 2686/1/5 2681/1/5 2680/1/5
f 2687/1/5 2681/1/5 2686/1/5
f 2688/1/5 2685/1/5 2684/1/5
f 2689/1/5 2685/1/5 2688/1/5
f 2697/13/5 2691/13/5 2690/13/5
f 2698/4/5 2692/4/5 2691/4/5
f 2698/13/5 2691/13/5 2697/13/5
f 2699/2/5 2693/2/5 2692/2/5
f 2699/4/5 2692/4/5 2698/4/5
f 2700/13/5 2694/13/5 2693/13/5
f 2700/2/5 2693/2/5 2699/2/5
f 2701/13/5 2694/13/5 2700/13/5
f 2704/1/5 2696/1/5 2695/1/5
f 2705/1/5 2696/1/5 2704/1/5
f 2706/1/5 2703/1/5 2702/1/5
f 2707/1/5 2703/1/5 2706/1/5
f 2712/1/5 2709/1/5 2708/1/5
f 2713/1/5 2709/1/5 2712/1/5
f 2716/1/5 2711/1/5 2710/1/5
f 2717/1/5 2711/1/5 2716/1/5
f 2718/1/5 2714/1/5 2713/1/5
f 2719/1/5 2714/1/5 2718/1/5
f 2720/1/5 2716/1/5 2715/1/5
f 2721/1/5 2716/1/5 2720/1/5
f 2726/1/5 2723/1/5 2722/1/5
f 2727/1/5 2723/1/5 2726/1/5
f 2730/1/5 2725/1/5 2724/1/5
f 2731/1/5 2725/1/5 2730/1/5
f 2732/1/5 2728/1/5 2727/1/5
f 2733/1/5 2728/1/5 2732/1/5
f 2734/1/5 2730/1/5 2729/1/5
f 2735/1/5 2730/1/5 2734/1/5
f 2740/6/5 2737/6/5 2736/6/5
f 2741/6/5 2737/6/5 2740/6/5
f 2742/6/5 2739/6/5 2738/6/5
f 2743/6/5 2739/6/5 2742/6/5
f 2746/14/5 2745/14/5 2744/14/5
f 2747/14/5 2745/14/5 2746/14/5
f 2752/9/5 2749/9/5 2748/9/5
f 2753/9/5 2749/9/5 2752/9/5
f 2754/9/5 2751/9/5 2750/9/5
f 2755/9/5 2751/9/5 2754/9/5
f 2760/6/5 2757/6/5 2756/6/5
f 2761/6/5 2757/6/5 2760/6/5
f 2762/6/5 2759/6/5 2758/6/5
f 2763/6/5 2759/6/5 2762/6/5
f 2772/9/5 2765/9/5 2764/9/5
f 2773/9/5 2765/9/5 2772/9/5
f 2774/9/5 2767/9/5 2766/9/5
f 2775/9/5 2767/9/5 2774/9/5
f 2776/9/5 2769/9/5 2768/9/5
f 2777/9/5 2769/9/5 2776/9/5
f 2778/9/5 2771/9/5 2770/9/5
f 2779/9/5 2771/9/5 2778/9/5
f 2782/9/5 2781/9/5 2780/9/5
f 2783/9/5 2781/9/5 2782/9/5
f 2788/9/5 2785/9/5 2784/9/5
f 2789/9/5 2785/9/5 2788/9/5
f 2790/9/5 2787/9/5 2786/9/5
f 2791/9/5 2787/9/5 2790/9/5
f 2796/9/5 2793/9/5 2792/9/5
f 2797/9/5 2793/9/5 2796/9/5
f 2798/9/5 2795/9/5 2794/9/5
f 2799/9/5 2795/9/5 2798/9/5
f 2806/9/5 2803/9/5 2802/9/5
f 2807/9/5 2803/9/5 2806/9/5
f 2808/9/5 2801/9/5 2800/9/5
f 2809/9/5 2801/9/5 2808/9/5
f 2810/9/5 2805/9/5 2804/9/5
f 2811/9/5 2805/9/5 2810/9/5
f 2816/9/5 2813/9/5 2812/9/5
f 2817/9/5 2813/9/5 2816/9/5
f 2818/9/5 2815/9/5 2814/9/5
f 2819/9/5 2815/9/5 2818/9/5
f 2823/9/5 2821/9/5 2820/9/5
f 2824/9/5 2821/9/5 2823/9/5
f 2826/9/5 2823/9/5 2822/9/5
f 2827/9/5 2823/9/5 2826/9/5
f 2828/9/5 2825/9/5 2824/9/5
f 2829/9/5 2825/9/5 2828/9/5
f 2832/9/5 2831/9/5 2830/9/5
f 2834/9/5 2832/9/5 2830/9/5
f 2834/9/5 2833/9/5 2832/9/5
f 2835/9/5 2833/9/5 2834/9/5
f 2839/9/5 2834/9/5 2830/9/5
f 2840/9/5 2834/9/5 2839/9/5
f 2841/9/5 2837/9/5 2836/9/5
f 2842/9/5 2837/9/5 2841/9/5
f 2843/9/5 2839/9/5 2838/9/5
f 2844/9/5 2839/9/5 2843/9/5
f 2850/9/5 2846/9/5 2845/9/5
f 2851/9/5 2846/9/5 2850/9/5
f 2852/9/5 2848/9/5 2847/9/5
f 2853/9/5 2848/9/5 2852/9/5
f 2859/9/5 2856/9/5 2855/9/5
f 2860/9/5 2856/9/5 2859/9/5
f 2861/9/5 2850/9/5 2849/9/5
f 2862/9/5 2850/9/5 2861/9/5
f 2863/9/5 2854/9/5 2853/9/5
f 2864/9/5 2854/9/5 2863/9/5
f 2865/9/5 2858/9/5 2857/9/5
f 2866/9/5 2858/9/5 2865/9/5
f 2867/9/5 2865/9/5 2864/9/5
f 2868/9/5 2865/9/5 2867/9/5
f 2869/9/5 2861/9/5 2860/9/5
f 2870/9/5 2861/9/5 2869/9/5
f 2875/9/5 2872/9/5 2871/9/5
f 2876/9/5 2872/9/5 2875/9/5
f 2877/9/5 2874/9/5 2873/9/5
f 2878/9/5 2874/9/5 2877/9/5
f 2883/9/5 2880/9/5 2879/9/5
f 2884/9/5 2880/9/5 2883/9/5
f 2887/9/5 2882/9/5 2881/9/5
f 2888/9/5 2882/9/5 2887/9/5
f 2889/9/5 2885/9/5 2884/9/5
f 2890/9/5 2885/9/5 2889/9/5
f 2891/9/5 2887/9/5 2886/9/5
f 2892/9/5 2887/9/5 2891/9/5
f 2897/9/5 2894/9/5 2893/9/5
f 2898/9/5 2894/9/5 2897/9/5
f 2901/9/5 2896/9/5 2895/9/5
f 2902/9/5 2896/9/5 2901/9/5
f 2903/9/5 2899/9/5 2898/9/5
f 2904/9/5 2899/9/5 2903/9/5
f 2907/9/5 2901/9/5 2900/9/5
f 2908/9/5 2901/9/5 2907/9/5
f 2909/9/5 2905/9/5 2904/9/5
f 2910/9/5 2905/9/5 2909/9/5
f 2911/9/5 2907/9/5 2906/9/5
f 2912/9/5 2907/9/5 2911/9/5
f 2917/9/5 2914/9/5 2913/9/5
f 2918/9/5 2914/9/5 2917/9/5
f 2919/9/5 2916/9/5 2915/9/5
f 2920/9/5 2916/9/5 2919/9/5
f 2923/7/5 2922/7/5 2921/7/5
f 2924/7/5 2922/7/5 2923/7/5
f 2929/7/5 2926/7/5 2925/7/5
f 2930/7/5 2928/7/5 2927/7/5
f 2931/7/5 2929/7/5 2925/7/5
f 2932/7/5 2929/7/5 2931/7/5
f 2933/7/5 2928/7/5 2930/7/5
f 2934/7/5 2928/7/5 2933/7/5
f 2939/7/5 2936/7/5 2935/7/5
f 2940/7/5 2936/7/5 2939/7/5
f 2943/7/5 2938/7/5 2937/7/5
f 2944/7/5 2938/7/5 2943/7/5
f 2947/1/5 2942/1/5 2941/1/5
f 2948/1/5 2942/1/5 2947/1/5
f 2951/7/5 2946/7/5 2945/7/5
f 2952/7/5 2946/7/5 2951/7/5
f 2953/7/5 2950/7/5 2949/7/5
f 2954/7/5 2950/7/5 2953/7/5
f 2959/7/5 2956/7/5 2955/7/5
f 2960/7/5 2956/7/5 2959/7/5
f 2961/7/5 2958/7/5 2957/7/5
f 2962/7/5 2958/7/5 2961/7/5
f 2967/7/5 2964/7/5 2963/7/5
f 2968/7/5 2964/7/5 2967/7/5
f 2969/7/5 2966/7/5 2965/7/5
f 2970/7/5 2966/7/5 2969/7/5
f 2977/7/5 2972/7/5 2971/7/5
f 2978/1/5 2973/1/5 2972/1/5
f 2978/7/5 2972/7/5 2977/7/5
f 2979/7/5 2976/7/5 2975/7/5
f 2979/1/5 2975/1/5 2974/1/5
f 2980/7/5 2976/7/5 2979/7/5
f 2981/1/5 2973/1/5 2978/1/5
f 2982/1/5 2973/1/5 2981/1/5
f 2983/1/5 2979/1/5 2974/1/5
f 2984/1/5 2979/1/5 2983/1/5
f 2985/7/5 2982/7/5 2981/7/5
f 2986/7/5 2984/7/5 2983/7/5
f 2987/7/5 2985/7/5 2981/7/5
f 2988/7/5 2985/7/5 2987/7/5
f 2991/7/5 2984/7/5 2986/7/5
f 2992/7/5 2984/7/5 2991/7/5
f 2993/7/5 2989/7/5 2988/7/5
f 2993/7/5 2988/7/5 2987/7/5
f 2994/7/5 2989/7/5 2993/7/5
f 2995/7/5 2992/7/5 2991/7/5
f 2995/7/5 2991/7/5 2990/7/5
f 2996/7/5 2992/7/5 2995/7/5
f 2997/12/5 2995/12/5 2994/12/5
f 2998/12/5 2995/12/5 2997/12/5
f 3003/7/5 3000/7/5 2999/7/5
f 3004/7/5 3002/7/5 3001/7/5
f 3005/7/5 3000/7/5 3003/7/5
f 3006/7/5 3000/7/5 3005/7/5
f 3007/7/5 3004/7/5 3001/7/5
f 3008/7/5 3004/7/5 3007/7/5
f 3013/7/5 3010/7/5 3009/7/5
f 3014/7/5 3010/7/5 3013/7/5
f 3015/7/5 3012/7/5 3011/7/5
f 3016/7/5 3012/7/5 3015/7/5
f 3021/1/5 3018/1/5 3017/1/5
f 3022/1/5 3018/1/5 3021/1/5
f 3025/1/5 3020/1/5 3019/1/5
f 3026/1/5 3024/1/5 3023/1/5
f 3027/1/5 3025/1/5 3019/1/5
f 3028/1/5 3025/1/5 3027/1/5
f 3029/1/5 3024/1/5 3026/1/5
f 3030/1/5 3024/1/5 3029/1/5
f 3035/7/5 3032/7/5 3031/7/5
f 3036/7/5 3032/7/5 3035/7/5
f 3037/7/5 3034/7/5 3033/7/5
f 3038/7/5 3034/7/5 3037/7/5
f 3043/7/5 3040/7/5 3039/7/5
f 3044/7/5 3040/7/5 3043/7/5
f 3045/7/5 3042/7/5 3041/7/5
f 3046/7/5 3042/7/5 3045/7/5
f 3051/7/5 3048/7/5 3047/7/5
f 3052/7/5 3048/7/5 3051/7/5
f 3053/7/5 3050/7/5 3049/7/5
f 3054/7/5 3050/7/5 3053/7/5
f 3057/7/5 3056/7/5 3055/7/5
f 3058/7/5 3056/7/5 3057/7/5
f 3059/14/6 3060/14/6 3064/14/6
f 3064/14/6 3060/14/6 3065/14/6
f 3061/14/6 3062/14/6 3068/14/6
f 3068/14/6 3062/14/6 3069/14/6
f 3063/14/6 3064/14/6 3071/14/6
f 3071/14/6 3064/14/6 3072/14/6
f 3065/14/6 3066/14/6 3073/14/6
f 3073/14/6 3066/14/6 3074/14/6
f 3067/14/6 3068/14/6 3075/14/6
f 3075/14/6 3068/14/6 3076/14/6
f 3069/14/6 3070/14/6 3077/14/6
f 3077/14/6 3070/14/6 3078/14/6
f 3079/13/6 3080/13/6 3084/13/6
f 3084/13/6 3080/13/6 3085/13/6
f 3081/13/6 3082/13/6 3088/13/6
f 3088/13/6 3082/13/6 3089/13/6
f 3083/14/6 3084/14/6 3091/14/6
f 3084/13/6 3085/13/6 3092/13/6
f 3091/14/6 3084/14/6 3092/14/6
f 3085/14/6 3086/14/6 3093/14/6
f 3092/13/6 3085/13/6 3093/13/6
f 3093/14/6 3086/14/6 3094/14/6
f 3087/14/6 3088/14/6 3095/14/6
f 3088/13/6 3089/13/6 3096/13/6
f 3095/14/6 3088/14/6 3096/14/6
f 3089/14/6 3090/14/6 3097/14/6
f 3096/13/6 3089/13/6 3097/13/6
f 3097/14/6 3090/14/6 3098/14/6
f 3091/13/6 3092/13/6 3099/13/6
f 3099/13/6 3092/13/6 3100/13/6
f 3093/13/6 3094/13/6 3101/13/6
f 3101/13/6 3094/13/6 3102/13/6
f 3095/13/6 3096/13/6 3103/13/6
f 3103/13/6 3096/13/6 3104/13/6
f 3097/13/6 3098/13/6 3105/13/6
f 3105/13/6 3098/13/6 3106/13/6
f 3107/14/6 3108/14/6 3112/14/6
f 3112/14/6 3108/14/6 3113/14/6
f 3109/14/6 3110/14/6 3116/14/6
f 3116/14/6 3110/14/6 3117/14/6
f 3111/13/6 3112/13/6 3119/13/6
f 3119/13/6 3112/13/6 3120/13/6
f 3113/13/6 3114/13/6 3121/13/6
f 3121/13/6 3114/13/6 3122/13/6
f 3115/13/6 3116/13/6 3123/13/6
f 3123/13/6 3116/13/6 3124/13/6
f 3117/13/6 3118/13/6 3125/13/6
f 3125/13/6 3118/13/6 3126/13/6
f 3127/8/6 3128/8/6 3131/8/6
f 3131/8/6 3128/8/6 3132/8/6
f 3129/8/6 3130/8/6 3133/8/6
f 3133/8/6 3130/8/6 3134/8/6
f 3135/8/6 3136/8/6 3139/8/6
f 3139/8/6 3136/8/6 3140/8/6
f 3137/8/6 3138/8/6 3143/8/6
f 3143/8/6 3138/8/6 3144/8/6
f 3140/8/6 3141/8/6 3145/8/6
f 3145/8/6 3141/8/6 3146/8/6
f 3142/8/6 3143/8/6 3147/8/6
f 3147/8/6 3143/8/6 3148/8/6
f 3149/8/6 3150/8/6 3153/8/6
f 3153/8/6 3150/8/6 3154/8/6
f 3151/8/6 3152/8/6 3155/8/6
f 3155/8/6 3152/8/6 3156/8/6
f 3157/8/6 3158/8/6 3161/8/6
f 3161/8/6 3158/8/6 3162/8/6
f 3159/8/6 3160/8/6 3163/8/6
f 3163/8/6 3160/8/6 3164/8/6
f 3165/8/6 3166/8/6 3169/8/6
f 3169/8/6 3166/8/6 3170/8/6
f 3167/8/6 3168/8/6 3171/8/6
f 3171/8/6 3168/8/6 3172/8/6
f 3173/8/6 3174/8/6 3176/8/6
f 3176/8/6 3174/8/6 3177/8/6
f 3175/8/6 3176/8/6 3179/8/6
f 3179/8/6 3176/8/6 3180/8/6
f 3177/8/6 3178/8/6 3181/8/6
f 3181/8/6 3178/8/6 3182/8/6
f 3183/14/6 3184/14/6 3187/14/6
f 3187/14/6 3184/14/6 3188/14/6
f 3185/14/6 3186/14/6 3191/14/6
f 3191/14/6 3186/14/6 3192/14/6
f 3188/14/6 3189/14/6 3197/14/6
f 3197/14/6 3189/14/6 3198/14/6
f 3193/8/6 3194/8/6 3199/8/6
f 3199/8/6 3194/8/6 3200/8/6
f 3195/8/6 3196/8/6 3201/8/6
f 3201/8/6 3196/8/6 3202/8/6
f 3190/14/6 3191/14/6 3203/14/6
f 3203/14/6 3191/14/6 3204/14/6
f 3198/8/6 3199/8/6 3205/8/6
f 3205/8/6 3199/8/6 3206/8/6
f 3202/8/6 3203/8/6 3207/8/6
f 3207/8/6 3203/8/6 3208/8/6
f 3209/14/6 3210/14/6 3218/14/6
f 3210/13/6 3211/13/6 3219/13/6
f 3218/14/6 3210/14/6 3219/14/6
f 3219/13/6 3211/13/6 3220/13/6
f 3212/13/6 3213/13/6 3221/13/6
f 3213/14/6 3214/14/6 3222/14/6
f 3221/13/6 3213/13/6 3222/13/6
f 3222/14/6 3214/14/6 3223/14/6
f 3215/1/6 3216/1/6 3227/1/6
f 3227/1/6 3216/1/6 3228/1/6
f 3217/14/6 3218/14/6 3229/14/6
f 3229/14/6 3218/14/6 3230/14/6
f 3223/14/6 3224/14/6 3231/14/6
f 3231/14/6 3224/14/6 3232/14/6
f 3225/1/6 3226/1/6 3233/1/6
f 3233/1/6 3226/1/6 3234/1/6
f 3235/14/6 3236/14/6 3241/14/6
f 3236/14/6 3237/14/6 3241/14/6
f 3241/14/6 3237/14/6 3242/14/6
f 3239/14/6 3240/14/6 3243/14/6
f 3238/14/6 3239/14/6 3243/14/6
f 3243/14/6 3240/14/6 3244/14/6
f 3245/6/6 3246/6/6 3249/6/6
f 3249/6/6 3246/6/6 3250/6/6
f 3247/6/6 3248/6/6 3251/6/6
f 3251/6/6 3248/6/6 3252/6/6
f 3253/9/6 3254/9/6 3257/9/6
f 3257/9/6 3254/9/6 3258/9/6
f 3255/9/6 3256/9/6 3259/9/6
f 3259/9/6 3256/9/6 3260/9/6
f 3261/9/6 3262/9/6 3267/9/6
f 3267/9/6 3262/9/6 3268/9/6
f 3263/9/6 3264/9/6 3269/9/6
f 3269/9/6 3264/9/6 3270/9/6
f 3265/9/6 3266/9/6 3273/9/6
f 3273/9/6 3266/9/6 3274/9/6
f 3271/9/6 3272/9/6 3275/9/6
f 3275/9/6 3272/9/6 3276/9/6
f 3277/9/6 3278/9/6 3283/9/6
f 3283/9/6 3278/9/6 3284/9/6
f 3279/9/6 3280/9/6 3285/9/6
f 3285/9/6 3280/9/6 3286/9/6
f 3281/9/6 3282/9/6 3289/9/6
f 3289/9/6 3282/9/6 3290/9/6
f 3287/9/6 3288/9/6 3291/9/6
f 3291/9/6 3288/9/6 3292/9/6
f 3293/9/6 3294/9/6 3295/9/6
f 3295/9/6 3294/9/6 3296/9/6
f 3297/9/6 3298/9/6 3299/9/6
f 3299/9/6 3298/9/6 3300/9/6
f 3301/9/6 3302/9/6 3307/9/6
f 3307/9/6 3302/9/6 3308/9/6
f 3303/9/6 3304/9/6 3309/9/6
f 3309/9/6 3304/9/6 3310/9/6
f 3305/9/6 3306/9/6 3314/9/6
f 3311/9/6 3312/9/6 3315/9/6
f 3313/9/6 3314/9/6 3317/9/6
f 3314/9/6 3306/9/6 3318/9/6
f 3317/9/6 3314/9/6 3318/9/6
f 3315/9/6 3316/9/6 3319/9/6
f 3311/9/6 3315/9/6 3319/9/6
f 3319/9/6 3316/9/6 3320/9/6
f 3321/9/6 3322/9/6 3326/9/6
f 3326/9/6 3322/9/6 3327/9/6
f 3323/9/6 3324/9/6 3328/9/6
f 3328/9/6 3324/9/6 3329/9/6
f 3325/9/6 3326/9/6 3330/9/6
f 3330/9/6 3326/9/6 3331/9/6
f 3332/9/6 3333/9/6 3338/9/6
f 3338/9/6 3333/9/6 3339/9/6
f 3334/9/6 3335/9/6 3340/9/6
f 3340/9/6 3335/9/6 3341/9/6
f 3336/9/6 3337/9/6 3345/9/6
f 3345/9/6 3337/9/6 3346/9/6
f 3342/9/6 3343/9/6 3347/9/6
f 3347/9/6 3343/9/6 3348/9/6
f 3344/9/6 3345/9/6 3351/9/6
f 3351/9/6 3345/9/6 3352/9/6
f 3348/9/6 3349/9/6 3353/9/6
f 3353/9/6 3349/9/6 3354/9/6
f 3350/9/6 3351/9/6 3355/9/6
f 3355/9/6 3351/9/6 3356/9/6
f 3357/9/6 3358/9/6 3361/9/6
f 3361/9/6 3358/9/6 3362/9/6
f 3359/9/6 3360/9/6 3363/9/6
f 3363/9/6 3360/9/6 3364/9/6
f 3365/9/6 3366/9/6 3373/9/6
f 3373/9/6 3366/9/6 3374/9/6
f 3367/9/6 3368/9/6 3375/9/6
f 3375/9/6 3368/9/6 3376/9/6
f 3369/9/6 3370/9/6 3377/9/6
f 3377/9/6 3370/9/6 3378/9/6
f 3371/9/6 3372/9/6 3379/9/6
f 3379/9/6 3372/9/6 3380/9/6
f 3381/9/6 3382/9/6 3387/9/6
f 3387/9/6 3382/9/6 3388/9/6
f 3383/9/6 3384/9/6 3389/9/6
f 3389/9/6 3384/9/6 3390/9/6
f 3385/9/6 3386/9/6 3393/9/6
f 3393/9/6 3386/9/6 3394/9/6
f 3391/9/6 3392/9/6 3397/9/6
f 3397/9/6 3392/9/6 3398/9/6
f 3394/9/6 3395/9/6 3399/9/6
f 3399/9/6 3395/9/6 3400/9/6
f 3396/9/6 3397/9/6 3409/9/6
f 3409/9/6 3397/9/6 3410/9/6
f 3401/9/6 3402/9/6 3411/9/6
f 3411/9/6 3402/9/6 3412/9/6
f 3403/9/6 3404/9/6 3413/9/6
f 3413/9/6 3404/9/6 3414/9/6
f 3405/9/6 3406/9/6 3415/9/6
f 3415/9/6 3406/9/6 3416/9/6
f 3407/9/6 3408/9/6 3417/9/6
f 3417/9/6 3408/9/6 3418/9/6
f 3419/6/6 3420/6/6 3423/6/6
f 3423/6/6 3420/6/6 3424/6/6
f 3421/9/6 3422/9/6 3427/9/6
f 3422/6/6 3423/6/6 3428/6/6
f 3427/9/6 3422/9/6 3428/9/6
f 3428/6/6 3423/6/6 3429/6/6
f 3424/6/6 3425/6/6 3430/6/6
f 3425/9/6 3426/9/6 3431/9/6
f 3430/6/6 3425/6/6 3431/6/6
f 3431/9/6 3426/9/6 3432/9/6
f 3421/9/6 3427/9/6 3434/9/6
f 3427/6/6 3428/6/6 3435/6/6
f 3431/6/6 3432/6/6 3438/6/6
f 3432/9/6 3426/9/6 3439/9/6
f 3433/9/6 3434/9/6 3441/9/6
f 3441/9/6 3434/9/6 3442/9/6
f 3435/6/6 3436/6/6 3443/6/6
f 3442/9/6 3434/9/6 3443/9/6
f 3434/9/6 3427/9/6 3443/9/6
f 3427/6/6 3435/6/6 3443/6/6
f 3443/6/6 3436/6/6 3444/6/6
f 3444/6/6 3436/6/6 3445/6/6
f 3437/6/6 3438/6/6 3446/6/6
f 3438/6/6 3432/6/6 3447/6/6
f 3446/6/6 3438/6/6 3447/6/6
f 3439/9/6 3440/9/6 3448/9/6
f 3447/6/6 3432/6/6 3448/6/6
f 3432/9/6 3439/9/6 3448/9/6
f 3448/9/6 3440/9/6 3449/9/6
f 3449/9/6 3440/9/6 3450/9/6
f 3442/9/6 3443/9/6 3451/9/6
f 3451/9/6 3443/9/6 3452/9/6
f 3444/9/6 3445/9/6 3453/9/6
f 3453/9/6 3445/9/6 3454/9/6
f 3446/9/6 3447/9/6 3455/9/6
f 3455/9/6 3447/9/6 3456/9/6
f 3448/9/6 3449/9/6 3457/9/6
f 3457/9/6 3449/9/6 3458/9/6
f 3459/7/6 3460/7/6 3463/7/6
f 3463/7/6 3460/7/6 3464/7/6
f 3461/7/6 3462/7/6 3465/7/6
f 3465/7/6 3462/7/6 3466/7/6
f 3467/7/6 3468/7/6 3471/7/6
f 3471/7/6 3468/7/6 3472/7/6
f 3469/7/6 3470/7/6 3473/7/6
f 3473/7/6 3470/7/6 3474/7/6
f 3475/1/6 3476/1/6 3479/1/6
f 3479/1/6 3476/1/6 3480/1/6
f 3477/1/6 3478/1/6 3481/1/6
f 3481/1/6 3478/1/6 3482/1/6
f 3483/1/6 3484/1/6 3489/1/6
f 3489/1/6 3484/1/6 3490/1/6
f 3485/1/6 3486/1/6 3491/1/6
f 3491/1/6 3486/1/6 3492/1/6
f 3487/7/6 3488/7/6 3495/7/6
f 3495/7/6 3488/7/6 3496/7/6
f 3490/12/6 3491/12/6 3497/12/6
f 3497/12/6 3491/12/6 3498/12/6
f 3493/7/6 3494/7/6 3499/7/6
f 3499/7/6 3494/7/6 3500/7/6
f 3501/7/6 3502/7/6 3505/7/6
f 3505/7/6 3502/7/6 3506/7/6
f 3503/7/6 3504/7/6 3507/7/6
f 3507/7/6 3504/7/6 3508/7/6
f 3509/7/6 3510/7/6 3513/7/6
f 3513/7/6 3510/7/6 3514/7/6
f 3511/7/6 3512/7/6 3515/7/6
f 3515/7/6 3512/7/6 3516/7/6
f 3517/1/6 3518/1/6 3519/1/6
f 3519/1/6 3518/1/6 3520/1/6
f 3521/7/6 3522/7/6 3525/7/6
f 3525/7/6 3522/7/6 3526/7/6
f 3523/7/6 3524/7/6 3527/7/6
f 3527/7/6 3524/7/6 3528/7/6
f 3529/7/6 3530/7/6 3533/7/6
f 3533/7/6 3530/7/6 3534/7/6
f 3531/7/6 3532/7/6 3535/7/6
f 3535/7/6 3532/7/6 3536/7/6
f 3537/7/6 3538/7/6 3541/7/6
f 3541/7/6 3538/7/6 3542/7/6
f 3539/7/6 3540/7/6 3543/7/6
f 3543/7/6 3540/7/6 3544/7/6
f 3545/7/6 3546/7/6 3549/7/6
f 3549/7/6 3546/7/6 3550/7/6
f 3547/7/6 3548/7/6 3553/7/6
f 3553/7/6 3548/7/6 3554/7/6
f 3550/7/6 3551/7/6 3555/7/6
f 3555/7/6 3551/7/6 3556/7/6
f 3552/7/6 3553/7/6 3559/7/6
f 3559/7/6 3553/7/6 3560/7/6
f 3556/7/6 3557/7/6 3561/7/6
f 3561/7/6 3557/7/6 3562/7/6
f 3558/7/6 3559/7/6 3563/7/6
f 3563/7/6 3559/7/6 3564/7/6
f 3565/7/6 3566/7/6 3569/7/6
f 3569/7/6 3566/7/6 3570/7/6
f 3567/7/6 3568/7/6 3571/7/6
f 3571/7/6 3568/7/6 3572/7/6
f 3573/7/6 3574/7/6 3577/7/6
f 3577/7/6 3574/7/6 3578/7/6
f 3575/7/6 3576/7/6 3579/7/6
f 3579/7/6 3576/7/6 3580/7/6
f 3581/7/6 3582/7/6 3583/7/6
f 3583/7/6 3582/7/6 3584/7/6
f 3585/7/6 3586/7/6 3590/7/6
f 3590/7/6 3586/7/6 3591/7/6
f 3587/7/6 3588/7/6 3592/7/6
f 3592/7/6 3588/7/6 3593/7/6
f 3589/7/6 3590/7/6 3595/7/6
f 3595/7/6 3590/7/6 3596/7/6
f 3593/7/6 3594/7/6 3599/7/6
f 3599/7/6 3594/7/6 3600/7/6
f 3596/7/6 3597/7/6 3601/7/6
f 3601/7/6 3597/7/6 3602/7/6
f 3598/7/6 3599/7/6 3605/7/6
f 3605/7/6 3599/7/6 3606/7/6
f 3602/7/6 3603/7/6 3607/7/6
f 3607/7/6 3603/7/6 3608/7/6
f 3604/7/6 3605/7/6 3609/7/6
f 3609/7/6 3605/7/6 3610/7/6
f 3611/7/6 3612/7/6 3614/7/6
f 3614/7/6 3612/7/6 3615/7/6
f 3613/7/6 3614/7/6 3617/7/6
f 3615/7/6 3616/7/6 3617/7/6
f 3614/7/6 3615/7/6 3617/7/6
f 3617/7/6 3616/7/6 3618/7/6
f 3613/7/6 3617/7/6 3619/7/6
f 3619/7/6 3617/7/6 3620/7/6
f 3618/7/6 3616/7/6 3621/7/6
f 3621/7/6 3616/7/6 3622/7/6
f 3613/7/6 3619/7/6 3623/7/6
f 3623/7/6 3619/7/6 3624/7/6
f 3622/7/6 3616/7/6 3627/7/6
f 3627/7/6 3616/7/6 3628/7/6
f 3624/7/6 3625/7/6 3629/7/6
f 3629/7/6 3625/7/6 3630/7/6
f 3626/7/6 3627/7/6 3631/7/6
f 3631/7/6 3627/7/6 3632/7/6
f 3630/7/6 3631/7/6 3633/7/6
f 3633/7/6 3631/7/6 3634/7/6
f 3635/7/6 3636/7/6 3638/7/6
f 3638/7/6 3636/7/6 3639/7/6
f 3637/7/6 3638/7/6 3641/7/6
f 3639/7/6 3640/7/6 3641/7/6
f 3638/7/6 3639/7/6 3641/7/6
f 3641/7/6 3640/7/6 3642/7/6
f 3642/7/6 3640/7/6 3643/7/6
f 3643/7/6 3640/7/6 3644/7/6
f 3642/7/6 3643/7/6 3645/7/6
f 3645/7/6 3643/7/6 3646/7/6
